sale_id,sale_date,store_id,product_id,customer_id,quantity,discount_pct,revenue
1,2024-10-16,4,19,13,1,0.0,132.95
2,2023-10-09,8,22,115,1,0.0,297.41
3,2023-05-23,4,1,347,1,0.1,110.15
4,2024-07-12,3,21,303,3,0.2,372.34
5,2024-03-08,2,10,16,1,0.0,142.75
6,2023-04-06,7,13,120,1,0.0,191.56
7,2024-06-01,20,17,14,4,0.2,371.14
8,2024-07-28,7,7,367,1,0.0,150.73
9,2024-10-27,18,6,215,1,0.0,132.1
10,2023-08-14,15,11,302,1,0.0,11.04
11,2023-10-12,1,9,389,2,0.0,29.72
12,2023-06-13,14,5,175,4,0.1,121.25
13,2023-10-12,5,16,111,1,0.0,99.12
14,2023-12-13,4,23,184,1,0.0,202.43
15,2023-12-19,2,11,374,1,0.0,11.04
16,2024-04-15,18,15,64,3,0.15,158.64
17,2024-01-23,3,9,283,3,0.0,44.58
18,2023-10-28,20,11,454,2,0.0,22.08
19,2024-01-06,19,25,99,3,0.0,432.09
20,2024-12-22,8,18,396,2,0.0,433.46
21,2023-10-24,3,15,438,1,0.0,62.21
22,2023-08-27,4,18,195,1,0.0,216.73
23,2023-10-12,15,18,326,1,0.0,216.73
24,2024-01-09,6,7,190,1,0.0,150.73
25,2023-12-09,3,20,312,2,0.0,352.08
26,2024-10-12,6,24,274,2,0.2,312.58
27,2023-09-08,6,1,237,1,0.0,122.39
28,2024-01-24,9,7,474,1,0.0,150.73
29,2024-10-17,18,9,113,1,0.0,14.86
30,2024-12-25,2,22,118,1,0.0,297.41
31,2023-02-02,11,8,206,1,0.0,176.75
32,2023-10-02,3,22,109,1,0.0,297.41
33,2024-08-03,11,21,109,1,0.2,124.11
34,2024-11-02,15,7,74,1,0.0,150.73
35,2023-09-29,5,9,127,1,0.0,14.86
36,2024-07-28,18,10,135,1,0.0,142.75
37,2024-08-21,14,16,460,1,0.15,84.25
38,2024-08-20,13,12,186,2,0.0,153.0
39,2023-08-13,5,19,261,2,0.0,265.9
40,2024-05-20,3,7,387,1,0.0,150.73
41,2023-02-18,4,13,79,2,0.0,383.12
42,2024-10-04,6,17,406,2,0.0,231.96
43,2024-11-27,3,19,198,2,0.0,265.9
44,2024-01-26,20,13,240,2,0.2,306.5
45,2024-06-25,9,24,498,1,0.0,195.36
46,2024-07-20,1,9,349,2,0.0,29.72
47,2023-04-28,18,25,385,2,0.0,288.06
48,2023-10-01,11,19,58,2,0.0,265.9
49,2023-10-28,14,6,81,1,0.0,132.1
50,2024-04-09,1,10,489,1,0.0,142.75
51,2023-09-27,17,22,391,1,0.0,297.41
52,2023-07-02,17,11,468,2,0.2,17.66
53,2023-04-19,10,16,431,1,0.0,99.12
54,2024-10-16,17,14,312,1,0.0,49.79
55,2023-07-23,5,6,192,1,0.2,105.68
56,2023-06-15,18,20,489,1,0.0,176.04
57,2024-06-27,1,14,307,1,0.1,44.81
58,2023-11-28,4,3,476,2,0.0,169.04
59,2024-01-07,10,17,123,3,0.0,347.94
60,2023-03-01,8,6,450,1,0.0,132.1
61,2024-08-03,3,23,44,1,0.0,202.43
62,2024-05-12,3,9,390,1,0.1,13.37
63,2024-06-29,5,10,66,2,0.0,285.5
64,2024-11-06,18,20,85,1,0.0,176.04
65,2023-09-29,17,24,447,1,0.0,195.36
66,2024-09-13,14,17,494,1,0.0,115.98
67,2023-08-05,18,4,387,3,0.0,662.01
68,2024-12-10,13,1,344,1,0.0,122.39
69,2024-10-27,12,21,225,3,0.0,465.42
70,2024-06-13,15,1,62,1,0.0,122.39
71,2023-09-11,8,11,33,1,0.0,11.04
72,2023-12-18,8,9,302,1,0.0,14.86
73,2023-08-14,1,9,37,1,0.0,14.86
74,2024-12-25,8,24,35,1,0.0,195.36
75,2023-02-02,11,9,37,2,0.0,29.72
76,2024-06-10,8,13,143,1,0.0,191.56
77,2024-11-16,18,20,68,1,0.0,176.04
78,2024-08-07,19,13,243,1,0.0,191.56
79,2023-09-06,16,17,414,2,0.0,231.96
80,2024-02-21,7,15,49,1,0.0,62.21
81,2023-04-10,14,3,182,1,0.0,84.52
82,2024-03-09,14,14,240,1,0.0,49.79
83,2023-02-25,4,6,32,1,0.0,132.1
84,2024-02-17,11,21,410,1,0.1,139.63
85,2023-04-22,8,5,99,1,0.0,33.68
86,2023-07-14,18,11,230,1,0.0,11.04
87,2023-05-24,14,10,94,1,0.15,121.34
88,2023-10-13,15,17,128,1,0.0,115.98
89,2023-03-19,15,21,414,1,0.0,155.14
90,2024-07-17,4,4,26,1,0.0,220.67
91,2024-10-29,18,24,429,2,0.0,390.72
92,2023-01-16,3,4,475,1,0.0,220.67
93,2023-08-31,6,13,209,1,0.0,191.56
94,2024-05-12,16,23,110,1,0.0,202.43
95,2024-02-15,2,1,85,1,0.1,110.15
96,2024-01-24,1,21,200,1,0.0,155.14
97,2023-09-29,15,1,147,1,0.2,97.91
98,2024-03-09,18,20,339,1,0.0,176.04
99,2024-05-13,5,14,98,4,0.0,199.16
100,2023-10-31,7,8,496,1,0.0,176.75
101,2023-03-01,19,11,377,1,0.0,11.04
102,2024-07-09,2,11,383,2,0.0,22.08
103,2023-11-19,16,10,258,1,0.0,142.75
104,2024-06-27,6,16,30,2,0.15,168.5
105,2024-06-04,3,19,436,2,0.0,265.9
106,2023-07-10,3,3,305,1,0.0,84.52
107,2023-03-11,8,3,207,1,0.0,84.52
108,2023-05-03,19,25,127,1,0.0,144.03
109,2024-08-15,20,5,21,1,0.0,33.68
110,2024-09-26,3,6,215,1,0.0,132.1
111,2024-11-04,17,7,162,4,0.0,602.92
112,2023-09-25,7,7,343,2,0.0,301.46
113,2023-11-13,5,11,344,3,0.0,33.12
114,2024-10-22,10,10,235,1,0.0,142.75
115,2023-11-20,3,20,5,1,0.1,158.44
116,2024-04-14,20,21,289,1,0.0,155.14
117,2023-04-13,3,10,276,1,0.2,114.2
118,2023-08-07,17,10,136,1,0.0,142.75
119,2023-05-16,12,14,452,1,0.0,49.79
120,2023-03-12,8,5,190,1,0.0,33.68
121,2023-10-19,6,2,225,1,0.0,14.78
122,2024-07-10,10,2,314,1,0.0,14.78
123,2024-10-31,17,11,5,1,0.0,11.04
124,2024-11-14,10,10,478,1,0.0,142.75
125,2024-11-05,9,14,60,1,0.0,49.79
126,2023-04-20,18,12,80,1,0.0,76.5
127,2023-10-06,10,1,310,4,0.0,489.56
128,2023-08-04,11,19,105,1,0.0,132.95
129,2024-12-04,9,5,259,1,0.0,33.68
130,2024-05-15,9,3,464,3,0.0,253.56
131,2023-02-22,3,8,325,1,0.1,159.08
132,2024-03-09,9,4,23,1,0.0,220.67
133,2023-01-04,11,11,395,1,0.0,11.04
134,2023-05-14,9,1,83,1,0.1,110.15
135,2024-03-28,18,17,362,1,0.0,115.98
136,2024-03-13,18,1,5,2,0.1,220.3
137,2023-04-25,3,14,484,1,0.1,44.81
138,2024-12-08,18,9,19,1,0.0,14.86
139,2024-01-14,19,8,283,1,0.1,159.08
140,2023-06-01,14,11,66,1,0.0,11.04
141,2023-02-12,10,15,187,2,0.0,124.42
142,2023-02-10,12,7,108,1,0.0,150.73
143,2024-11-04,12,4,400,1,0.0,220.67
144,2024-07-27,14,2,499,1,0.0,14.78
145,2024-09-27,5,21,474,1,0.2,124.11
146,2023-08-31,6,13,500,1,0.0,191.56
147,2023-07-01,14,9,13,1,0.0,14.86
148,2023-07-03,11,10,401,1,0.0,142.75
149,2024-02-26,8,24,137,1,0.0,195.36
150,2023-06-13,4,8,196,1,0.0,176.75
151,2023-02-09,16,22,114,1,0.0,297.41
152,2023-07-24,15,18,180,1,0.15,184.22
153,2023-11-09,8,14,115,1,0.0,49.79
154,2023-01-25,7,14,205,2,0.1,89.62
155,2023-12-03,9,6,180,1,0.0,132.1
156,2024-10-18,17,22,205,1,0.0,297.41
157,2024-11-26,18,5,170,1,0.0,33.68
158,2023-01-29,4,13,450,1,0.0,191.56
159,2023-09-25,6,12,298,1,0.15,65.02
160,2023-09-29,2,17,56,1,0.0,115.98
161,2024-09-02,14,16,177,1,0.0,99.12
162,2023-11-18,17,14,60,1,0.0,49.79
163,2024-01-30,19,5,98,1,0.1,30.31
164,2023-09-18,2,14,363,2,0.0,99.58
165,2024-03-22,1,18,267,2,0.15,368.44
166,2024-07-05,7,11,187,1,0.0,11.04
167,2024-03-17,3,16,486,2,0.0,198.24
168,2024-11-11,20,22,161,1,0.0,297.41
169,2024-11-10,10,15,260,2,0.0,124.42
170,2023-11-13,11,18,207,1,0.0,216.73
171,2024-12-05,7,17,216,1,0.0,115.98
172,2024-11-11,6,16,316,1,0.0,99.12
173,2024-08-05,10,25,208,2,0.0,288.06
174,2024-07-15,1,18,156,1,0.0,216.73
175,2023-10-21,7,5,221,1,0.0,33.68
176,2024-08-16,20,25,336,2,0.0,288.06
177,2023-11-26,15,20,346,2,0.0,352.08
178,2023-08-07,17,21,243,1,0.0,155.14
179,2023-06-23,3,4,146,1,0.0,220.67
180,2024-06-11,20,2,172,1,0.0,14.78
181,2023-04-06,8,14,345,1,0.1,44.81
182,2023-11-07,5,25,13,1,0.0,144.03
183,2023-02-17,8,14,244,1,0.0,49.79
184,2024-09-17,3,7,234,1,0.0,150.73
185,2024-02-29,19,6,100,1,0.0,132.1
186,2024-12-13,8,19,76,1,0.0,132.95
187,2024-11-02,4,20,399,1,0.1,158.44
188,2024-03-11,8,6,91,1,0.0,132.1
189,2024-12-13,2,13,286,1,0.2,153.25
190,2023-09-13,4,1,234,1,0.1,110.15
191,2023-05-17,15,8,342,2,0.0,353.5
192,2024-06-27,18,9,305,1,0.0,14.86
193,2023-11-21,15,5,314,1,0.0,33.68
194,2024-05-31,14,4,426,1,0.0,220.67
195,2024-07-15,15,16,460,1,0.0,99.12
196,2023-06-12,16,15,231,1,0.0,62.21
197,2023-09-23,8,14,431,1,0.0,49.79
198,2024-10-14,9,7,393,1,0.15,128.12
199,2024-06-17,16,2,321,1,0.0,14.78
200,2023-09-02,9,22,226,1,0.0,297.41
201,2023-03-21,10,7,121,1,0.0,150.73
202,2023-10-06,11,9,164,1,0.15,12.63
203,2024-07-07,3,14,71,1,0.0,49.79
204,2023-06-04,8,22,197,1,0.0,297.41
205,2024-12-07,3,17,213,2,0.0,231.96
206,2024-02-22,11,7,278,1,0.0,150.73
207,2024-04-22,14,16,32,1,0.0,99.12
208,2023-07-31,14,8,200,1,0.0,176.75
209,2024-08-21,1,1,439,2,0.0,244.78
210,2024-08-12,13,2,245,1,0.0,14.78
211,2023-01-07,12,1,153,2,0.0,244.78
212,2024-02-04,14,3,276,4,0.0,338.08
213,2024-07-13,20,6,460,2,0.0,264.2
214,2023-08-14,16,23,113,2,0.15,344.13
215,2023-10-07,14,3,249,1,0.2,67.62
216,2023-01-30,13,19,173,1,0.1,119.65
217,2024-11-15,13,3,371,1,0.0,84.52
218,2023-06-19,15,23,471,1,0.0,202.43
219,2023-05-11,20,13,274,1,0.0,191.56
220,2023-01-28,13,5,304,1,0.0,33.68
221,2024-07-31,1,2,43,1,0.0,14.78
222,2024-10-20,14,2,70,1,0.0,14.78
223,2024-04-17,6,9,26,2,0.0,29.72
224,2023-09-24,13,12,168,1,0.0,76.5
225,2023-08-05,15,24,168,2,0.15,332.11
226,2023-12-12,13,21,143,1,0.0,155.14
227,2024-03-07,9,16,428,2,0.0,198.24
228,2023-03-25,16,10,10,1,0.1,128.48
229,2024-07-06,2,8,488,1,0.0,176.75
230,2023-12-03,2,22,387,2,0.0,594.82
231,2023-02-01,8,9,103,1,0.0,14.86
232,2023-01-21,20,4,79,4,0.0,882.68
233,2023-09-02,5,7,243,1,0.0,150.73
234,2024-11-07,15,14,359,1,0.1,44.81
235,2023-09-20,12,20,86,2,0.1,316.87
236,2024-09-12,20,10,494,1,0.0,142.75
237,2023-04-28,6,17,494,1,0.0,115.98
238,2023-11-01,10,7,295,3,0.0,452.19
239,2024-11-24,13,7,204,2,0.15,256.24
240,2023-07-23,3,7,304,1,0.0,150.73
241,2024-12-08,8,14,53,4,0.0,199.16
242,2024-12-14,20,20,413,2,0.0,352.08
243,2023-05-04,19,1,401,2,0.0,244.78
244,2023-02-12,12,10,273,1,0.0,142.75
245,2024-03-14,12,11,36,1,0.15,9.38
246,2024-06-02,11,2,7,3,0.0,44.34
247,2024-03-06,16,13,55,1,0.0,191.56
248,2024-03-19,12,25,326,1,0.0,144.03
249,2024-04-15,5,11,223,1,0.0,11.04
250,2023-06-30,17,10,495,1,0.1,128.48
251,2024-10-28,9,10,316,1,0.0,142.75
252,2024-07-05,16,16,239,1,0.0,99.12
253,2024-03-22,19,2,138,1,0.0,14.78
254,2023-11-27,3,13,143,1,0.0,191.56
255,2024-04-06,8,17,385,1,0.0,115.98
256,2024-04-20,19,8,313,1,0.0,176.75
257,2024-11-01,16,16,436,1,0.0,99.12
258,2023-11-07,12,5,409,1,0.0,33.68
259,2023-09-22,11,8,144,2,0.0,353.5
260,2024-09-02,9,7,285,1,0.0,150.73
261,2023-01-11,17,11,486,1,0.0,11.04
262,2023-07-15,3,5,124,1,0.0,33.68
263,2024-02-21,16,20,285,3,0.0,528.12
264,2023-09-04,16,6,331,1,0.1,118.89
265,2024-12-29,1,1,48,2,0.0,244.78
266,2023-10-29,8,4,208,2,0.0,441.34
267,2024-12-22,19,19,189,2,0.1,239.31
268,2024-04-29,18,7,272,2,0.0,301.46
269,2023-12-19,18,5,170,1,0.0,33.68
270,2023-12-27,9,25,157,1,0.0,144.03
271,2023-09-15,8,19,62,4,0.1,478.62
272,2023-07-17,11,23,62,1,0.0,202.43
273,2024-07-02,6,14,99,1,0.0,49.79
274,2023-08-10,16,11,142,1,0.0,11.04
275,2024-08-26,17,2,306,3,0.0,44.34
276,2023-10-17,4,17,427,1,0.0,115.98
277,2023-07-18,10,22,117,1,0.0,297.41
278,2024-01-05,6,23,155,1,0.0,202.43
279,2023-01-15,18,21,65,1,0.0,155.14
280,2023-10-08,2,10,499,1,0.0,142.75
281,2023-02-25,18,18,150,1,0.0,216.73
282,2024-12-15,16,10,53,3,0.0,428.25
283,2023-01-13,19,4,146,1,0.2,176.54
284,2024-04-25,16,22,226,2,0.0,594.82
285,2023-12-02,9,20,482,1,0.0,176.04
286,2024-05-04,4,7,421,1,0.0,150.73
287,2023-03-08,13,11,252,3,0.15,28.15
288,2023-03-17,19,3,323,1,0.0,84.52
289,2024-12-05,19,13,486,1,0.0,191.56
290,2023-11-08,4,21,286,2,0.0,310.28
291,2024-03-02,20,7,306,1,0.0,150.73
292,2024-09-25,8,21,398,1,0.15,131.87
293,2024-06-19,13,17,231,2,0.0,231.96
294,2024-03-29,10,9,441,1,0.0,14.86
295,2024-08-25,14,9,157,1,0.0,14.86
296,2024-08-05,20,19,31,1,0.0,132.95
297,2024-09-16,4,10,486,2,0.0,285.5
298,2023-08-01,7,11,136,1,0.0,11.04
299,2024-11-08,6,11,283,1,0.15,9.38
300,2023-03-18,6,3,2,3,0.0,253.56
301,2024-02-23,15,22,353,1,0.1,267.67
302,2024-08-31,16,12,150,1,0.15,65.02
303,2023-02-03,8,5,148,1,0.15,28.63
304,2024-12-28,15,6,37,2,0.0,264.2
305,2024-12-09,19,2,339,1,0.0,14.78
306,2023-07-22,14,13,59,1,0.0,191.56
307,2024-07-11,8,17,332,1,0.1,104.38
308,2023-06-02,9,24,424,2,0.0,390.72
309,2023-05-26,3,9,31,1,0.0,14.86
310,2023-06-19,10,6,305,2,0.0,264.2
311,2024-08-05,10,21,225,2,0.0,310.28
312,2023-05-08,15,10,353,1,0.0,142.75
313,2023-11-08,9,13,257,1,0.0,191.56
314,2024-07-06,16,3,225,2,0.0,169.04
315,2023-03-24,20,4,21,1,0.15,187.57
316,2024-03-18,11,14,310,1,0.0,49.79
317,2023-09-14,1,25,47,1,0.1,129.63
318,2023-08-23,19,2,301,1,0.0,14.78
319,2023-01-22,9,22,296,1,0.0,297.41
320,2023-02-11,6,17,241,3,0.0,347.94
321,2024-06-15,15,21,470,2,0.0,310.28
322,2023-10-12,6,19,300,1,0.0,132.95
323,2024-03-22,16,22,497,1,0.0,297.41
324,2023-04-04,16,15,179,1,0.0,62.21
325,2024-02-23,11,13,165,1,0.0,191.56
326,2024-11-06,11,2,211,2,0.1,26.6
327,2024-12-11,13,8,417,1,0.2,141.4
328,2024-07-17,2,17,233,1,0.1,104.38
329,2023-04-01,11,24,130,2,0.0,390.72
330,2023-11-25,13,22,443,4,0.0,1189.64
331,2024-06-10,1,23,337,2,0.0,404.86
332,2024-07-09,15,12,212,1,0.2,61.2
333,2023-02-25,7,1,266,1,0.0,122.39
334,2024-01-06,20,21,388,2,0.0,310.28
335,2024-05-25,15,19,390,1,0.1,119.65
336,2023-02-22,7,6,137,1,0.0,132.1
337,2024-07-16,5,17,475,1,0.0,115.98
338,2023-10-22,15,20,451,3,0.0,528.12
339,2024-12-16,1,16,499,2,0.0,198.24
340,2024-10-07,20,21,410,1,0.0,155.14
341,2023-09-03,6,2,160,2,0.0,29.56
342,2024-07-18,1,24,283,2,0.0,390.72
343,2024-02-22,3,1,116,1,0.0,122.39
344,2023-04-27,15,24,485,1,0.2,156.29
345,2023-05-01,5,5,256,1,0.1,30.31
346,2023-10-26,17,24,362,1,0.0,195.36
347,2023-10-07,14,2,428,1,0.0,14.78
348,2024-05-09,16,22,125,2,0.0,594.82
349,2024-04-12,18,10,75,2,0.0,285.5
350,2024-01-28,7,15,472,1,0.0,62.21
351,2024-09-05,17,25,383,1,0.0,144.03
352,2023-05-20,3,6,142,1,0.0,132.1
353,2024-02-29,11,2,479,1,0.0,14.78
354,2024-06-03,9,7,421,3,0.0,452.19
355,2023-01-03,10,25,372,1,0.0,144.03
356,2023-11-02,19,18,338,1,0.0,216.73
357,2024-05-16,5,15,229,2,0.0,124.42
358,2024-07-05,16,9,177,1,0.0,14.86
359,2023-12-07,18,11,194,1,0.1,9.94
360,2024-04-11,11,21,446,1,0.0,155.14
361,2023-07-13,8,12,293,1,0.2,61.2
362,2024-01-28,8,11,439,4,0.0,44.16
363,2024-02-25,2,20,163,1,0.2,140.83
364,2024-04-29,13,4,198,1,0.0,220.67
365,2024-11-10,5,21,254,1,0.0,155.14
366,2023-02-07,5,7,258,1,0.15,128.12
367,2024-08-27,11,5,446,1,0.0,33.68
368,2023-04-13,15,7,52,1,0.0,150.73
369,2024-06-22,15,5,8,1,0.1,30.31
370,2023-05-28,14,16,446,1,0.0,99.12
371,2024-11-01,3,23,241,1,0.0,202.43
372,2023-09-29,11,25,320,1,0.0,144.03
373,2024-12-03,11,16,437,2,0.0,198.24
374,2024-11-21,13,11,489,1,0.0,11.04
375,2023-11-21,16,2,447,1,0.0,14.78
376,2024-07-08,2,25,317,1,0.0,144.03
377,2023-03-12,8,7,324,3,0.0,452.19
378,2024-12-01,8,22,383,3,0.0,892.23
379,2023-04-03,14,23,51,1,0.0,202.43
380,2024-10-10,4,21,228,2,0.0,310.28
381,2023-06-20,10,4,463,2,0.0,441.34
382,2023-01-30,2,5,167,1,0.0,33.68
383,2023-02-27,10,16,184,1,0.0,99.12
384,2024-01-19,14,21,75,2,0.0,310.28
385,2023-09-08,17,19,211,2,0.0,265.9
386,2024-08-02,6,19,88,1,0.0,132.95
387,2023-06-29,3,24,313,2,0.2,312.58
388,2024-01-27,20,23,350,2,0.15,344.13
389,2023-09-04,16,16,468,1,0.1,89.21
390,2024-08-20,5,9,119,1,0.0,14.86
391,2024-04-17,9,25,236,1,0.0,144.03
392,2023-09-19,1,15,461,1,0.0,62.21
393,2024-04-21,10,18,347,1,0.1,195.06
394,2024-07-13,6,8,38,2,0.0,353.5
395,2024-03-28,12,7,301,1,0.0,150.73
396,2023-11-03,14,22,354,1,0.0,297.41
397,2023-09-14,15,2,433,1,0.1,13.3
398,2023-11-13,16,24,55,1,0.1,175.82
399,2023-08-31,13,11,293,1,0.0,11.04
400,2024-01-03,19,8,152,1,0.0,176.75
401,2024-12-27,13,19,141,1,0.1,119.65
402,2023-01-09,19,3,443,1,0.0,84.52
403,2024-12-03,2,4,467,1,0.1,198.6
404,2024-09-12,16,6,427,3,0.0,396.3
405,2023-10-21,8,7,311,1,0.0,150.73
406,2023-12-07,20,21,129,1,0.0,155.14
407,2024-11-25,5,4,322,1,0.0,220.67
408,2023-04-10,2,2,159,1,0.0,14.78
409,2024-03-27,2,19,297,2,0.0,265.9
410,2024-01-09,5,12,47,2,0.0,153.0
411,2023-10-30,11,18,383,1,0.15,184.22
412,2024-03-01,6,2,103,1,0.0,14.78
413,2023-05-16,18,2,449,1,0.0,14.78
414,2024-01-10,17,9,257,2,0.0,29.72
415,2023-10-07,6,15,132,2,0.0,124.42
416,2024-05-08,10,19,383,1,0.0,132.95
417,2023-12-13,15,17,494,1,0.1,104.38
418,2023-03-19,5,20,387,1,0.0,176.04
419,2023-08-20,13,9,496,3,0.0,44.58
420,2024-07-24,12,14,47,2,0.0,99.58
421,2024-02-09,1,16,136,1,0.0,99.12
422,2024-07-03,4,21,233,1,0.0,155.14
423,2024-01-13,9,8,300,1,0.0,176.75
424,2024-01-26,12,2,56,1,0.0,14.78
425,2024-11-01,20,10,453,1,0.0,142.75
426,2024-07-28,11,24,469,1,0.0,195.36
427,2024-09-16,8,17,332,1,0.15,98.58
428,2023-03-06,15,12,466,1,0.2,61.2
429,2024-12-14,4,6,72,1,0.0,132.1
430,2023-02-16,2,15,156,1,0.1,55.99
431,2024-05-19,4,16,50,2,0.0,198.24
432,2023-08-29,18,15,70,1,0.0,62.21
433,2024-02-02,15,5,190,2,0.0,67.36
434,2024-11-17,18,15,215,1,0.1,55.99
435,2024-08-24,5,20,454,1,0.0,176.04
436,2024-02-29,4,8,427,1,0.0,176.75
437,2024-05-16,20,15,209,1,0.0,62.21
438,2023-10-14,2,17,354,2,0.1,208.76
439,2024-01-15,7,4,228,1,0.1,198.6
440,2024-03-31,8,4,438,2,0.1,397.21
441,2024-01-07,4,4,352,3,0.0,662.01
442,2024-01-12,18,11,462,2,0.15,18.77
443,2024-10-22,12,6,32,1,0.0,132.1
444,2024-02-12,9,5,98,1,0.1,30.31
445,2023-05-06,15,24,47,4,0.0,781.44
446,2024-11-21,20,20,498,1,0.0,176.04
447,2023-01-22,2,20,403,1,0.0,176.04
448,2023-12-05,19,19,106,1,0.1,119.65
449,2023-03-12,18,8,107,1,0.0,176.75
450,2024-08-23,7,2,417,1,0.0,14.78
451,2023-08-27,11,11,397,1,0.0,11.04
452,2023-06-01,20,12,2,1,0.0,76.5
453,2023-10-11,5,17,67,1,0.1,104.38
454,2024-07-07,9,9,409,1,0.15,12.63
455,2023-06-28,4,18,339,1,0.0,216.73
456,2023-01-27,5,4,8,1,0.15,187.57
457,2024-01-02,8,2,302,2,0.0,29.56
458,2023-11-09,2,22,65,1,0.0,297.41
459,2024-03-07,17,19,59,1,0.0,132.95
460,2023-03-07,16,24,230,2,0.0,390.72
461,2024-01-06,17,10,304,1,0.0,142.75
462,2023-04-22,15,16,258,1,0.2,79.3
463,2023-08-15,20,4,23,1,0.0,220.67
464,2024-11-05,15,15,330,1,0.2,49.77
465,2023-02-01,2,9,246,1,0.15,12.63
466,2024-02-16,14,9,352,1,0.2,11.89
467,2023-04-21,16,15,365,1,0.1,55.99
468,2024-03-30,3,6,461,2,0.0,264.2
469,2023-03-24,11,19,312,2,0.0,265.9
470,2023-06-01,3,20,65,1,0.0,176.04
471,2023-10-09,20,11,325,1,0.0,11.04
472,2024-08-22,18,12,365,1,0.0,76.5
473,2023-11-20,17,22,151,1,0.0,297.41
474,2024-04-09,17,3,310,3,0.0,253.56
475,2024-03-16,4,1,407,2,0.0,244.78
476,2024-12-21,18,17,370,1,0.0,115.98
477,2023-08-09,14,13,232,1,0.0,191.56
478,2023-08-22,14,19,174,1,0.1,119.65
479,2024-04-09,13,24,213,2,0.2,312.58
480,2023-04-08,11,11,219,1,0.0,11.04
481,2023-11-17,12,18,489,2,0.0,433.46
482,2023-06-06,16,6,35,1,0.0,132.1
483,2023-04-04,3,21,48,1,0.0,155.14
484,2024-03-18,4,8,382,1,0.0,176.75
485,2024-01-17,5,17,285,2,0.0,231.96
486,2023-03-03,19,10,490,3,0.0,428.25
487,2024-07-29,18,7,169,2,0.0,301.46
488,2024-11-12,14,18,445,1,0.0,216.73
489,2023-02-22,10,3,308,1,0.0,84.52
490,2023-11-19,17,4,109,2,0.0,441.34
491,2023-06-08,16,18,115,1,0.0,216.73
492,2023-04-21,12,19,433,1,0.0,132.95
493,2024-07-23,12,16,59,1,0.15,84.25
494,2023-10-13,19,8,116,1,0.0,176.75
495,2024-03-15,18,15,499,1,0.0,62.21
496,2024-09-28,20,22,346,2,0.0,594.82
497,2024-10-20,18,13,14,1,0.0,191.56
498,2024-09-15,9,3,15,3,0.15,215.53
499,2023-07-04,9,10,360,2,0.0,285.5
500,2023-11-13,12,9,4,1,0.0,14.86
501,2023-07-05,5,16,290,1,0.0,99.12
502,2024-11-04,5,1,380,2,0.0,244.78
503,2024-10-10,1,11,47,1,0.0,11.04
504,2024-06-27,7,18,193,2,0.0,433.46
505,2024-03-05,15,19,175,1,0.0,132.95
506,2023-06-11,12,8,160,1,0.0,176.75
507,2023-11-29,19,11,306,1,0.15,9.38
508,2023-03-28,2,11,80,1,0.0,11.04
509,2023-06-11,20,25,26,1,0.0,144.03
510,2024-11-15,14,8,249,2,0.0,353.5
511,2024-09-13,15,15,213,1,0.0,62.21
512,2023-10-07,7,17,387,2,0.0,231.96
513,2024-06-08,4,20,177,1,0.0,176.04
514,2024-03-16,4,15,146,2,0.0,124.42
515,2024-11-25,16,19,270,1,0.0,132.95
516,2024-11-08,13,15,307,1,0.0,62.21
517,2023-02-26,1,25,105,1,0.15,122.43
518,2023-11-05,5,23,392,1,0.0,202.43
519,2023-09-19,10,19,168,1,0.0,132.95
520,2023-05-03,1,6,255,1,0.0,132.1
521,2024-03-16,6,15,67,1,0.0,62.21
522,2024-01-25,18,10,361,1,0.0,142.75
523,2023-08-24,17,20,287,2,0.0,352.08
524,2024-11-15,3,14,204,1,0.0,49.79
525,2023-02-13,14,12,10,3,0.0,229.5
526,2024-04-15,3,1,442,1,0.0,122.39
527,2023-11-17,19,14,208,2,0.1,89.62
528,2024-12-27,10,25,59,1,0.0,144.03
529,2024-02-19,1,15,495,1,0.0,62.21
530,2023-11-20,15,14,426,1,0.0,49.79
531,2024-12-07,3,5,224,1,0.0,33.68
532,2023-04-19,8,6,224,1,0.1,118.89
533,2024-08-26,13,5,269,2,0.0,67.36
534,2023-03-22,13,4,446,1,0.0,220.67
535,2023-11-14,8,8,171,1,0.0,176.75
536,2023-06-22,3,23,262,1,0.0,202.43
537,2024-10-10,4,22,272,1,0.1,267.67
538,2024-06-06,7,9,464,1,0.0,14.86
539,2023-12-27,5,21,121,3,0.1,418.88
540,2023-04-16,5,5,132,1,0.0,33.68
541,2023-07-22,6,6,309,1,0.0,132.1
542,2023-06-06,3,9,91,1,0.1,13.37
543,2024-10-05,16,10,238,1,0.1,128.48
544,2024-07-31,19,2,230,2,0.0,29.56
545,2024-11-28,19,25,330,1,0.0,144.03
546,2024-10-12,20,12,166,1,0.0,76.5
547,2024-10-04,11,15,78,1,0.0,62.21
548,2024-03-26,3,24,241,2,0.0,390.72
549,2024-03-28,10,3,408,1,0.1,76.07
550,2023-10-09,19,8,29,1,0.0,176.75
551,2023-12-27,10,19,237,1,0.0,132.95
552,2024-04-07,2,16,30,2,0.0,198.24
553,2024-01-13,10,22,40,1,0.0,297.41
554,2024-10-22,3,3,315,1,0.0,84.52
555,2024-08-31,17,15,197,1,0.0,62.21
556,2024-04-18,19,7,284,1,0.0,150.73
557,2023-02-12,15,15,466,1,0.0,62.21
558,2024-08-08,7,3,165,1,0.0,84.52
559,2024-09-11,16,13,257,1,0.0,191.56
560,2023-06-04,2,4,231,1,0.0,220.67
561,2023-04-16,11,24,366,1,0.0,195.36
562,2023-03-28,17,14,331,1,0.0,49.79
563,2023-06-26,2,10,127,1,0.0,142.75
564,2024-12-25,15,19,269,2,0.0,265.9
565,2024-06-19,20,10,82,1,0.0,142.75
566,2024-01-08,12,23,470,1,0.15,172.07
567,2023-10-17,13,13,210,1,0.0,191.56
568,2023-12-13,2,17,405,1,0.15,98.58
569,2024-10-08,11,18,34,1,0.0,216.73
570,2023-12-22,13,19,146,1,0.0,132.95
571,2023-09-16,20,1,448,1,0.0,122.39
572,2023-06-03,11,23,42,2,0.0,404.86
573,2024-08-19,5,19,470,1,0.1,119.65
574,2023-12-21,13,13,67,2,0.0,383.12
575,2024-09-01,3,7,159,1,0.0,150.73
576,2024-07-26,13,12,330,1,0.0,76.5
577,2023-12-03,17,2,48,1,0.0,14.78
578,2024-10-23,14,21,261,1,0.0,155.14
579,2024-01-06,1,4,186,1,0.0,220.67
580,2023-11-07,11,10,486,3,0.0,428.25
581,2024-05-12,7,25,116,1,0.0,144.03
582,2023-05-21,5,4,40,1,0.0,220.67
583,2023-10-30,4,6,260,2,0.0,264.2
584,2024-07-06,17,9,20,1,0.0,14.86
585,2024-11-25,20,2,68,1,0.0,14.78
586,2024-09-03,13,11,79,1,0.0,11.04
587,2023-06-16,6,17,426,2,0.0,231.96
588,2024-12-10,6,21,370,1,0.0,155.14
589,2024-03-24,2,15,211,2,0.0,124.42
590,2024-01-09,8,16,497,1,0.2,79.3
591,2024-03-30,20,6,146,1,0.0,132.1
592,2024-04-04,8,9,274,1,0.0,14.86
593,2023-09-02,10,3,495,1,0.0,84.52
594,2024-04-25,7,25,189,1,0.0,144.03
595,2024-11-25,15,16,237,2,0.0,198.24
596,2023-10-16,13,2,258,1,0.15,12.56
597,2024-06-24,14,5,495,2,0.0,67.36
598,2023-06-15,7,25,411,1,0.0,144.03
599,2024-09-11,5,11,447,1,0.0,11.04
600,2023-09-14,2,12,329,1,0.0,76.5
601,2024-05-07,12,9,284,1,0.1,13.37
602,2023-04-16,17,4,436,1,0.0,220.67
603,2023-05-08,10,8,43,1,0.0,176.75
604,2023-06-14,9,2,231,1,0.0,14.78
605,2024-06-09,5,1,426,2,0.0,244.78
606,2024-03-23,3,21,485,1,0.0,155.14
607,2023-08-16,15,6,453,1,0.0,132.1
608,2023-12-24,14,8,28,2,0.15,300.47
609,2024-02-10,17,2,192,2,0.2,23.65
610,2023-08-30,13,21,42,2,0.0,310.28
611,2024-01-19,8,9,15,1,0.0,14.86
612,2023-11-23,11,11,406,1,0.0,11.04
613,2023-05-30,5,8,20,1,0.0,176.75
614,2023-10-21,16,14,357,1,0.0,49.79
615,2023-05-23,16,20,230,1,0.0,176.04
616,2024-09-22,1,18,464,1,0.0,216.73
617,2023-03-23,1,7,132,2,0.0,301.46
618,2023-08-09,5,8,281,1,0.1,159.08
619,2024-09-15,17,24,217,1,0.0,195.36
620,2023-04-24,10,22,122,1,0.0,297.41
621,2023-11-08,14,15,328,1,0.15,52.88
622,2024-09-29,15,12,33,1,0.0,76.5
623,2023-04-24,16,1,306,1,0.0,122.39
624,2024-07-02,1,16,324,1,0.0,99.12
625,2024-06-11,19,19,124,1,0.0,132.95
626,2023-05-28,10,5,220,1,0.0,33.68
627,2023-01-02,20,14,181,1,0.15,42.32
628,2023-09-04,19,5,214,1,0.0,33.68
629,2023-07-11,3,8,269,1,0.0,176.75
630,2024-01-05,3,16,489,2,0.0,198.24
631,2024-06-22,18,22,260,3,0.0,892.23
632,2024-06-03,18,21,11,2,0.1,279.25
633,2024-02-04,16,15,23,1,0.0,62.21
634,2024-10-12,13,1,192,2,0.0,244.78
635,2023-09-17,1,4,183,1,0.0,220.67
636,2023-03-11,12,11,124,2,0.0,22.08
637,2024-11-03,19,18,377,1,0.0,216.73
638,2023-12-12,18,13,174,2,0.0,383.12
639,2024-10-20,6,1,426,1,0.0,122.39
640,2024-12-02,16,25,324,1,0.0,144.03
641,2023-07-06,5,19,33,2,0.0,265.9
642,2024-04-13,2,15,151,2,0.0,124.42
643,2023-07-26,2,17,406,1,0.1,104.38
644,2023-07-24,2,19,162,2,0.15,226.02
645,2023-11-14,18,7,243,1,0.0,150.73
646,2023-09-17,2,12,386,2,0.0,153.0
647,2024-10-24,7,22,147,1,0.15,252.8
648,2024-01-01,2,19,444,1,0.0,132.95
649,2024-11-04,12,22,224,1,0.1,267.67
650,2024-02-14,15,24,459,1,0.0,195.36
651,2024-01-31,11,13,499,1,0.0,191.56
652,2023-07-11,16,25,355,1,0.0,144.03
653,2024-05-24,12,18,474,1,0.0,216.73
654,2024-06-15,9,16,411,1,0.0,99.12
655,2023-03-26,14,6,41,1,0.0,132.1
656,2024-03-16,20,12,422,1,0.0,76.5
657,2023-07-04,18,18,151,1,0.0,216.73
658,2023-11-11,10,10,157,2,0.0,285.5
659,2024-04-01,20,13,368,1,0.0,191.56
660,2024-03-12,6,24,354,1,0.0,195.36
661,2024-03-30,12,16,229,1,0.0,99.12
662,2023-02-13,12,9,315,1,0.0,14.86
663,2024-03-21,9,13,328,1,0.0,191.56
664,2023-02-28,3,10,344,1,0.0,142.75
665,2024-10-14,13,22,187,1,0.0,297.41
666,2024-06-09,6,6,488,1,0.0,132.1
667,2023-02-01,5,7,435,1,0.0,150.73
668,2024-09-14,15,17,18,4,0.0,463.92
669,2023-05-10,3,17,121,1,0.0,115.98
670,2024-10-22,12,17,186,1,0.0,115.98
671,2024-01-28,19,21,17,1,0.0,155.14
672,2024-09-11,5,8,348,1,0.15,150.24
673,2024-04-05,12,12,191,1,0.0,76.5
674,2024-03-30,3,25,294,1,0.1,129.63
675,2023-05-21,17,10,188,2,0.1,256.95
676,2024-02-12,11,23,333,1,0.0,202.43
677,2023-10-13,8,12,492,1,0.0,76.5
678,2023-04-27,1,18,377,1,0.0,216.73
679,2023-07-10,16,23,266,3,0.1,546.56
680,2024-02-01,18,22,61,1,0.1,267.67
681,2023-09-26,9,24,361,4,0.0,781.44
682,2024-04-01,7,6,314,1,0.0,132.1
683,2023-10-20,16,6,103,1,0.0,132.1
684,2023-05-06,5,12,437,2,0.1,137.7
685,2023-03-17,15,20,89,1,0.0,176.04
686,2024-12-31,3,2,415,2,0.0,29.56
687,2024-11-29,11,10,342,2,0.0,285.5
688,2023-12-22,18,20,278,1,0.0,176.04
689,2023-10-25,10,11,436,1,0.1,9.94
690,2023-06-11,6,25,407,1,0.15,122.43
691,2024-01-06,17,6,115,1,0.0,132.1
692,2023-05-05,7,13,406,2,0.0,383.12
693,2023-05-23,8,4,405,2,0.15,375.14
694,2024-05-20,1,21,185,2,0.0,310.28
695,2024-07-21,19,14,189,1,0.2,39.83
696,2024-04-23,18,17,67,2,0.0,231.96
697,2024-09-18,3,17,34,1,0.2,92.78
698,2023-11-23,16,7,270,2,0.0,301.46
699,2024-02-25,14,24,422,2,0.0,390.72
700,2024-08-11,3,16,65,1,0.1,89.21
701,2023-11-21,15,14,239,3,0.0,149.37
702,2024-11-27,5,5,450,2,0.0,67.36
703,2024-07-18,19,22,94,1,0.0,297.41
704,2023-05-13,14,5,258,1,0.0,33.68
705,2023-02-26,4,9,266,3,0.0,44.58
706,2023-06-06,10,18,85,2,0.0,433.46
707,2023-06-15,11,1,479,1,0.0,122.39
708,2024-12-17,10,16,434,1,0.0,99.12
709,2023-03-22,9,5,101,2,0.0,67.36
710,2024-10-12,18,14,141,1,0.15,42.32
711,2023-05-09,10,10,315,1,0.1,128.48
712,2024-06-30,3,1,258,1,0.0,122.39
713,2024-10-18,6,2,304,2,0.0,29.56
714,2024-08-17,5,13,88,1,0.0,191.56
715,2024-11-05,20,20,173,1,0.0,176.04
716,2024-07-31,2,4,423,1,0.0,220.67
717,2023-01-30,3,12,24,2,0.0,153.0
718,2024-10-18,19,11,136,2,0.15,18.77
719,2024-10-28,7,14,393,1,0.0,49.79
720,2024-08-08,14,11,317,1,0.15,9.38
721,2024-10-16,1,10,255,3,0.0,428.25
722,2024-10-04,18,24,149,2,0.0,390.72
723,2024-10-19,10,14,248,1,0.1,44.81
724,2023-09-08,13,5,153,1,0.0,33.68
725,2024-04-09,3,15,353,1,0.0,62.21
726,2023-03-03,6,10,226,1,0.1,128.48
727,2024-03-01,16,8,238,1,0.0,176.75
728,2023-07-28,11,9,311,1,0.0,14.86
729,2023-05-28,11,1,442,2,0.0,244.78
730,2023-11-23,12,5,500,1,0.0,33.68
731,2024-02-13,5,7,390,1,0.0,150.73
732,2024-01-15,17,18,288,3,0.15,552.66
733,2023-04-19,11,7,124,1,0.0,150.73
734,2024-04-22,4,18,137,2,0.15,368.44
735,2024-04-05,8,20,73,4,0.0,704.16
736,2023-04-10,2,23,149,1,0.1,182.19
737,2024-01-29,20,2,215,1,0.0,14.78
738,2023-09-12,6,3,417,1,0.0,84.52
739,2023-12-02,11,22,98,1,0.0,297.41
740,2023-06-13,16,20,264,1,0.0,176.04
741,2024-04-23,16,23,451,3,0.0,607.29
742,2023-11-12,3,23,484,1,0.0,202.43
743,2024-02-07,17,5,235,2,0.0,67.36
744,2023-09-04,7,24,299,2,0.0,390.72
745,2023-12-10,16,9,306,1,0.0,14.86
746,2024-10-31,16,18,147,1,0.0,216.73
747,2024-07-03,1,20,434,2,0.0,352.08
748,2023-04-21,14,4,69,1,0.0,220.67
749,2023-09-28,12,10,392,2,0.0,285.5
750,2024-02-17,12,14,24,2,0.0,99.58
751,2024-02-15,2,25,292,1,0.0,144.03
752,2024-07-29,7,22,186,2,0.15,505.6
753,2024-07-20,10,16,38,1,0.0,99.12
754,2024-01-31,17,23,231,2,0.0,404.86
755,2024-07-17,9,16,423,3,0.0,297.36
756,2024-09-30,20,24,61,1,0.0,195.36
757,2023-05-12,4,11,202,3,0.0,33.12
758,2024-01-18,11,23,286,1,0.15,172.07
759,2024-01-10,5,9,102,1,0.0,14.86
760,2024-09-08,17,10,206,1,0.0,142.75
761,2024-05-27,2,7,24,1,0.15,128.12
762,2023-02-09,5,22,366,1,0.0,297.41
763,2023-12-08,17,2,234,2,0.0,29.56
764,2023-06-02,20,2,458,4,0.0,59.12
765,2024-06-11,5,13,168,1,0.0,191.56
766,2024-09-19,11,20,84,3,0.0,528.12
767,2024-02-07,20,5,379,2,0.0,67.36
768,2023-11-03,17,21,425,1,0.0,155.14
769,2024-06-05,18,20,251,1,0.1,158.44
770,2024-12-26,16,13,418,1,0.0,191.56
771,2023-01-18,12,23,170,1,0.1,182.19
772,2024-11-14,19,20,158,1,0.0,176.04
773,2024-12-05,20,10,243,2,0.0,285.5
774,2023-09-29,19,2,296,2,0.0,29.56
775,2023-08-22,2,20,299,1,0.15,149.63
776,2024-05-06,6,5,269,1,0.0,33.68
777,2024-10-06,20,22,397,1,0.0,297.41
778,2024-01-25,5,1,421,1,0.1,110.15
779,2024-11-19,4,16,98,1,0.0,99.12
780,2023-01-20,15,24,161,1,0.0,195.36
781,2024-03-04,5,10,212,2,0.0,285.5
782,2024-12-17,20,19,472,1,0.0,132.95
783,2024-04-27,2,11,362,1,0.2,8.83
784,2023-05-22,17,17,107,2,0.0,231.96
785,2024-07-28,11,16,340,1,0.0,99.12
786,2024-05-04,17,21,193,1,0.0,155.14
787,2023-11-18,15,10,468,1,0.0,142.75
788,2024-06-29,11,18,280,2,0.0,433.46
789,2023-12-29,9,7,313,1,0.0,150.73
790,2024-05-10,7,20,491,1,0.0,176.04
791,2023-09-10,9,7,286,2,0.0,301.46
792,2023-11-10,10,20,361,2,0.0,352.08
793,2023-08-01,16,23,163,2,0.0,404.86
794,2024-05-06,12,20,287,1,0.0,176.04
795,2023-10-08,10,23,63,2,0.0,404.86
796,2024-08-10,18,20,195,1,0.0,176.04
797,2024-02-09,12,23,489,1,0.0,202.43
798,2023-05-30,10,10,22,1,0.1,128.48
799,2023-10-22,3,13,178,2,0.0,383.12
800,2024-03-28,9,6,383,2,0.0,264.2
801,2024-05-05,7,7,104,1,0.0,150.73
802,2024-07-05,9,3,478,1,0.0,84.52
803,2024-07-29,9,20,71,1,0.0,176.04
804,2023-04-22,20,19,380,2,0.0,265.9
805,2024-08-23,8,21,125,2,0.0,310.28
806,2023-02-21,17,13,116,1,0.0,191.56
807,2024-10-15,8,20,27,2,0.0,352.08
808,2023-04-13,14,14,170,1,0.1,44.81
809,2024-04-28,4,13,349,2,0.0,383.12
810,2023-05-21,1,14,494,3,0.15,126.96
811,2024-07-17,6,1,209,2,0.0,244.78
812,2024-10-30,16,1,245,1,0.0,122.39
813,2024-10-28,7,11,388,1,0.0,11.04
814,2023-10-22,11,21,147,3,0.0,465.42
815,2024-10-23,2,4,465,2,0.0,441.34
816,2023-04-02,19,12,119,1,0.0,76.5
817,2024-07-01,2,19,468,1,0.15,113.01
818,2023-06-29,14,2,452,1,0.0,14.78
819,2023-06-30,2,12,429,3,0.0,229.5
820,2024-02-11,16,18,96,3,0.0,650.19
821,2023-10-24,2,12,5,2,0.15,130.05
822,2023-11-02,4,16,476,1,0.15,84.25
823,2023-12-21,18,5,269,1,0.0,33.68
824,2024-05-20,5,11,436,1,0.0,11.04
825,2024-05-31,15,11,140,1,0.0,11.04
826,2023-07-17,4,11,170,2,0.1,19.87
827,2023-06-16,15,14,332,1,0.0,49.79
828,2023-09-21,6,4,8,1,0.0,220.67
829,2023-12-12,19,12,346,1,0.0,76.5
830,2023-07-17,6,11,313,1,0.0,11.04
831,2024-10-16,13,24,424,3,0.0,586.08
832,2024-03-13,17,18,168,2,0.1,390.11
833,2023-03-30,13,11,343,1,0.1,9.94
834,2023-04-08,6,23,72,2,0.0,404.86
835,2024-05-03,11,3,480,1,0.0,84.52
836,2023-09-12,1,18,134,2,0.0,433.46
837,2024-01-28,8,7,229,2,0.0,301.46
838,2023-10-01,11,6,155,1,0.0,132.1
839,2024-08-19,19,4,6,1,0.0,220.67
840,2023-09-25,12,12,355,1,0.0,76.5
841,2023-08-30,2,21,342,1,0.0,155.14
842,2023-05-02,15,7,158,1,0.0,150.73
843,2023-06-13,13,1,352,1,0.0,122.39
844,2024-05-29,10,21,354,1,0.0,155.14
845,2023-05-01,10,22,189,1,0.0,297.41
846,2024-09-21,8,16,113,1,0.0,99.12
847,2023-05-17,16,25,79,2,0.1,259.25
848,2024-04-10,20,22,192,2,0.0,594.82
849,2024-03-01,18,24,468,1,0.15,166.06
850,2024-04-27,18,13,411,2,0.0,383.12
851,2024-11-11,8,24,349,1,0.0,195.36
852,2024-09-02,3,2,270,1,0.0,14.78
853,2024-04-02,17,16,361,4,0.0,396.48
854,2024-01-06,3,3,470,1,0.0,84.52
855,2024-07-31,4,16,32,1,0.0,99.12
856,2024-07-14,17,10,104,1,0.0,142.75
857,2024-08-09,18,8,77,1,0.0,176.75
858,2023-06-18,11,14,438,3,0.0,149.37
859,2024-06-16,15,9,60,1,0.15,12.63
860,2024-11-19,16,3,47,1,0.0,84.52
861,2024-06-06,15,6,415,1,0.0,132.1
862,2023-02-26,15,24,68,2,0.0,390.72
863,2024-06-09,14,10,234,1,0.0,142.75
864,2024-07-31,2,23,287,1,0.1,182.19
865,2024-04-18,10,5,371,1,0.0,33.68
866,2023-01-23,13,7,131,1,0.0,150.73
867,2023-01-04,7,25,297,2,0.15,244.85
868,2023-03-16,2,25,217,1,0.0,144.03
869,2023-12-19,18,5,31,1,0.0,33.68
870,2023-03-12,16,3,17,3,0.2,202.85
871,2023-10-21,14,10,93,1,0.2,114.2
872,2023-05-19,14,10,192,1,0.0,142.75
873,2024-01-27,15,3,446,3,0.0,253.56
874,2024-01-22,13,15,42,2,0.2,99.54
875,2024-11-30,18,16,69,2,0.15,168.5
876,2024-10-31,12,1,61,2,0.0,244.78
877,2023-07-02,18,21,202,1,0.0,155.14
878,2024-06-25,5,4,373,3,0.0,662.01
879,2023-08-17,1,15,388,1,0.0,62.21
880,2023-01-24,10,12,238,2,0.0,153.0
881,2024-11-20,14,21,273,3,0.0,465.42
882,2024-01-24,8,15,127,1,0.0,62.21
883,2024-04-16,12,18,80,1,0.0,216.73
884,2023-10-10,7,20,480,1,0.15,149.63
885,2023-04-26,2,9,415,2,0.0,29.72
886,2024-11-07,1,1,124,1,0.1,110.15
887,2023-07-31,3,18,52,1,0.0,216.73
888,2024-08-31,2,23,229,1,0.0,202.43
889,2024-09-04,2,2,126,1,0.0,14.78
890,2023-02-15,13,6,225,1,0.2,105.68
891,2023-08-28,18,14,112,1,0.0,49.79
892,2023-02-27,5,12,258,1,0.0,76.5
893,2023-10-24,8,12,418,1,0.2,61.2
894,2024-08-12,11,5,296,1,0.0,33.68
895,2024-09-04,11,7,122,1,0.0,150.73
896,2023-11-06,17,14,114,1,0.0,49.79
897,2024-02-28,10,17,141,2,0.0,231.96
898,2023-03-04,18,14,486,1,0.0,49.79
899,2024-08-28,6,11,321,3,0.0,33.12
900,2024-11-26,16,5,25,1,0.15,28.63
901,2023-12-19,13,1,403,1,0.0,122.39
902,2024-06-21,11,4,357,2,0.0,441.34
903,2024-03-02,14,15,77,1,0.15,52.88
904,2023-11-25,18,18,243,1,0.0,216.73
905,2023-09-04,8,5,154,2,0.0,67.36
906,2024-12-15,2,20,288,2,0.0,352.08
907,2024-02-27,14,23,286,1,0.0,202.43
908,2024-06-26,5,12,199,1,0.0,76.5
909,2023-09-06,9,9,105,1,0.0,14.86
910,2023-12-05,15,9,434,1,0.1,13.37
911,2024-01-15,3,21,275,1,0.0,155.14
912,2023-07-15,2,12,138,1,0.1,68.85
913,2024-01-22,20,20,309,2,0.0,352.08
914,2023-02-10,3,1,97,2,0.0,244.78
915,2024-08-24,18,11,112,1,0.1,9.94
916,2024-05-05,7,15,446,1,0.0,62.21
917,2023-12-01,7,16,480,2,0.0,198.24
918,2023-07-14,4,3,383,1,0.0,84.52
919,2024-05-05,8,5,357,1,0.1,30.31
920,2024-09-10,7,7,204,1,0.0,150.73
921,2023-09-03,18,1,165,1,0.0,122.39
922,2023-10-17,13,12,239,2,0.0,153.0
923,2024-06-30,12,2,158,1,0.0,14.78
924,2023-09-25,12,6,263,1,0.0,132.1
925,2024-05-24,15,5,51,1,0.0,33.68
926,2024-04-25,11,3,469,1,0.0,84.52
927,2023-07-28,12,8,161,1,0.0,176.75
928,2024-02-28,2,4,289,1,0.0,220.67
929,2023-08-15,5,22,9,1,0.2,237.93
930,2023-09-25,18,14,479,1,0.0,49.79
931,2024-08-21,19,3,369,1,0.1,76.07
932,2024-03-03,10,8,79,1,0.0,176.75
933,2023-07-20,11,9,118,2,0.0,29.72
934,2024-01-24,19,7,427,1,0.0,150.73
935,2023-09-09,16,9,282,1,0.0,14.86
936,2024-11-01,11,5,132,1,0.0,33.68
937,2024-05-15,16,10,236,1,0.0,142.75
938,2023-06-22,12,1,87,1,0.1,110.15
939,2023-05-24,18,17,251,2,0.0,231.96
940,2023-07-08,18,9,329,1,0.0,14.86
941,2023-03-02,17,18,18,1,0.0,216.73
942,2023-03-18,2,13,392,2,0.0,383.12
943,2023-01-07,14,25,71,3,0.0,432.09
944,2024-10-07,8,9,35,1,0.15,12.63
945,2024-12-07,17,2,234,1,0.0,14.78
946,2024-01-18,2,12,317,2,0.0,153.0
947,2024-10-15,20,5,468,2,0.0,67.36
948,2024-05-09,16,3,9,2,0.1,152.14
949,2023-01-07,18,4,283,1,0.15,187.57
950,2024-02-26,1,2,9,1,0.0,14.78
951,2024-06-26,9,21,275,2,0.0,310.28
952,2023-10-21,1,17,258,1,0.1,104.38
953,2024-12-15,6,4,55,2,0.15,375.14
954,2023-04-09,17,12,77,2,0.0,153.0
955,2023-09-04,7,6,318,2,0.0,264.2
956,2024-06-23,9,16,418,1,0.0,99.12
957,2023-12-13,3,4,192,1,0.0,220.67
958,2024-02-20,15,18,290,3,0.0,650.19
959,2023-09-07,8,15,154,1,0.15,52.88
960,2024-12-01,3,17,335,1,0.0,115.98
961,2024-10-27,2,10,48,1,0.0,142.75
962,2024-02-20,13,19,194,1,0.0,132.95
963,2024-07-19,16,8,29,1,0.0,176.75
964,2024-10-14,1,2,360,3,0.0,44.34
965,2023-06-25,3,4,256,1,0.15,187.57
966,2024-03-20,11,4,290,2,0.0,441.34
967,2023-04-08,17,25,471,1,0.0,144.03
968,2023-02-13,8,8,109,1,0.0,176.75
969,2024-12-09,16,6,139,1,0.0,132.1
970,2023-02-17,3,8,351,1,0.0,176.75
971,2023-10-15,18,6,289,1,0.0,132.1
972,2024-11-28,11,1,9,1,0.1,110.15
973,2023-08-01,19,18,74,2,0.2,346.77
974,2024-12-30,3,5,154,1,0.0,33.68
975,2023-06-16,19,2,124,1,0.0,14.78
976,2024-08-03,13,12,347,1,0.1,68.85
977,2024-07-07,11,20,197,2,0.1,316.87
978,2023-05-24,3,7,257,1,0.0,150.73
979,2023-12-14,8,20,430,1,0.0,176.04
980,2023-03-19,11,19,310,1,0.0,132.95
981,2024-09-20,20,20,204,2,0.0,352.08
982,2023-12-09,15,14,252,2,0.0,99.58
983,2023-08-22,12,8,284,1,0.0,176.75
984,2024-01-20,14,23,96,1,0.0,202.43
985,2024-11-27,13,20,44,1,0.1,158.44
986,2024-09-25,10,14,409,1,0.0,49.79
987,2023-09-10,3,17,43,2,0.0,231.96
988,2023-10-02,5,18,195,3,0.0,650.19
989,2024-12-29,5,7,379,1,0.0,150.73
990,2024-02-03,11,22,185,1,0.0,297.41
991,2023-04-20,3,21,3,3,0.0,465.42
992,2023-11-12,9,17,53,2,0.0,231.96
993,2023-05-16,3,14,96,2,0.0,99.58
994,2024-03-17,15,11,286,1,0.0,11.04
995,2024-07-22,17,22,209,1,0.0,297.41
996,2023-04-16,1,17,46,1,0.0,115.98
997,2023-12-29,20,20,307,1,0.0,176.04
998,2023-11-29,1,23,150,2,0.1,364.37
999,2024-02-28,13,21,399,1,0.0,155.14
1000,2023-03-28,18,14,464,1,0.0,49.79
1001,2023-09-06,19,10,267,1,0.0,142.75
1002,2023-06-23,13,22,87,4,0.0,1189.64
1003,2023-05-23,9,16,155,3,0.0,297.36
1004,2023-10-02,16,21,75,1,0.0,155.14
1005,2023-03-06,6,11,223,1,0.0,11.04
1006,2023-10-10,14,6,154,1,0.0,132.1
1007,2024-05-10,3,22,185,2,0.0,594.82
1008,2023-09-15,8,22,370,1,0.0,297.41
1009,2024-10-02,16,4,305,2,0.0,441.34
1010,2024-09-23,7,22,235,1,0.0,297.41
1011,2023-04-20,5,18,156,1,0.0,216.73
1012,2023-01-07,13,9,171,1,0.0,14.86
1013,2024-09-27,13,24,412,1,0.0,195.36
1014,2023-12-04,14,1,418,1,0.0,122.39
1015,2024-10-28,20,6,70,2,0.0,264.2
1016,2023-11-23,7,22,246,1,0.0,297.41
1017,2023-11-13,11,13,150,1,0.0,191.56
1018,2024-12-12,19,5,401,2,0.0,67.36
1019,2023-09-06,11,20,193,2,0.0,352.08
1020,2023-10-15,13,22,187,1,0.2,237.93
1021,2023-04-27,19,20,103,2,0.0,352.08
1022,2024-08-29,18,1,93,1,0.0,122.39
1023,2024-11-29,1,25,488,1,0.0,144.03
1024,2024-04-17,7,19,225,1,0.1,119.65
1025,2023-10-26,3,25,420,2,0.0,288.06
1026,2024-02-23,16,6,72,1,0.15,112.28
1027,2024-10-10,10,23,124,1,0.0,202.43
1028,2023-09-16,5,9,367,1,0.0,14.86
1029,2024-03-09,13,9,38,1,0.1,13.37
1030,2024-04-04,20,24,246,1,0.0,195.36
1031,2024-08-19,13,9,274,1,0.0,14.86
1032,2024-06-02,14,6,279,1,0.0,132.1
1033,2023-02-07,12,8,360,1,0.1,159.08
1034,2024-07-03,20,22,327,2,0.0,594.82
1035,2023-03-29,4,17,394,1,0.0,115.98
1036,2023-09-12,12,8,86,1,0.0,176.75
1037,2024-10-24,20,23,23,1,0.15,172.07
1038,2024-07-30,13,14,496,2,0.0,99.58
1039,2023-12-06,14,18,55,1,0.0,216.73
1040,2023-01-11,4,20,133,1,0.0,176.04
1041,2023-08-16,17,4,383,3,0.15,562.71
1042,2024-06-15,18,15,298,1,0.0,62.21
1043,2024-12-05,15,22,192,1,0.1,267.67
1044,2024-02-05,15,18,396,1,0.0,216.73
1045,2024-11-26,17,20,78,2,0.0,352.08
1046,2023-12-20,16,15,54,1,0.0,62.21
1047,2023-10-30,14,9,472,1,0.0,14.86
1048,2023-03-29,4,6,426,1,0.0,132.1
1049,2023-05-26,12,20,160,3,0.1,475.31
1050,2023-12-18,7,11,267,1,0.1,9.94
1051,2024-05-09,12,23,244,1,0.0,202.43
1052,2023-04-10,15,21,370,1,0.0,155.14
1053,2024-12-14,3,7,154,1,0.0,150.73
1054,2023-02-15,4,6,12,1,0.1,118.89
1055,2023-12-18,6,14,477,3,0.1,134.43
1056,2023-09-07,17,24,90,1,0.0,195.36
1057,2024-07-19,6,4,170,1,0.0,220.67
1058,2024-07-27,14,11,491,1,0.0,11.04
1059,2024-04-18,8,19,409,1,0.0,132.95
1060,2024-02-19,6,13,96,1,0.0,191.56
1061,2024-10-17,14,3,203,2,0.0,169.04
1062,2023-01-30,20,2,453,1,0.0,14.78
1063,2023-07-22,15,10,304,2,0.15,242.68
1064,2024-03-15,13,2,3,1,0.0,14.78
1065,2024-12-09,3,12,296,1,0.0,76.5
1066,2023-04-15,18,5,96,2,0.0,67.36
1067,2024-01-10,11,23,101,1,0.1,182.19
1068,2024-04-13,4,20,135,1,0.0,176.04
1069,2024-11-17,17,13,495,1,0.0,191.56
1070,2024-10-16,11,9,306,1,0.0,14.86
1071,2024-02-02,20,14,201,1,0.0,49.79
1072,2024-08-24,4,20,179,4,0.0,704.16
1073,2023-12-27,20,21,89,2,0.1,279.25
1074,2024-11-20,10,7,471,2,0.0,301.46
1075,2024-09-21,19,22,44,1,0.2,237.93
1076,2024-11-04,8,8,157,1,0.1,159.08
1077,2023-04-30,6,23,192,1,0.0,202.43
1078,2024-12-13,14,18,306,1,0.0,216.73
1079,2023-05-22,19,18,197,1,0.0,216.73
1080,2024-03-09,6,20,250,1,0.0,176.04
1081,2024-10-12,18,16,356,1,0.0,99.12
1082,2024-10-22,6,6,285,2,0.15,224.57
1083,2023-06-20,16,9,148,1,0.2,11.89
1084,2023-05-24,6,24,162,3,0.1,527.47
1085,2024-04-06,20,12,28,1,0.0,76.5
1086,2024-01-03,1,17,249,1,0.0,115.98
1087,2023-05-20,7,14,418,1,0.0,49.79
1088,2024-01-29,18,4,259,1,0.2,176.54
1089,2024-10-30,16,25,210,2,0.0,288.06
1090,2024-12-02,15,22,251,1,0.0,297.41
1091,2023-06-21,3,9,290,2,0.0,29.72
1092,2023-02-01,8,1,150,1,0.15,104.03
1093,2023-02-03,9,23,116,1,0.0,202.43
1094,2024-07-04,10,9,87,1,0.0,14.86
1095,2024-04-13,19,10,381,2,0.0,285.5
1096,2024-05-22,18,2,262,2,0.0,29.56
1097,2023-04-26,19,23,59,3,0.0,607.29
1098,2023-10-02,18,16,422,1,0.0,99.12
1099,2024-01-11,18,13,422,1,0.0,191.56
1100,2023-02-12,15,11,280,1,0.0,11.04
1101,2023-08-12,14,1,53,1,0.0,122.39
1102,2024-10-31,8,1,153,1,0.0,122.39
1103,2023-02-03,15,25,135,1,0.0,144.03
1104,2023-12-23,3,10,225,1,0.0,142.75
1105,2023-05-01,8,9,108,1,0.0,14.86
1106,2024-08-25,12,8,441,1,0.0,176.75
1107,2024-12-28,14,1,85,1,0.0,122.39
1108,2024-09-22,5,19,402,3,0.0,398.85
1109,2023-07-31,7,6,413,1,0.0,132.1
1110,2023-03-02,19,15,180,1,0.0,62.21
1111,2024-06-29,9,25,306,3,0.1,388.88
1112,2024-07-05,6,2,166,1,0.1,13.3
1113,2024-12-19,9,5,488,1,0.0,33.68
1114,2024-06-10,4,12,70,1,0.0,76.5
1115,2024-02-26,2,25,142,1,0.0,144.03
1116,2024-11-28,5,10,128,1,0.0,142.75
1117,2023-05-30,11,1,425,1,0.0,122.39
1118,2023-09-11,13,2,251,2,0.0,29.56
1119,2023-05-26,19,11,324,1,0.0,11.04
1120,2023-10-03,14,20,193,1,0.0,176.04
1121,2024-04-07,3,21,325,1,0.0,155.14
1122,2023-04-06,13,9,264,2,0.0,29.72
1123,2023-10-12,12,3,233,1,0.0,84.52
1124,2024-05-14,11,11,298,2,0.1,19.87
1125,2023-01-03,3,24,375,2,0.0,390.72
1126,2024-04-14,12,19,436,1,0.0,132.95
1127,2023-03-06,18,18,204,3,0.15,552.66
1128,2023-08-12,14,1,423,4,0.0,489.56
1129,2023-08-05,16,8,138,2,0.0,353.5
1130,2023-11-27,11,17,281,1,0.0,115.98
1131,2024-08-14,5,21,290,1,0.0,155.14
1132,2024-05-11,11,3,458,1,0.0,84.52
1133,2024-11-29,2,19,51,4,0.0,531.8
1134,2024-10-03,15,14,9,1,0.0,49.79
1135,2023-05-08,6,2,226,1,0.1,13.3
1136,2024-04-12,1,12,491,4,0.1,275.4
1137,2024-03-14,7,24,353,1,0.0,195.36
1138,2023-05-16,10,8,82,1,0.0,176.75
1139,2023-10-08,3,17,336,1,0.0,115.98
1140,2024-01-05,9,22,43,1,0.0,297.41
1141,2024-01-16,6,13,27,2,0.0,383.12
1142,2024-02-10,10,14,372,1,0.0,49.79
1143,2024-12-17,14,17,336,1,0.0,115.98
1144,2023-04-04,4,20,1,1,0.0,176.04
1145,2023-08-07,16,17,40,3,0.0,347.94
1146,2023-05-16,19,18,116,2,0.0,433.46
1147,2024-06-15,15,25,5,1,0.0,144.03
1148,2023-01-09,11,25,419,1,0.0,144.03
1149,2023-05-04,14,9,356,3,0.0,44.58
1150,2023-05-16,16,23,37,1,0.0,202.43
1151,2023-08-23,13,3,46,2,0.0,169.04
1152,2023-04-15,4,7,161,1,0.0,150.73
1153,2024-01-12,10,23,71,2,0.1,364.37
1154,2024-01-27,5,11,329,1,0.0,11.04
1155,2024-11-17,19,1,5,1,0.0,122.39
1156,2024-09-16,6,17,226,1,0.0,115.98
1157,2023-12-26,5,13,471,1,0.0,191.56
1158,2024-02-26,20,7,352,1,0.0,150.73
1159,2024-03-29,7,12,45,1,0.0,76.5
1160,2023-04-13,5,15,386,2,0.0,124.42
1161,2023-05-07,19,7,374,1,0.0,150.73
1162,2024-01-29,12,14,494,2,0.0,99.58
1163,2024-03-15,11,23,406,2,0.0,404.86
1164,2023-05-24,8,11,142,2,0.0,22.08
1165,2024-10-22,3,19,128,1,0.1,119.65
1166,2024-07-20,20,16,308,2,0.0,198.24
1167,2024-09-14,10,9,399,1,0.1,13.37
1168,2024-12-28,10,22,106,1,0.0,297.41
1169,2024-06-14,20,19,261,4,0.15,452.03
1170,2023-07-13,13,16,152,1,0.0,99.12
1171,2024-10-23,2,20,402,1,0.0,176.04
1172,2023-09-03,16,13,198,1,0.0,191.56
1173,2023-04-26,8,3,256,4,0.0,338.08
1174,2024-10-15,20,15,37,1,0.0,62.21
1175,2024-06-24,1,23,185,2,0.0,404.86
1176,2023-11-28,19,13,216,1,0.0,191.56
1177,2024-01-10,18,11,350,1,0.0,11.04
1178,2023-06-26,16,20,489,1,0.0,176.04
1179,2023-03-16,1,2,301,1,0.0,14.78
1180,2023-03-11,1,24,135,2,0.0,390.72
1181,2023-08-09,2,16,473,2,0.1,178.42
1182,2023-03-03,13,7,260,1,0.0,150.73
1183,2023-10-21,17,8,393,1,0.0,176.75
1184,2024-03-01,14,2,360,2,0.15,25.13
1185,2024-02-16,3,8,328,2,0.15,300.47
1186,2024-07-03,18,16,316,1,0.0,99.12
1187,2023-06-06,9,22,43,1,0.0,297.41
1188,2023-11-07,5,3,275,1,0.1,76.07
1189,2023-12-21,3,13,159,1,0.15,162.83
1190,2024-12-16,8,21,30,2,0.1,279.25
1191,2023-09-08,3,17,474,1,0.0,115.98
1192,2024-03-20,4,15,233,1,0.0,62.21
1193,2024-09-18,20,13,29,2,0.0,383.12
1194,2023-11-13,6,25,62,1,0.1,129.63
1195,2023-01-13,5,9,360,1,0.15,12.63
1196,2023-01-12,6,5,255,2,0.0,67.36
1197,2023-12-22,9,10,86,2,0.0,285.5
1198,2024-01-16,5,3,384,2,0.0,169.04
1199,2023-10-03,4,6,395,1,0.0,132.1
1200,2023-01-31,11,3,414,2,0.0,169.04
1201,2024-03-15,9,7,269,1,0.0,150.73
1202,2023-03-07,9,2,365,1,0.0,14.78
1203,2024-08-13,3,2,255,1,0.0,14.78
1204,2024-04-11,17,10,185,2,0.0,285.5
1205,2023-02-26,16,4,440,3,0.0,662.01
1206,2024-08-03,6,16,189,1,0.0,99.12
1207,2023-06-11,9,2,396,1,0.0,14.78
1208,2023-04-16,19,16,346,1,0.0,99.12
1209,2023-04-29,8,5,380,2,0.0,67.36
1210,2024-06-05,1,17,23,3,0.0,347.94
1211,2023-01-13,8,23,24,2,0.0,404.86
1212,2024-04-28,12,12,197,2,0.0,153.0
1213,2023-06-03,6,6,477,1,0.0,132.1
1214,2023-02-06,18,12,412,2,0.0,153.0
1215,2024-11-02,11,1,128,2,0.0,244.78
1216,2024-03-02,11,15,139,1,0.0,62.21
1217,2023-03-21,19,9,191,1,0.2,11.89
1218,2023-05-03,17,8,345,3,0.0,530.25
1219,2023-02-23,6,9,115,1,0.0,14.86
1220,2024-06-12,2,9,489,1,0.0,14.86
1221,2024-02-15,3,19,450,1,0.0,132.95
1222,2024-04-21,10,12,397,1,0.0,76.5
1223,2023-11-18,15,3,5,1,0.0,84.52
1224,2024-01-13,7,21,150,2,0.2,248.22
1225,2024-07-31,10,8,379,3,0.0,530.25
1226,2024-09-29,8,25,238,2,0.15,244.85
1227,2024-01-13,19,5,498,2,0.0,67.36
1228,2024-05-20,7,2,376,1,0.0,14.78
1229,2024-07-13,8,2,78,1,0.0,14.78
1230,2023-01-07,14,1,13,1,0.0,122.39
1231,2023-08-27,18,17,178,2,0.0,231.96
1232,2024-10-13,1,18,487,2,0.0,433.46
1233,2023-12-22,13,24,435,1,0.0,195.36
1234,2023-11-17,8,1,215,1,0.0,122.39
1235,2024-05-18,2,19,498,1,0.0,132.95
1236,2023-05-26,9,8,48,1,0.1,159.08
1237,2023-02-14,8,25,460,1,0.0,144.03
1238,2024-06-16,14,7,359,1,0.0,150.73
1239,2024-01-17,15,5,499,2,0.0,67.36
1240,2023-03-28,19,3,49,2,0.0,169.04
1241,2024-06-01,5,14,327,1,0.0,49.79
1242,2024-02-08,3,4,304,2,0.0,441.34
1243,2024-08-04,2,14,223,1,0.0,49.79
1244,2024-11-09,8,11,150,1,0.0,11.04
1245,2023-09-25,11,23,475,1,0.0,202.43
1246,2024-02-07,11,4,163,2,0.0,441.34
1247,2024-04-08,9,16,120,2,0.0,198.24
1248,2023-03-18,7,16,70,2,0.0,198.24
1249,2024-08-21,4,22,80,1,0.0,297.41
1250,2023-04-19,6,15,231,1,0.0,62.21
1251,2024-04-22,11,11,209,1,0.0,11.04
1252,2023-05-04,18,20,184,1,0.1,158.44
1253,2023-08-01,15,9,158,1,0.0,14.86
1254,2024-04-19,9,6,437,1,0.0,132.1
1255,2023-05-03,3,17,81,1,0.0,115.98
1256,2024-12-23,20,19,21,1,0.0,132.95
1257,2023-08-09,11,22,76,1,0.2,237.93
1258,2023-04-04,8,24,496,1,0.0,195.36
1259,2023-12-02,10,13,134,1,0.0,191.56
1260,2023-06-28,1,9,488,1,0.1,13.37
1261,2024-02-19,15,22,285,1,0.0,297.41
1262,2024-07-17,8,12,49,1,0.0,76.5
1263,2024-04-18,4,21,412,1,0.0,155.14
1264,2023-05-24,4,11,7,3,0.0,33.12
1265,2023-03-05,8,9,67,2,0.15,25.26
1266,2023-07-22,13,25,191,1,0.0,144.03
1267,2024-12-03,3,22,299,2,0.2,475.86
1268,2024-08-23,9,24,470,1,0.2,156.29
1269,2023-03-18,1,8,34,2,0.0,353.5
1270,2023-07-22,15,15,415,1,0.0,62.21
1271,2023-05-12,3,25,464,1,0.0,144.03
1272,2023-12-15,2,9,87,1,0.0,14.86
1273,2024-08-10,14,19,421,3,0.0,398.85
1274,2024-02-09,16,22,16,2,0.0,594.82
1275,2024-01-27,14,9,89,1,0.0,14.86
1276,2023-12-06,9,21,144,3,0.0,465.42
1277,2024-04-01,5,14,18,3,0.0,149.37
1278,2024-09-20,20,2,316,1,0.1,13.3
1279,2023-09-09,10,12,256,3,0.0,229.5
1280,2024-02-26,18,1,246,1,0.0,122.39
1281,2023-03-04,3,15,144,1,0.0,62.21
1282,2024-01-28,5,19,215,1,0.0,132.95
1283,2023-07-24,17,15,128,1,0.0,62.21
1284,2024-10-07,18,14,407,3,0.0,149.37
1285,2023-01-20,13,18,401,2,0.1,390.11
1286,2024-12-18,16,21,177,1,0.0,155.14
1287,2024-08-02,17,20,165,4,0.0,704.16
1288,2024-02-02,9,18,93,1,0.0,216.73
1289,2023-01-27,11,4,306,1,0.0,220.67
1290,2023-08-13,1,10,459,1,0.0,142.75
1291,2023-10-15,2,3,415,1,0.0,84.52
1292,2024-04-28,17,12,184,1,0.0,76.5
1293,2024-08-21,8,1,499,2,0.2,195.82
1294,2023-06-13,4,6,127,1,0.0,132.1
1295,2024-11-18,2,12,392,1,0.0,76.5
1296,2023-08-13,19,13,434,3,0.0,574.68
1297,2024-02-02,12,20,479,1,0.0,176.04
1298,2023-06-27,6,23,122,2,0.0,404.86
1299,2024-08-29,11,24,413,2,0.0,390.72
1300,2024-12-19,1,18,361,2,0.0,433.46
1301,2024-12-19,19,24,73,1,0.1,175.82
1302,2024-07-30,7,15,429,1,0.0,62.21
1303,2024-05-19,18,13,159,1,0.1,172.4
1304,2023-06-29,16,14,20,3,0.15,126.96
1305,2023-04-03,2,1,120,2,0.0,244.78
1306,2024-09-08,8,1,11,1,0.0,122.39
1307,2024-06-23,16,8,1,4,0.0,707.0
1308,2023-12-06,7,24,413,1,0.0,195.36
1309,2023-05-14,11,11,368,1,0.0,11.04
1310,2023-07-01,11,8,31,1,0.0,176.75
1311,2023-01-23,5,7,301,2,0.0,301.46
1312,2024-12-22,4,15,434,1,0.0,62.21
1313,2024-06-22,12,15,492,1,0.0,62.21
1314,2023-03-16,12,5,361,1,0.0,33.68
1315,2024-11-04,11,10,155,3,0.0,428.25
1316,2023-11-06,14,5,406,1,0.0,33.68
1317,2024-10-16,16,18,333,2,0.0,433.46
1318,2023-11-18,20,8,403,1,0.0,176.75
1319,2024-01-01,8,7,341,1,0.2,120.58
1320,2024-08-26,6,1,194,2,0.0,244.78
1321,2023-11-11,10,15,66,1,0.0,62.21
1322,2023-07-01,1,6,486,1,0.2,105.68
1323,2024-12-19,13,24,436,2,0.0,390.72
1324,2024-08-04,2,13,94,1,0.15,162.83
1325,2024-09-08,11,2,472,1,0.1,13.3
1326,2024-09-18,8,16,328,1,0.0,99.12
1327,2024-08-02,4,21,480,1,0.0,155.14
1328,2024-05-23,5,18,170,1,0.1,195.06
1329,2023-03-21,8,18,178,1,0.0,216.73
1330,2023-11-03,11,14,229,2,0.0,99.58
1331,2023-01-12,9,14,108,1,0.1,44.81
1332,2023-09-13,3,17,180,2,0.0,231.96
1333,2023-09-20,4,18,369,1,0.0,216.73
1334,2023-01-02,2,13,198,1,0.0,191.56
1335,2024-03-24,14,6,497,1,0.15,112.28
1336,2023-06-20,14,6,253,1,0.0,132.1
1337,2024-01-23,12,22,280,1,0.0,297.41
1338,2024-01-20,4,19,425,1,0.0,132.95
1339,2024-05-05,19,21,334,1,0.0,155.14
1340,2024-12-15,3,6,410,1,0.0,132.1
1341,2023-02-04,10,15,11,1,0.0,62.21
1342,2023-11-04,3,9,176,1,0.0,14.86
1343,2023-06-24,13,18,83,2,0.1,390.11
1344,2023-03-18,18,14,483,2,0.0,99.58
1345,2023-04-06,11,16,305,1,0.0,99.12
1346,2024-09-20,16,6,361,2,0.0,264.2
1347,2023-02-01,14,7,483,1,0.0,150.73
1348,2024-10-31,6,2,311,1,0.15,12.56
1349,2024-03-20,6,17,28,1,0.0,115.98
1350,2023-04-14,11,25,106,1,0.0,144.03
1351,2023-07-14,14,14,357,2,0.0,99.58
1352,2024-07-21,18,21,136,1,0.0,155.14
1353,2024-11-08,4,19,26,3,0.0,398.85
1354,2024-02-07,19,12,282,1,0.0,76.5
1355,2024-05-17,5,15,28,2,0.2,99.54
1356,2024-01-05,1,20,219,2,0.0,352.08
1357,2023-03-31,10,25,422,1,0.0,144.03
1358,2024-11-08,16,21,103,1,0.0,155.14
1359,2023-04-10,1,2,106,1,0.0,14.78
1360,2023-06-24,10,21,42,1,0.0,155.14
1361,2024-04-29,4,14,158,2,0.0,99.58
1362,2024-02-12,16,4,251,1,0.0,220.67
1363,2024-11-21,18,17,199,3,0.0,347.94
1364,2023-07-09,12,20,454,1,0.0,176.04
1365,2024-01-26,12,10,96,1,0.0,142.75
1366,2024-04-01,2,9,135,4,0.0,59.44
1367,2024-03-26,15,8,135,1,0.0,176.75
1368,2023-08-20,9,5,289,3,0.1,90.94
1369,2023-03-05,5,15,386,4,0.0,248.84
1370,2024-12-14,3,3,343,1,0.0,84.52
1371,2023-12-19,14,16,498,3,0.0,297.36
1372,2024-08-26,8,25,284,1,0.0,144.03
1373,2023-03-04,13,11,420,2,0.0,22.08
1374,2024-06-19,14,14,495,1,0.0,49.79
1375,2024-07-02,16,4,294,1,0.0,220.67
1376,2023-08-30,16,23,154,1,0.2,161.94
1377,2023-03-22,13,19,463,2,0.0,265.9
1378,2023-02-05,17,6,293,1,0.2,105.68
1379,2024-06-13,19,13,347,1,0.0,191.56
1380,2024-09-27,5,2,62,1,0.0,14.78
1381,2024-04-04,6,17,486,2,0.0,231.96
1382,2023-06-21,7,13,414,2,0.0,383.12
1383,2023-07-17,5,4,22,1,0.1,198.6
1384,2024-03-09,3,23,350,1,0.0,202.43
1385,2024-03-21,7,14,422,2,0.0,99.58
1386,2024-10-04,5,8,428,1,0.0,176.75
1387,2024-09-01,9,24,164,2,0.0,390.72
1388,2023-03-10,3,19,199,1,0.0,132.95
1389,2024-07-23,13,17,283,1,0.1,104.38
1390,2023-11-30,17,23,235,1,0.0,202.43
1391,2023-01-13,20,3,301,1,0.1,76.07
1392,2024-06-19,14,20,58,4,0.1,633.74
1393,2024-02-29,5,13,76,1,0.1,172.4
1394,2024-08-03,19,15,299,1,0.0,62.21
1395,2023-04-13,4,21,289,1,0.0,155.14
1396,2023-04-14,10,22,445,2,0.0,594.82
1397,2024-07-02,12,8,450,1,0.0,176.75
1398,2024-02-25,9,8,197,1,0.2,141.4
1399,2024-11-01,20,7,243,1,0.0,150.73
1400,2023-02-08,6,5,142,1,0.0,33.68
1401,2024-02-17,5,24,317,1,0.0,195.36
1402,2024-09-15,13,3,20,1,0.0,84.52
1403,2024-02-10,11,19,354,3,0.0,398.85
1404,2023-09-01,2,14,382,1,0.0,49.79
1405,2024-05-01,9,17,460,2,0.0,231.96
1406,2024-01-17,1,14,173,1,0.0,49.79
1407,2023-11-27,16,4,440,1,0.2,176.54
1408,2024-12-13,8,9,69,2,0.0,29.72
1409,2023-11-04,15,20,397,2,0.0,352.08
1410,2023-11-14,20,23,331,1,0.0,202.43
1411,2023-04-02,7,4,227,3,0.15,562.71
1412,2023-08-05,14,16,380,2,0.15,168.5
1413,2024-05-11,17,12,445,2,0.0,153.0
1414,2024-01-18,2,7,264,1,0.0,150.73
1415,2023-06-12,3,14,160,4,0.0,199.16
1416,2024-12-27,5,10,400,1,0.0,142.75
1417,2024-06-20,19,3,15,1,0.0,84.52
1418,2023-06-27,7,22,449,1,0.1,267.67
1419,2023-07-25,2,21,128,1,0.0,155.14
1420,2023-02-03,15,20,26,1,0.0,176.04
1421,2024-01-05,7,1,141,1,0.2,97.91
1422,2024-01-13,15,2,259,3,0.2,35.47
1423,2024-02-11,4,8,349,1,0.2,141.4
1424,2023-02-01,8,11,191,1,0.0,11.04
1425,2024-05-15,20,16,229,2,0.0,198.24
1426,2023-07-01,16,1,301,1,0.0,122.39
1427,2024-07-18,12,18,177,1,0.0,216.73
1428,2023-06-17,9,23,384,1,0.2,161.94
1429,2024-12-01,13,4,26,1,0.0,220.67
1430,2023-06-16,19,1,400,1,0.0,122.39
1431,2023-08-08,8,13,332,1,0.0,191.56
1432,2023-08-19,7,1,138,2,0.0,244.78
1433,2024-10-29,14,2,263,1,0.2,11.82
1434,2023-01-21,1,2,243,4,0.0,59.12
1435,2023-05-16,6,10,308,1,0.0,142.75
1436,2023-01-09,8,3,130,1,0.0,84.52
1437,2024-09-14,10,16,365,2,0.1,178.42
1438,2024-12-27,14,5,459,1,0.0,33.68
1439,2024-01-21,12,9,236,2,0.0,29.72
1440,2023-09-16,7,10,239,1,0.15,121.34
1441,2023-11-06,20,8,204,1,0.1,159.08
1442,2024-08-21,4,21,4,1,0.0,155.14
1443,2024-06-07,12,20,288,1,0.0,176.04
1444,2024-10-24,20,16,312,1,0.0,99.12
1445,2023-10-17,10,5,351,1,0.0,33.68
1446,2023-04-21,16,23,33,1,0.0,202.43
1447,2023-12-11,11,23,442,4,0.0,809.72
1448,2023-10-11,9,8,336,2,0.1,318.15
1449,2024-12-29,10,11,97,1,0.0,11.04
1450,2023-06-03,17,13,392,1,0.0,191.56
1451,2023-09-04,2,23,413,1,0.2,161.94
1452,2024-09-06,13,11,339,1,0.0,11.04
1453,2023-11-24,1,23,336,1,0.0,202.43
1454,2024-05-24,10,17,133,1,0.0,115.98
1455,2024-03-04,13,5,199,1,0.0,33.68
1456,2023-02-06,19,2,363,1,0.0,14.78
1457,2024-08-08,7,4,176,1,0.0,220.67
1458,2024-12-18,16,8,465,2,0.0,353.5
1459,2024-11-10,6,24,431,3,0.2,468.86
1460,2024-11-04,6,11,151,1,0.0,11.04
1461,2023-04-10,16,15,66,1,0.0,62.21
1462,2023-09-22,18,12,391,1,0.0,76.5
1463,2023-07-07,11,20,336,1,0.15,149.63
1464,2023-04-02,8,25,182,1,0.0,144.03
1465,2023-08-17,10,8,216,1,0.1,159.08
1466,2023-12-19,10,10,238,1,0.0,142.75
1467,2023-05-01,16,21,28,1,0.0,155.14
1468,2024-10-11,19,6,298,1,0.0,132.1
1469,2024-09-27,3,19,242,1,0.0,132.95
1470,2023-07-19,17,9,62,1,0.0,14.86
1471,2024-11-10,14,12,28,1,0.0,76.5
1472,2023-06-04,5,7,103,1,0.1,135.66
1473,2023-12-17,19,24,458,1,0.1,175.82
1474,2024-04-13,5,6,162,1,0.15,112.28
1475,2023-07-04,3,18,250,2,0.1,390.11
1476,2023-12-07,6,19,161,2,0.0,265.9
1477,2024-10-11,2,11,3,2,0.0,22.08
1478,2024-04-07,9,16,108,1,0.1,89.21
1479,2023-06-22,19,11,392,1,0.0,11.04
1480,2023-06-12,16,19,403,1,0.15,113.01
1481,2023-04-01,5,6,315,1,0.0,132.1
1482,2024-03-20,14,8,207,1,0.0,176.75
1483,2024-03-15,16,17,197,1,0.0,115.98
1484,2023-01-05,2,21,274,1,0.0,155.14
1485,2023-07-24,12,5,487,3,0.0,101.04
1486,2023-01-15,11,20,388,1,0.0,176.04
1487,2024-06-27,7,10,10,1,0.0,142.75
1488,2024-11-24,8,8,116,1,0.0,176.75
1489,2024-12-11,10,14,67,1,0.0,49.79
1490,2023-04-16,13,19,258,1,0.0,132.95
1491,2024-08-25,10,3,86,1,0.0,84.52
1492,2023-03-08,2,1,153,1,0.0,122.39
1493,2023-10-25,15,16,373,1,0.0,99.12
1494,2024-06-16,20,19,269,1,0.0,132.95
1495,2023-12-12,5,3,176,2,0.0,169.04
1496,2024-05-16,12,21,385,1,0.0,155.14
1497,2023-07-12,6,4,486,2,0.1,397.21
1498,2024-02-18,1,18,117,1,0.0,216.73
1499,2023-08-18,5,12,109,1,0.0,76.5
1500,2023-01-23,19,3,259,1,0.0,84.52
1501,2023-06-23,4,24,188,1,0.0,195.36
1502,2024-12-29,2,14,193,1,0.0,49.79
1503,2024-10-17,9,1,395,1,0.0,122.39
1504,2024-07-01,20,1,25,2,0.0,244.78
1505,2024-08-31,2,15,339,1,0.0,62.21
1506,2023-04-21,1,5,25,2,0.0,67.36
1507,2024-12-15,13,3,64,2,0.0,169.04
1508,2024-07-14,9,15,243,2,0.0,124.42
1509,2024-12-23,1,21,155,2,0.0,310.28
1510,2024-03-06,4,8,340,1,0.0,176.75
1511,2024-06-16,9,5,319,1,0.0,33.68
1512,2024-09-12,5,16,215,1,0.0,99.12
1513,2023-04-18,17,5,369,1,0.0,33.68
1514,2024-09-24,4,25,145,2,0.0,288.06
1515,2023-04-27,4,12,255,1,0.0,76.5
1516,2023-07-23,20,24,103,1,0.0,195.36
1517,2023-09-27,17,6,499,1,0.15,112.28
1518,2023-07-26,12,20,361,1,0.0,176.04
1519,2024-02-24,10,21,83,1,0.1,139.63
1520,2023-02-10,18,12,255,1,0.0,76.5
1521,2023-08-01,16,5,170,1,0.0,33.68
1522,2023-08-29,1,7,7,1,0.0,150.73
1523,2024-11-04,19,16,343,1,0.0,99.12
1524,2024-05-20,5,15,487,1,0.0,62.21
1525,2023-04-03,17,12,39,1,0.0,76.5
1526,2023-04-14,9,14,330,1,0.0,49.79
1527,2023-08-25,15,23,152,3,0.0,607.29
1528,2023-09-28,15,11,26,1,0.0,11.04
1529,2023-04-13,6,6,448,1,0.15,112.28
1530,2023-02-10,10,21,185,1,0.0,155.14
1531,2024-11-24,4,6,49,1,0.0,132.1
1532,2023-02-16,1,23,437,3,0.0,607.29
1533,2023-05-22,6,7,169,1,0.0,150.73
1534,2024-01-02,15,4,490,1,0.0,220.67
1535,2024-09-28,9,3,450,4,0.0,338.08
1536,2023-04-06,12,22,418,1,0.0,297.41
1537,2023-12-13,13,5,493,1,0.0,33.68
1538,2024-04-12,9,1,428,1,0.0,122.39
1539,2024-01-30,16,18,410,1,0.0,216.73
1540,2024-03-07,6,8,58,1,0.1,159.08
1541,2023-05-16,2,1,483,4,0.0,489.56
1542,2023-06-13,4,9,214,2,0.0,29.72
1543,2024-08-27,16,24,411,2,0.0,390.72
1544,2024-08-05,15,8,93,2,0.0,353.5
1545,2024-09-17,13,3,399,1,0.0,84.52
1546,2024-01-03,20,18,15,2,0.0,433.46
1547,2024-12-01,5,3,248,2,0.0,169.04
1548,2024-05-14,4,21,455,2,0.0,310.28
1549,2024-02-26,15,18,24,1,0.0,216.73
1550,2023-03-06,9,10,336,2,0.0,285.5
1551,2023-11-28,17,2,393,1,0.0,14.78
1552,2024-08-13,19,23,115,2,0.0,404.86
1553,2024-11-16,17,14,268,2,0.0,99.58
1554,2024-12-05,4,15,222,1,0.1,55.99
1555,2024-11-08,16,25,178,1,0.0,144.03
1556,2024-11-10,13,24,77,2,0.1,351.65
1557,2024-07-25,20,14,28,1,0.0,49.79
1558,2023-01-12,6,24,259,1,0.0,195.36
1559,2024-04-25,16,18,446,2,0.0,433.46
1560,2023-06-19,3,20,385,1,0.0,176.04
1561,2024-05-18,11,6,124,1,0.0,132.1
1562,2023-12-05,2,24,260,1,0.0,195.36
1563,2023-08-17,18,7,330,1,0.0,150.73
1564,2024-01-23,13,19,419,2,0.0,265.9
1565,2023-08-29,3,2,236,2,0.1,26.6
1566,2024-03-30,19,19,230,2,0.1,239.31
1567,2023-04-01,16,12,229,1,0.0,76.5
1568,2023-11-16,1,9,53,1,0.15,12.63
1569,2024-02-18,14,21,19,1,0.0,155.14
1570,2024-07-24,18,23,1,1,0.0,202.43
1571,2023-04-04,20,23,494,1,0.0,202.43
1572,2024-09-25,10,11,456,1,0.0,11.04
1573,2024-06-04,18,6,106,1,0.0,132.1
1574,2024-11-01,11,23,187,1,0.0,202.43
1575,2023-02-25,8,24,433,1,0.0,195.36
1576,2024-04-10,11,11,287,1,0.1,9.94
1577,2024-09-26,20,2,243,1,0.1,13.3
1578,2024-11-15,4,7,50,1,0.0,150.73
1579,2024-11-11,12,23,425,1,0.15,172.07
1580,2024-10-10,10,3,281,1,0.0,84.52
1581,2024-06-18,12,4,360,1,0.0,220.67
1582,2023-04-19,2,19,460,1,0.1,119.65
1583,2023-06-18,16,7,72,2,0.0,301.46
1584,2024-02-24,4,9,131,1,0.15,12.63
1585,2024-09-17,7,6,97,1,0.0,132.1
1586,2023-05-04,13,25,111,1,0.0,144.03
1587,2024-04-13,7,20,367,2,0.0,352.08
1588,2023-12-14,2,13,475,1,0.0,191.56
1589,2024-10-10,19,2,64,2,0.0,29.56
1590,2024-04-06,15,8,338,1,0.1,159.08
1591,2024-08-26,17,6,69,1,0.0,132.1
1592,2024-05-25,1,20,272,3,0.0,528.12
1593,2023-02-19,18,16,479,1,0.0,99.12
1594,2024-03-19,19,5,248,1,0.0,33.68
1595,2024-06-04,6,9,355,2,0.0,29.72
1596,2024-08-15,6,5,375,2,0.0,67.36
1597,2023-05-12,4,5,199,1,0.0,33.68
1598,2024-11-04,11,5,259,1,0.1,30.31
1599,2024-01-29,14,12,312,1,0.0,76.5
1600,2024-12-10,9,21,204,1,0.0,155.14
1601,2023-12-18,15,9,413,1,0.15,12.63
1602,2023-05-17,5,17,212,1,0.0,115.98
1603,2024-09-08,17,11,154,1,0.15,9.38
1604,2024-12-19,11,6,365,2,0.1,237.78
1605,2024-07-20,7,9,103,1,0.0,14.86
1606,2023-08-03,20,11,366,1,0.0,11.04
1607,2023-10-25,12,15,472,1,0.0,62.21
1608,2024-11-23,6,10,258,2,0.1,256.95
1609,2024-07-09,11,10,364,1,0.0,142.75
1610,2023-04-29,12,2,288,1,0.0,14.78
1611,2024-05-06,19,20,293,1,0.0,176.04
1612,2024-11-14,18,16,147,2,0.0,198.24
1613,2024-03-08,1,16,268,1,0.1,89.21
1614,2023-04-20,1,8,196,1,0.0,176.75
1615,2023-05-29,2,2,344,2,0.0,29.56
1616,2023-02-27,7,4,137,2,0.0,441.34
1617,2023-06-14,10,12,350,2,0.0,153.0
1618,2023-09-14,5,9,430,2,0.0,29.72
1619,2023-03-05,10,12,105,2,0.0,153.0
1620,2024-07-08,2,6,184,1,0.0,132.1
1621,2024-04-08,4,25,316,1,0.1,129.63
1622,2024-11-22,8,22,381,1,0.0,297.41
1623,2024-10-24,18,16,200,2,0.0,198.24
1624,2023-09-01,17,8,402,1,0.0,176.75
1625,2024-12-22,2,2,475,1,0.0,14.78
1626,2024-01-26,13,2,214,1,0.0,14.78
1627,2024-12-18,2,12,7,4,0.1,275.4
1628,2023-09-15,7,4,318,1,0.0,220.67
1629,2024-03-29,8,3,467,1,0.0,84.52
1630,2024-10-10,12,10,387,2,0.0,285.5
1631,2024-08-25,18,22,379,4,0.0,1189.64
1632,2024-09-09,7,16,398,1,0.0,99.12
1633,2023-07-18,10,10,230,1,0.0,142.75
1634,2023-07-01,3,9,96,1,0.0,14.86
1635,2023-06-27,17,16,62,1,0.0,99.12
1636,2024-01-22,2,9,220,2,0.0,29.72
1637,2023-10-13,18,16,136,1,0.0,99.12
1638,2023-05-14,6,4,300,2,0.0,441.34
1639,2023-09-19,1,6,170,2,0.0,264.2
1640,2024-04-22,5,21,21,1,0.0,155.14
1641,2023-06-07,11,13,306,1,0.0,191.56
1642,2023-02-22,20,17,432,1,0.15,98.58
1643,2024-11-26,19,2,282,3,0.0,44.34
1644,2024-01-02,3,21,402,3,0.0,465.42
1645,2024-12-08,6,1,267,2,0.0,244.78
1646,2023-03-11,17,7,82,2,0.0,301.46
1647,2024-03-01,18,6,275,1,0.0,132.1
1648,2024-02-18,3,14,179,2,0.0,99.58
1649,2023-08-15,7,5,340,1,0.0,33.68
1650,2023-12-10,7,16,487,1,0.1,89.21
1651,2024-09-25,17,16,244,1,0.0,99.12
1652,2024-07-28,1,13,59,3,0.15,488.48
1653,2024-11-08,20,15,471,3,0.0,186.63
1654,2024-09-28,8,5,491,2,0.1,60.62
1655,2023-02-10,11,4,196,1,0.0,220.67
1656,2023-04-27,13,2,132,1,0.15,12.56
1657,2024-07-07,10,4,13,1,0.0,220.67
1658,2024-06-13,12,16,264,1,0.0,99.12
1659,2024-06-04,15,7,250,2,0.0,301.46
1660,2023-02-14,10,2,460,1,0.0,14.78
1661,2024-10-29,7,14,165,1,0.0,49.79
1662,2024-06-10,3,25,486,2,0.0,288.06
1663,2023-04-09,6,19,498,1,0.0,132.95
1664,2024-07-04,18,19,4,2,0.2,212.72
1665,2024-10-03,3,10,108,1,0.0,142.75
1666,2024-11-17,7,19,443,2,0.0,265.9
1667,2024-12-02,4,15,106,1,0.0,62.21
1668,2024-07-04,14,6,332,1,0.0,132.1
1669,2023-03-15,5,22,13,2,0.0,594.82
1670,2024-04-15,11,15,20,1,0.0,62.21
1671,2023-03-31,3,9,28,1,0.0,14.86
1672,2023-07-02,9,8,286,1,0.2,141.4
1673,2023-03-14,19,19,421,1,0.0,132.95
1674,2023-08-22,9,4,209,1,0.0,220.67
1675,2024-02-02,15,23,323,2,0.0,404.86
1676,2024-02-19,14,19,162,1,0.0,132.95
1677,2023-01-18,13,15,345,1,0.0,62.21
1678,2023-05-02,18,8,4,2,0.0,353.5
1679,2024-10-18,20,6,33,1,0.0,132.1
1680,2024-08-22,2,17,359,2,0.0,231.96
1681,2023-03-16,12,21,476,1,0.0,155.14
1682,2024-05-29,4,10,149,1,0.0,142.75
1683,2024-12-03,10,6,392,2,0.0,264.2
1684,2024-03-24,13,22,203,1,0.0,297.41
1685,2024-11-06,18,18,113,1,0.0,216.73
1686,2023-05-20,13,25,408,1,0.1,129.63
1687,2024-07-12,10,1,492,1,0.1,110.15
1688,2024-10-11,5,19,153,1,0.1,119.65
1689,2024-11-24,12,12,491,2,0.0,153.0
1690,2023-01-12,18,20,448,3,0.0,528.12
1691,2024-07-22,5,5,64,1,0.0,33.68
1692,2023-02-12,1,20,294,1,0.15,149.63
1693,2024-09-02,13,6,276,2,0.0,264.2
1694,2024-07-14,3,17,157,1,0.0,115.98
1695,2023-08-04,12,18,109,1,0.0,216.73
1696,2024-02-27,17,24,73,1,0.0,195.36
1697,2023-06-14,6,7,114,2,0.0,301.46
1698,2024-09-23,9,25,100,2,0.0,288.06
1699,2023-04-28,6,8,344,1,0.1,159.08
1700,2024-08-03,2,11,436,2,0.1,19.87
1701,2024-07-16,15,16,331,1,0.0,99.12
1702,2024-07-16,3,12,149,2,0.0,153.0
1703,2024-11-04,7,8,372,1,0.0,176.75
1704,2024-08-17,16,14,488,1,0.0,49.79
1705,2023-12-22,8,7,52,1,0.0,150.73
1706,2023-10-19,20,1,36,1,0.0,122.39
1707,2023-07-18,11,22,249,2,0.0,594.82
1708,2024-04-06,11,23,316,4,0.0,809.72
1709,2024-11-19,5,13,290,1,0.0,191.56
1710,2024-08-03,12,21,414,1,0.0,155.14
1711,2023-11-20,6,14,3,1,0.0,49.79
1712,2023-11-08,14,1,142,2,0.0,244.78
1713,2024-01-04,5,4,348,1,0.0,220.67
1714,2023-12-06,15,18,229,1,0.1,195.06
1715,2024-01-03,10,13,250,1,0.1,172.4
1716,2024-07-18,4,1,90,1,0.0,122.39
1717,2024-10-23,20,13,42,1,0.0,191.56
1718,2023-10-15,5,11,457,1,0.0,11.04
1719,2024-07-05,7,9,135,1,0.0,14.86
1720,2024-10-03,3,10,373,2,0.1,256.95
1721,2023-03-19,1,15,435,4,0.1,223.96
1722,2024-06-03,1,5,417,1,0.1,30.31
1723,2024-08-18,19,13,208,3,0.0,574.68
1724,2024-08-27,7,1,465,1,0.1,110.15
1725,2023-02-07,18,25,134,1,0.0,144.03
1726,2024-07-10,18,20,242,1,0.0,176.04
1727,2024-10-31,5,23,188,1,0.0,202.43
1728,2024-02-06,8,15,457,1,0.0,62.21
1729,2024-08-26,10,1,69,2,0.15,208.06
1730,2024-04-20,17,2,262,1,0.0,14.78
1731,2023-04-03,13,14,187,1,0.0,49.79
1732,2024-05-29,1,7,340,1,0.0,150.73
1733,2023-09-02,20,2,351,1,0.1,13.3
1734,2023-06-19,17,7,72,1,0.0,150.73
1735,2024-04-01,6,2,92,1,0.0,14.78
1736,2024-08-02,19,20,338,1,0.0,176.04
1737,2023-05-30,16,23,481,3,0.0,607.29
1738,2024-01-03,2,13,113,2,0.15,325.65
1739,2024-05-14,8,3,33,1,0.0,84.52
1740,2023-09-28,12,24,120,1,0.0,195.36
1741,2023-02-13,7,23,266,1,0.0,202.43
1742,2024-01-05,13,5,241,1,0.0,33.68
1743,2024-04-10,2,24,21,1,0.0,195.36
1744,2024-10-26,11,24,53,3,0.0,586.08
1745,2024-12-21,9,25,428,1,0.0,144.03
1746,2023-09-27,19,25,279,1,0.0,144.03
1747,2024-08-06,6,17,193,1,0.0,115.98
1748,2024-10-31,13,7,188,1,0.15,128.12
1749,2024-08-24,3,19,265,1,0.0,132.95
1750,2023-09-15,13,20,499,2,0.0,352.08
1751,2023-08-17,17,9,208,1,0.0,14.86
1752,2023-12-28,12,21,250,1,0.0,155.14
1753,2024-05-08,20,15,4,1,0.1,55.99
1754,2024-05-28,5,19,226,1,0.0,132.95
1755,2023-06-19,8,13,40,1,0.0,191.56
1756,2024-06-10,9,3,109,2,0.0,169.04
1757,2023-06-03,6,8,81,3,0.0,530.25
1758,2024-01-06,20,10,368,3,0.0,428.25
1759,2023-05-02,8,12,213,2,0.0,153.0
1760,2023-12-05,16,15,346,1,0.0,62.21
1761,2024-05-05,16,25,108,2,0.0,288.06
1762,2024-08-27,6,2,332,1,0.0,14.78
1763,2024-02-25,1,21,125,1,0.0,155.14
1764,2023-02-14,5,20,294,1,0.0,176.04
1765,2024-08-29,6,9,69,2,0.0,29.72
1766,2024-10-06,17,4,21,1,0.0,220.67
1767,2024-08-09,5,15,29,1,0.0,62.21
1768,2023-06-20,9,21,473,1,0.15,131.87
1769,2023-07-04,17,22,491,1,0.0,297.41
1770,2024-02-20,20,19,497,1,0.2,106.36
1771,2024-07-31,1,18,450,2,0.0,433.46
1772,2024-11-08,3,4,111,1,0.1,198.6
1773,2024-04-04,20,3,242,2,0.0,169.04
1774,2024-05-08,6,15,113,2,0.0,124.42
1775,2024-02-25,20,13,74,1,0.0,191.56
1776,2024-08-19,6,3,320,1,0.0,84.52
1777,2024-11-06,6,5,371,1,0.15,28.63
1778,2024-12-15,20,2,303,1,0.0,14.78
1779,2023-03-12,8,10,194,1,0.0,142.75
1780,2024-01-30,5,6,56,1,0.0,132.1
1781,2023-01-17,7,18,268,4,0.0,866.92
1782,2024-05-31,14,3,424,1,0.0,84.52
1783,2023-06-03,20,8,50,1,0.1,159.08
1784,2023-07-01,16,8,462,1,0.0,176.75
1785,2024-09-21,20,1,20,4,0.0,489.56
1786,2024-06-28,17,9,386,1,0.0,14.86
1787,2023-05-01,3,18,247,1,0.0,216.73
1788,2024-11-20,18,24,424,1,0.0,195.36
1789,2023-01-02,14,5,268,1,0.0,33.68
1790,2024-03-06,12,7,448,1,0.0,150.73
1791,2023-02-14,17,13,220,2,0.15,325.65
1792,2023-08-23,16,1,405,2,0.0,244.78
1793,2024-01-26,12,17,302,1,0.0,115.98
1794,2024-12-14,14,7,69,2,0.0,301.46
1795,2023-09-18,16,7,393,1,0.0,150.73
1796,2023-08-27,3,1,146,2,0.0,244.78
1797,2024-09-04,18,17,210,1,0.0,115.98
1798,2023-09-21,7,3,3,1,0.0,84.52
1799,2024-12-27,1,16,296,2,0.15,168.5
1800,2024-06-19,4,14,267,1,0.0,49.79
1801,2023-01-08,13,21,336,1,0.1,139.63
1802,2023-07-30,11,23,210,1,0.0,202.43
1803,2024-01-06,4,14,80,1,0.15,42.32
1804,2024-03-12,19,25,130,1,0.0,144.03
1805,2023-09-25,18,22,217,2,0.0,594.82
1806,2024-08-01,12,3,314,4,0.0,338.08
1807,2023-10-10,13,21,387,1,0.0,155.14
1808,2023-07-28,14,3,283,1,0.0,84.52
1809,2024-07-24,16,16,92,2,0.0,198.24
1810,2024-01-15,18,12,285,2,0.0,153.0
1811,2024-05-10,9,1,158,1,0.0,122.39
1812,2024-08-14,12,8,397,2,0.0,353.5
1813,2024-12-05,4,19,383,1,0.0,132.95
1814,2023-08-24,15,2,401,2,0.0,29.56
1815,2024-12-17,4,20,110,1,0.0,176.04
1816,2024-06-04,13,14,403,2,0.0,99.58
1817,2023-12-13,20,8,357,4,0.0,707.0
1818,2024-12-01,6,25,200,1,0.0,144.03
1819,2024-10-13,1,20,412,1,0.0,176.04
1820,2023-04-04,5,20,242,1,0.0,176.04
1821,2024-09-06,14,8,46,1,0.0,176.75
1822,2023-03-07,9,1,114,1,0.0,122.39
1823,2024-01-15,3,1,312,2,0.0,244.78
1824,2023-02-08,13,9,477,1,0.0,14.86
1825,2024-02-15,20,1,336,4,0.0,489.56
1826,2024-06-17,10,9,365,1,0.0,14.86
1827,2024-09-03,2,20,485,1,0.0,176.04
1828,2023-06-29,16,7,225,1,0.0,150.73
1829,2023-01-11,7,17,436,1,0.0,115.98
1830,2024-11-03,17,12,147,2,0.0,153.0
1831,2023-07-19,2,20,402,1,0.0,176.04
1832,2024-09-05,17,23,265,2,0.0,404.86
1833,2024-12-06,2,4,185,1,0.0,220.67
1834,2023-09-02,1,4,500,1,0.15,187.57
1835,2023-06-11,3,14,142,1,0.0,49.79
1836,2024-02-14,12,1,343,1,0.1,110.15
1837,2024-02-09,13,21,301,1,0.0,155.14
1838,2023-07-25,17,16,8,1,0.0,99.12
1839,2024-12-03,18,17,146,1,0.0,115.98
1840,2024-07-26,19,12,179,1,0.0,76.5
1841,2023-12-22,9,6,116,3,0.15,336.85
1842,2024-09-12,7,23,233,1,0.0,202.43
1843,2024-02-18,19,22,3,2,0.0,594.82
1844,2023-09-25,6,22,209,1,0.0,297.41
1845,2024-06-02,4,14,287,1,0.0,49.79
1846,2023-03-16,17,24,151,1,0.0,195.36
1847,2023-12-15,17,14,490,1,0.1,44.81
1848,2023-09-21,18,22,417,1,0.0,297.41
1849,2024-08-11,9,1,356,1,0.0,122.39
1850,2024-03-29,13,17,289,1,0.0,115.98
1851,2024-05-10,8,2,388,1,0.1,13.3
1852,2023-12-14,15,4,349,4,0.0,882.68
1853,2024-04-16,19,1,442,1,0.0,122.39
1854,2023-01-29,16,4,60,1,0.0,220.67
1855,2023-09-22,3,19,196,1,0.1,119.65
1856,2024-10-10,8,8,347,2,0.0,353.5
1857,2024-12-11,14,1,490,3,0.0,367.17
1858,2023-12-28,1,7,359,1,0.0,150.73
1859,2023-09-27,8,14,148,1,0.0,49.79
1860,2023-04-06,13,17,345,2,0.0,231.96
1861,2023-12-06,16,12,161,1,0.0,76.5
1862,2023-12-19,9,14,94,4,0.0,199.16
1863,2024-11-30,7,19,256,2,0.0,265.9
1864,2023-07-24,8,25,377,1,0.15,122.43
1865,2023-09-05,9,10,106,1,0.0,142.75
1866,2023-08-23,7,7,428,1,0.0,150.73
1867,2023-09-13,20,15,183,2,0.1,111.98
1868,2023-06-09,4,13,62,1,0.0,191.56
1869,2023-03-22,16,17,315,2,0.0,231.96
1870,2023-01-07,18,9,491,2,0.1,26.75
1871,2023-02-13,16,8,191,1,0.0,176.75
1872,2024-09-27,11,9,253,1,0.0,14.86
1873,2024-08-11,9,1,252,1,0.0,122.39
1874,2023-07-07,17,16,144,1,0.0,99.12
1875,2024-02-12,8,1,385,1,0.0,122.39
1876,2024-08-13,5,22,28,2,0.0,594.82
1877,2024-06-22,14,2,245,1,0.0,14.78
1878,2024-07-07,2,13,258,3,0.0,574.68
1879,2023-12-22,6,17,235,1,0.0,115.98
1880,2023-05-04,17,22,236,4,0.0,1189.64
1881,2023-11-20,1,22,346,2,0.0,594.82
1882,2023-08-04,13,4,298,1,0.0,220.67
1883,2023-04-14,11,1,186,1,0.0,122.39
1884,2024-09-19,9,14,96,1,0.0,49.79
1885,2024-07-15,9,14,122,2,0.0,99.58
1886,2023-10-03,16,21,491,1,0.0,155.14
1887,2024-09-19,11,13,188,1,0.0,191.56
1888,2023-07-08,16,25,218,1,0.0,144.03
1889,2023-08-04,14,17,359,1,0.0,115.98
1890,2024-01-17,12,3,438,1,0.0,84.52
1891,2024-02-15,9,16,231,1,0.1,89.21
1892,2023-07-04,19,25,68,1,0.0,144.03
1893,2024-08-12,8,1,417,1,0.0,122.39
1894,2023-04-13,9,2,412,1,0.1,13.3
1895,2023-08-30,18,16,222,1,0.0,99.12
1896,2024-01-26,7,5,75,1,0.0,33.68
1897,2023-06-03,16,4,413,1,0.0,220.67
1898,2023-01-10,6,2,216,1,0.0,14.78
1899,2024-05-26,5,14,458,1,0.0,49.79
1900,2024-10-07,17,3,274,2,0.15,143.68
1901,2023-11-20,10,24,129,2,0.0,390.72
1902,2024-07-29,19,11,25,1,0.1,9.94
1903,2024-02-12,4,23,354,1,0.1,182.19
1904,2023-06-17,2,9,111,1,0.1,13.37
1905,2023-09-18,16,1,430,1,0.0,122.39
1906,2024-10-06,4,14,231,1,0.1,44.81
1907,2023-12-12,18,3,286,1,0.0,84.52
1908,2023-09-21,12,22,11,2,0.0,594.82
1909,2024-02-26,4,8,180,1,0.0,176.75
1910,2024-11-26,7,1,296,1,0.0,122.39
1911,2024-08-12,18,19,90,2,0.0,265.9
1912,2023-10-19,12,18,167,2,0.0,433.46
1913,2024-11-20,15,4,456,1,0.0,220.67
1914,2023-03-22,13,2,315,1,0.0,14.78
1915,2023-10-21,15,7,324,1,0.1,135.66
1916,2023-05-29,6,22,328,1,0.0,297.41
1917,2023-12-12,20,1,293,1,0.0,122.39
1918,2024-02-19,3,24,41,1,0.15,166.06
1919,2023-06-15,11,5,117,1,0.0,33.68
1920,2023-11-10,9,20,310,1,0.0,176.04
1921,2024-10-22,13,13,139,2,0.0,383.12
1922,2024-03-31,12,14,383,1,0.0,49.79
1923,2024-08-24,17,23,495,1,0.0,202.43
1924,2024-04-06,14,12,86,2,0.0,153.0
1925,2023-07-08,1,24,65,1,0.0,195.36
1926,2023-08-29,9,11,482,1,0.0,11.04
1927,2024-12-18,7,9,86,1,0.0,14.86
1928,2024-02-11,4,10,49,1,0.0,142.75
1929,2023-03-07,16,2,281,1,0.15,12.56
1930,2023-02-25,1,6,395,2,0.2,211.36
1931,2024-02-11,17,6,392,1,0.0,132.1
1932,2023-03-27,4,23,135,1,0.0,202.43
1933,2024-09-24,5,15,44,1,0.0,62.21
1934,2024-11-01,13,24,159,1,0.0,195.36
1935,2023-08-23,8,15,378,1,0.0,62.21
1936,2023-10-18,15,20,321,1,0.0,176.04
1937,2023-05-10,5,22,270,1,0.0,297.41
1938,2023-06-24,1,2,18,1,0.0,14.78
1939,2024-11-11,16,19,240,1,0.0,132.95
1940,2024-07-07,9,1,281,1,0.1,110.15
1941,2024-03-31,5,22,497,1,0.0,297.41
1942,2024-12-15,19,12,306,1,0.0,76.5
1943,2024-04-12,19,14,223,1,0.0,49.79
1944,2024-06-20,18,6,159,1,0.0,132.1
1945,2023-12-22,8,4,413,1,0.15,187.57
1946,2023-04-02,15,10,158,2,0.0,285.5
1947,2024-01-10,14,7,134,1,0.1,135.66
1948,2023-06-09,10,22,6,1,0.0,297.41
1949,2023-01-01,17,2,418,1,0.0,14.78
1950,2023-05-20,12,11,147,1,0.2,8.83
1951,2024-04-25,18,15,5,3,0.15,158.64
1952,2024-12-05,16,14,154,1,0.0,49.79
1953,2023-01-10,14,19,409,1,0.15,113.01
1954,2023-10-27,20,12,119,1,0.0,76.5
1955,2023-01-08,18,20,192,3,0.0,528.12
1956,2023-07-13,14,3,452,1,0.0,84.52
1957,2024-07-28,14,11,203,1,0.0,11.04
1958,2023-09-13,6,6,367,2,0.0,264.2
1959,2024-10-23,13,9,425,1,0.0,14.86
1960,2024-01-23,8,17,135,1,0.0,115.98
1961,2023-03-23,14,16,321,1,0.0,99.12
1962,2023-09-03,17,24,392,2,0.0,390.72
1963,2024-09-19,9,8,146,1,0.0,176.75
1964,2024-10-26,18,22,415,1,0.0,297.41
1965,2023-10-03,14,9,97,4,0.0,59.44
1966,2023-03-12,6,16,70,2,0.0,198.24
1967,2023-10-24,4,9,327,2,0.0,29.72
1968,2024-04-11,20,2,232,1,0.0,14.78
1969,2023-10-06,20,9,252,1,0.0,14.86
1970,2023-07-12,11,24,10,1,0.0,195.36
1971,2023-06-05,2,7,497,1,0.0,150.73
1972,2024-07-01,1,13,96,2,0.0,383.12
1973,2023-04-15,10,19,138,1,0.1,119.65
1974,2023-05-09,15,8,373,1,0.0,176.75
1975,2023-01-09,8,18,47,1,0.0,216.73
1976,2023-06-04,1,2,253,2,0.0,29.56
1977,2023-08-11,11,20,216,2,0.2,281.66
1978,2023-11-16,16,25,191,1,0.0,144.03
1979,2024-04-19,2,13,170,1,0.2,153.25
1980,2023-03-24,5,23,29,1,0.1,182.19
1981,2023-09-30,13,17,37,1,0.0,115.98
1982,2024-07-10,16,5,93,1,0.1,30.31
1983,2023-07-16,9,9,419,1,0.1,13.37
1984,2024-01-26,1,14,63,1,0.0,49.79
1985,2023-09-12,13,13,395,1,0.0,191.56
1986,2024-03-29,8,20,378,1,0.1,158.44
1987,2023-02-04,7,18,236,1,0.0,216.73
1988,2023-04-07,17,3,341,1,0.0,84.52
1989,2023-08-02,16,23,200,2,0.0,404.86
1990,2024-11-28,11,23,82,2,0.0,404.86
1991,2024-10-06,2,2,382,2,0.2,23.65
1992,2024-07-16,17,4,63,1,0.0,220.67
1993,2023-09-17,16,7,327,1,0.0,150.73
1994,2023-11-02,7,24,499,3,0.0,586.08
1995,2023-04-26,8,13,325,1,0.0,191.56
1996,2024-03-20,11,18,8,2,0.0,433.46
1997,2023-06-21,9,23,300,2,0.0,404.86
1998,2023-05-03,13,15,405,2,0.0,124.42
1999,2023-09-06,1,16,497,1,0.0,99.12
2000,2023-02-13,19,10,402,1,0.2,114.2
2001,2024-12-08,20,4,80,1,0.0,220.67
2002,2024-01-16,3,6,128,1,0.15,112.28
2003,2023-06-11,16,1,47,1,0.1,110.15
2004,2024-12-03,2,5,31,1,0.0,33.68
2005,2023-12-31,18,19,406,2,0.0,265.9
2006,2023-04-20,5,17,250,1,0.1,104.38
2007,2023-08-27,11,1,286,2,0.0,244.78
2008,2024-10-22,12,24,413,2,0.1,351.65
2009,2024-03-25,7,4,11,2,0.0,441.34
2010,2024-12-24,5,19,129,1,0.0,132.95
2011,2023-02-10,16,9,362,1,0.0,14.86
2012,2024-03-24,18,13,151,1,0.0,191.56
2013,2024-07-09,16,2,98,1,0.1,13.3
2014,2024-08-03,6,17,279,1,0.0,115.98
2015,2023-12-15,9,19,445,1,0.0,132.95
2016,2024-09-05,18,8,83,1,0.0,176.75
2017,2023-03-12,17,14,80,1,0.0,49.79
2018,2024-04-05,10,25,420,2,0.0,288.06
2019,2023-09-27,18,9,188,1,0.0,14.86
2020,2024-04-09,1,11,398,1,0.0,11.04
2021,2024-10-15,17,16,195,1,0.0,99.12
2022,2023-07-09,1,4,318,2,0.0,441.34
2023,2024-01-08,20,12,123,1,0.0,76.5
2024,2023-11-25,18,7,420,1,0.0,150.73
2025,2024-02-01,7,16,269,1,0.1,89.21
2026,2024-11-30,18,6,79,1,0.0,132.1
2027,2024-09-19,10,5,166,2,0.2,53.89
2028,2024-02-24,11,19,57,1,0.1,119.65
2029,2023-04-09,17,13,338,1,0.0,191.56
2030,2023-03-10,2,9,428,1,0.0,14.86
2031,2023-05-13,6,10,448,2,0.0,285.5
2032,2023-02-02,7,19,55,1,0.0,132.95
2033,2024-05-12,7,20,51,4,0.15,598.54
2034,2023-02-02,19,21,329,1,0.0,155.14
2035,2024-02-02,16,14,270,2,0.0,99.58
2036,2024-09-30,19,13,132,1,0.0,191.56
2037,2023-02-20,12,3,114,1,0.2,67.62
2038,2024-09-12,3,1,7,1,0.0,122.39
2039,2023-08-02,16,18,476,1,0.0,216.73
2040,2023-03-23,15,12,411,2,0.0,153.0
2041,2024-10-16,2,23,185,1,0.15,172.07
2042,2024-07-25,14,19,421,1,0.0,132.95
2043,2024-01-13,2,25,422,1,0.2,115.22
2044,2024-09-23,9,14,271,1,0.0,49.79
2045,2023-02-11,3,2,428,1,0.0,14.78
2046,2023-11-07,17,21,50,2,0.0,310.28
2047,2023-04-14,8,4,273,1,0.15,187.57
2048,2024-01-30,7,15,99,1,0.0,62.21
2049,2024-06-22,8,24,292,1,0.0,195.36
2050,2024-10-02,6,16,286,1,0.0,99.12
2051,2024-07-25,14,4,383,1,0.0,220.67
2052,2023-04-19,19,24,184,1,0.0,195.36
2053,2024-11-21,14,10,453,1,0.0,142.75
2054,2023-04-17,6,5,406,1,0.0,33.68
2055,2023-07-04,18,13,206,1,0.0,191.56
2056,2024-05-31,11,3,337,2,0.0,169.04
2057,2023-06-11,18,16,308,3,0.2,237.89
2058,2024-03-29,12,10,463,1,0.0,142.75
2059,2023-11-19,11,14,433,1,0.0,49.79
2060,2024-01-16,14,5,392,2,0.0,67.36
2061,2024-10-10,14,16,423,1,0.0,99.12
2062,2023-11-28,19,7,280,1,0.0,150.73
2063,2023-08-08,13,16,393,1,0.0,99.12
2064,2024-07-17,9,8,185,2,0.1,318.15
2065,2024-04-08,15,4,492,2,0.0,441.34
2066,2024-02-11,1,2,372,1,0.1,13.3
2067,2023-02-05,10,2,306,3,0.0,44.34
2068,2023-01-17,17,20,70,1,0.1,158.44
2069,2023-11-08,7,1,439,4,0.0,489.56
2070,2023-11-27,9,7,471,1,0.1,135.66
2071,2024-07-20,17,15,285,1,0.0,62.21
2072,2024-08-07,19,24,80,2,0.0,390.72
2073,2023-04-07,2,17,236,1,0.0,115.98
2074,2023-12-09,12,13,456,1,0.0,191.56
2075,2024-08-19,8,21,120,1,0.0,155.14
2076,2023-09-20,10,10,48,2,0.0,285.5
2077,2024-08-07,13,23,292,1,0.0,202.43
2078,2023-08-11,3,10,371,1,0.2,114.2
2079,2023-11-29,6,20,250,1,0.0,176.04
2080,2024-12-07,4,16,305,1,0.15,84.25
2081,2024-10-19,10,8,20,1,0.0,176.75
2082,2024-08-13,13,6,41,1,0.0,132.1
2083,2023-02-27,11,2,179,2,0.0,29.56
2084,2024-03-20,14,25,477,1,0.0,144.03
2085,2023-05-04,8,22,383,1,0.15,252.8
2086,2024-10-30,20,25,476,1,0.15,122.43
2087,2023-01-12,13,2,28,2,0.0,29.56
2088,2023-11-09,11,8,277,1,0.1,159.08
2089,2024-08-01,5,3,168,1,0.0,84.52
2090,2024-05-29,8,16,79,1,0.2,79.3
2091,2023-02-21,13,13,498,1,0.0,191.56
2092,2024-04-01,20,12,295,4,0.0,306.0
2093,2024-05-31,3,13,114,1,0.2,153.25
2094,2024-03-18,10,21,403,1,0.0,155.14
2095,2024-02-08,5,13,68,1,0.1,172.4
2096,2023-12-19,2,15,281,1,0.15,52.88
2097,2024-02-13,9,12,44,1,0.2,61.2
2098,2024-02-13,17,15,223,1,0.0,62.21
2099,2024-12-05,16,21,287,1,0.0,155.14
2100,2023-07-22,16,25,203,1,0.0,144.03
2101,2024-10-29,19,4,101,2,0.0,441.34
2102,2024-07-28,20,17,377,2,0.0,231.96
2103,2024-06-20,8,11,125,2,0.0,22.08
2104,2023-03-15,9,1,398,1,0.0,122.39
2105,2024-03-16,11,3,351,1,0.0,84.52
2106,2024-08-12,3,25,58,1,0.1,129.63
2107,2024-11-18,12,4,179,1,0.0,220.67
2108,2023-07-15,11,14,177,1,0.0,49.79
2109,2024-08-31,1,6,395,1,0.0,132.1
2110,2023-11-12,20,12,421,2,0.0,153.0
2111,2024-03-28,20,21,75,2,0.0,310.28
2112,2024-03-27,2,2,474,1,0.0,14.78
2113,2023-08-28,7,16,351,1,0.0,99.12
2114,2024-01-18,5,24,388,1,0.0,195.36
2115,2023-03-29,4,12,379,1,0.0,76.5
2116,2023-02-25,8,12,486,2,0.0,153.0
2117,2024-09-27,5,25,445,1,0.0,144.03
2118,2023-10-22,1,24,176,2,0.0,390.72
2119,2024-12-11,10,18,231,2,0.0,433.46
2120,2024-04-27,1,5,170,1,0.0,33.68
2121,2023-08-03,18,24,109,3,0.15,498.17
2122,2023-07-28,18,24,268,1,0.0,195.36
2123,2023-09-22,18,5,248,1,0.0,33.68
2124,2024-09-29,5,15,356,2,0.1,111.98
2125,2024-12-16,13,24,299,1,0.0,195.36
2126,2024-11-10,9,20,88,1,0.0,176.04
2127,2023-03-03,10,23,103,1,0.0,202.43
2128,2024-12-14,2,13,239,1,0.0,191.56
2129,2024-11-01,3,21,199,1,0.0,155.14
2130,2024-11-28,12,7,443,1,0.0,150.73
2131,2023-04-21,1,13,150,2,0.15,325.65
2132,2024-10-26,13,4,119,1,0.0,220.67
2133,2024-01-25,17,22,364,1,0.1,267.67
2134,2023-04-12,11,15,249,2,0.0,124.42
2135,2024-09-03,18,9,46,1,0.0,14.86
2136,2023-07-10,7,13,257,2,0.0,383.12
2137,2024-04-13,18,16,475,1,0.0,99.12
2138,2024-12-08,17,15,157,1,0.0,62.21
2139,2023-12-08,6,7,10,3,0.2,361.75
2140,2023-12-22,12,18,321,2,0.0,433.46
2141,2023-11-17,9,16,416,1,0.1,89.21
2142,2023-03-05,9,3,450,2,0.0,169.04
2143,2024-02-01,1,23,484,1,0.0,202.43
2144,2024-07-22,9,22,116,1,0.0,297.41
2145,2023-06-05,11,3,460,1,0.0,84.52
2146,2024-02-07,5,24,45,1,0.0,195.36
2147,2024-01-27,17,23,492,1,0.15,172.07
2148,2024-11-25,8,13,214,1,0.0,191.56
2149,2023-09-04,19,9,79,2,0.0,29.72
2150,2024-03-12,10,25,466,1,0.0,144.03
2151,2024-09-11,11,14,230,1,0.0,49.79
2152,2024-07-09,5,11,106,3,0.0,33.12
2153,2024-10-30,5,14,298,3,0.0,149.37
2154,2024-07-08,7,4,442,1,0.0,220.67
2155,2023-05-22,10,15,353,1,0.0,62.21
2156,2024-12-23,5,15,221,2,0.15,105.76
2157,2023-05-29,19,11,470,2,0.0,22.08
2158,2023-06-11,11,1,35,1,0.0,122.39
2159,2024-07-24,18,9,486,1,0.0,14.86
2160,2023-05-02,6,22,163,1,0.0,297.41
2161,2023-05-30,1,14,392,1,0.1,44.81
2162,2023-11-23,14,6,493,1,0.0,132.1
2163,2024-02-26,10,22,227,1,0.0,297.41
2164,2024-10-14,9,3,78,3,0.0,253.56
2165,2023-07-12,4,3,68,2,0.0,169.04
2166,2023-07-09,1,18,391,1,0.0,216.73
2167,2024-09-18,20,20,137,3,0.0,528.12
2168,2024-09-12,19,15,314,1,0.0,62.21
2169,2023-08-25,20,6,119,1,0.0,132.1
2170,2023-08-25,1,22,184,2,0.1,535.34
2171,2023-03-23,16,15,69,1,0.0,62.21
2172,2024-05-29,20,23,241,2,0.1,364.37
2173,2024-12-30,6,4,437,1,0.0,220.67
2174,2024-02-01,16,18,243,1,0.1,195.06
2175,2023-05-21,6,10,99,1,0.0,142.75
2176,2023-08-20,2,21,210,1,0.0,155.14
2177,2023-01-16,9,2,487,1,0.0,14.78
2178,2024-02-27,8,12,381,1,0.0,76.5
2179,2024-11-18,7,2,34,1,0.0,14.78
2180,2023-07-01,15,19,444,1,0.0,132.95
2181,2024-09-23,16,4,353,2,0.0,441.34
2182,2023-11-29,8,4,219,1,0.0,220.67
2183,2024-02-19,2,13,312,3,0.0,574.68
2184,2024-01-25,11,2,202,1,0.0,14.78
2185,2024-09-18,19,20,305,1,0.2,140.83
2186,2024-07-03,17,16,329,1,0.0,99.12
2187,2024-12-22,17,12,56,1,0.0,76.5
2188,2024-04-07,15,4,424,1,0.0,220.67
2189,2023-02-13,8,1,266,1,0.0,122.39
2190,2024-07-04,13,15,377,1,0.0,62.21
2191,2023-02-10,18,17,199,2,0.0,231.96
2192,2024-06-12,2,22,98,1,0.0,297.41
2193,2023-10-26,15,22,204,1,0.0,297.41
2194,2023-11-08,10,5,237,1,0.0,33.68
2195,2023-06-20,14,23,151,1,0.0,202.43
2196,2024-09-19,2,20,354,2,0.0,352.08
2197,2024-06-13,5,16,238,1,0.0,99.12
2198,2024-10-23,15,18,47,2,0.0,433.46
2199,2024-05-27,4,6,93,2,0.0,264.2
2200,2024-08-22,18,8,70,2,0.0,353.5
2201,2024-02-07,14,25,166,2,0.0,288.06
2202,2024-04-06,1,1,92,1,0.0,122.39
2203,2024-04-09,19,11,460,1,0.0,11.04
2204,2024-12-30,15,14,47,2,0.0,99.58
2205,2023-09-14,11,23,355,1,0.0,202.43
2206,2024-10-26,6,17,368,1,0.0,115.98
2207,2023-05-07,3,18,59,2,0.0,433.46
2208,2024-12-24,12,8,44,1,0.0,176.75
2209,2024-06-20,13,21,373,1,0.15,131.87
2210,2024-06-07,20,11,487,1,0.0,11.04
2211,2023-06-13,13,24,282,2,0.0,390.72
2212,2024-01-25,2,22,394,2,0.0,594.82
2213,2023-06-24,11,22,290,1,0.0,297.41
2214,2024-11-06,6,1,445,1,0.2,97.91
2215,2023-05-29,6,7,394,3,0.2,361.75
2216,2024-12-10,10,6,374,1,0.0,132.1
2217,2024-04-01,10,6,321,2,0.0,264.2
2218,2023-07-05,4,3,461,1,0.0,84.52
2219,2023-05-15,7,10,2,3,0.0,428.25
2220,2024-09-29,9,2,7,1,0.0,14.78
2221,2024-04-14,16,18,438,1,0.0,216.73
2222,2024-05-25,18,22,414,1,0.0,297.41
2223,2023-01-06,20,5,452,1,0.0,33.68
2224,2024-05-20,8,2,112,1,0.0,14.78
2225,2024-08-25,16,16,233,1,0.2,79.3
2226,2024-02-24,15,23,41,1,0.0,202.43
2227,2024-09-07,20,24,4,2,0.0,390.72
2228,2023-09-08,18,3,143,2,0.0,169.04
2229,2024-09-26,18,11,420,2,0.0,22.08
2230,2023-08-01,2,23,95,3,0.0,607.29
2231,2023-06-01,2,3,335,1,0.0,84.52
2232,2023-12-28,2,9,342,1,0.0,14.86
2233,2024-08-14,20,6,153,2,0.15,224.57
2234,2023-12-06,2,24,56,1,0.0,195.36
2235,2024-03-02,6,13,83,2,0.0,383.12
2236,2024-11-22,20,6,294,1,0.0,132.1
2237,2024-07-29,6,12,495,1,0.0,76.5
2238,2024-04-11,19,19,185,1,0.0,132.95
2239,2023-02-06,3,20,394,2,0.0,352.08
2240,2023-11-13,3,19,389,1,0.0,132.95
2241,2024-03-13,18,23,34,1,0.0,202.43
2242,2023-10-27,16,8,69,2,0.0,353.5
2243,2023-05-05,9,16,169,2,0.0,198.24
2244,2024-06-23,14,18,269,1,0.0,216.73
2245,2023-08-03,7,21,314,1,0.2,124.11
2246,2023-03-01,4,3,293,1,0.1,76.07
2247,2024-10-06,17,23,45,2,0.0,404.86
2248,2024-05-10,20,2,479,1,0.0,14.78
2249,2024-12-20,11,20,133,1,0.0,176.04
2250,2024-06-22,19,6,320,1,0.0,132.1
2251,2023-12-29,20,24,289,1,0.0,195.36
2252,2024-05-23,17,6,374,1,0.0,132.1
2253,2024-10-09,16,5,253,1,0.15,28.63
2254,2023-07-04,20,13,120,2,0.0,383.12
2255,2024-12-07,1,22,61,2,0.0,594.82
2256,2023-01-25,15,15,321,2,0.0,124.42
2257,2023-05-01,7,22,410,1,0.0,297.41
2258,2024-09-22,14,23,212,1,0.0,202.43
2259,2023-02-16,11,3,180,1,0.0,84.52
2260,2024-07-27,7,10,6,1,0.0,142.75
2261,2024-10-17,7,19,354,2,0.0,265.9
2262,2023-10-16,9,2,405,2,0.0,29.56
2263,2023-03-11,10,24,154,3,0.0,586.08
2264,2024-06-02,18,7,166,1,0.0,150.73
2265,2023-01-07,4,24,352,1,0.0,195.36
2266,2023-12-24,19,22,316,1,0.0,297.41
2267,2023-01-30,6,8,100,1,0.0,176.75
2268,2023-12-05,16,8,470,2,0.0,353.5
2269,2024-04-30,2,25,331,2,0.0,288.06
2270,2023-05-20,16,19,80,3,0.0,398.85
2271,2024-10-04,15,6,457,1,0.0,132.1
2272,2024-07-03,11,18,237,1,0.0,216.73
2273,2024-02-28,2,1,428,1,0.2,97.91
2274,2024-06-17,10,8,290,2,0.0,353.5
2275,2024-11-18,1,16,107,2,0.1,178.42
2276,2024-08-14,11,13,410,1,0.0,191.56
2277,2023-12-05,9,1,431,1,0.0,122.39
2278,2023-02-01,11,15,193,2,0.0,124.42
2279,2024-10-03,18,8,432,2,0.0,353.5
2280,2023-06-19,19,14,311,1,0.0,49.79
2281,2024-02-03,6,16,305,1,0.0,99.12
2282,2023-04-30,10,1,362,1,0.0,122.39
2283,2023-11-19,9,7,212,1,0.0,150.73
2284,2023-03-30,16,19,450,2,0.0,265.9
2285,2023-09-01,12,1,232,1,0.0,122.39
2286,2023-11-10,6,7,58,2,0.0,301.46
2287,2024-01-19,2,22,399,1,0.0,297.41
2288,2023-07-26,3,13,228,1,0.15,162.83
2289,2024-06-02,1,13,410,1,0.0,191.56
2290,2024-05-09,17,20,79,1,0.0,176.04
2291,2023-07-14,11,7,473,2,0.15,256.24
2292,2024-05-10,17,18,159,2,0.0,433.46
2293,2023-12-28,4,5,421,1,0.1,30.31
2294,2024-06-12,5,19,106,1,0.0,132.95
2295,2023-02-07,15,7,199,1,0.1,135.66
2296,2024-12-31,4,9,3,1,0.2,11.89
2297,2023-11-15,20,16,447,2,0.0,198.24
2298,2023-03-31,11,15,240,1,0.1,55.99
2299,2023-02-17,4,8,267,1,0.0,176.75
2300,2024-11-05,1,3,296,4,0.0,338.08
2301,2023-11-16,7,18,165,1,0.0,216.73
2302,2023-07-25,7,1,147,1,0.0,122.39
2303,2023-10-11,18,22,164,1,0.0,297.41
2304,2024-03-27,4,4,140,1,0.0,220.67
2305,2023-06-02,6,21,141,4,0.0,620.56
2306,2023-04-28,1,10,491,1,0.0,142.75
2307,2024-09-29,18,7,264,3,0.0,452.19
2308,2023-04-15,7,18,278,1,0.0,216.73
2309,2023-12-25,9,18,73,2,0.0,433.46
2310,2024-12-22,19,13,126,1,0.0,191.56
2311,2023-06-25,3,3,160,4,0.0,338.08
2312,2024-09-19,11,23,277,1,0.0,202.43
2313,2024-03-30,2,13,67,4,0.0,766.24
2314,2023-01-30,16,15,463,1,0.0,62.21
2315,2024-11-13,2,1,45,2,0.15,208.06
2316,2024-03-12,13,23,92,1,0.2,161.94
2317,2024-12-22,19,24,323,1,0.0,195.36
2318,2024-12-07,20,15,183,2,0.0,124.42
2319,2023-11-07,18,4,41,1,0.0,220.67
2320,2024-04-21,19,9,68,1,0.0,14.86
2321,2023-04-06,15,10,50,3,0.2,342.6
2322,2024-04-11,10,8,351,2,0.0,353.5
2323,2024-10-21,15,24,241,1,0.0,195.36
2324,2023-08-26,8,19,74,2,0.0,265.9
2325,2024-09-23,9,18,468,2,0.0,433.46
2326,2024-01-08,13,13,94,2,0.15,325.65
2327,2024-12-17,11,14,404,1,0.0,49.79
2328,2023-11-29,1,5,34,2,0.0,67.36
2329,2024-05-01,4,24,180,1,0.0,195.36
2330,2024-05-05,15,15,434,1,0.1,55.99
2331,2023-06-24,10,13,394,1,0.0,191.56
2332,2023-12-23,5,6,261,2,0.0,264.2
2333,2023-04-16,13,4,419,1,0.1,198.6
2334,2023-04-20,11,1,285,1,0.0,122.39
2335,2024-10-27,3,25,406,1,0.0,144.03
2336,2023-11-06,13,21,303,1,0.0,155.14
2337,2024-02-28,8,8,318,2,0.0,353.5
2338,2023-09-07,18,4,82,1,0.0,220.67
2339,2024-05-08,13,24,34,1,0.0,195.36
2340,2023-12-23,19,17,221,1,0.0,115.98
2341,2024-03-21,19,23,404,1,0.0,202.43
2342,2023-12-17,8,6,89,1,0.0,132.1
2343,2024-11-09,19,15,429,1,0.0,62.21
2344,2024-05-13,4,12,304,1,0.0,76.5
2345,2024-09-02,15,6,167,1,0.1,118.89
2346,2024-07-22,4,2,421,1,0.2,11.82
2347,2024-03-31,6,14,158,1,0.0,49.79
2348,2024-02-20,3,4,307,2,0.15,375.14
2349,2023-04-22,20,4,395,1,0.15,187.57
2350,2024-01-24,11,24,254,2,0.0,390.72
2351,2024-10-22,2,10,47,1,0.0,142.75
2352,2023-08-11,5,24,455,1,0.0,195.36
2353,2024-08-17,1,16,388,2,0.0,198.24
2354,2023-05-31,5,1,232,2,0.15,208.06
2355,2024-06-28,10,14,200,1,0.0,49.79
2356,2024-09-22,19,5,229,2,0.0,67.36
2357,2023-07-20,7,22,349,1,0.0,297.41
2358,2023-11-26,10,20,471,1,0.0,176.04
2359,2024-03-21,12,2,46,1,0.1,13.3
2360,2024-08-19,1,9,314,1,0.15,12.63
2361,2024-06-06,13,1,434,1,0.0,122.39
2362,2023-05-11,10,13,32,2,0.0,383.12
2363,2024-01-14,18,18,496,1,0.0,216.73
2364,2023-02-24,1,4,361,1,0.0,220.67
2365,2024-07-27,12,19,57,1,0.1,119.65
2366,2023-10-16,1,2,121,1,0.0,14.78
2367,2024-03-18,19,5,202,2,0.0,67.36
2368,2024-10-02,11,18,365,1,0.0,216.73
2369,2024-01-27,13,24,196,2,0.2,312.58
2370,2024-03-21,18,19,109,1,0.0,132.95
2371,2024-11-05,7,10,285,1,0.1,128.48
2372,2024-01-29,12,1,431,2,0.0,244.78
2373,2024-03-03,5,24,148,1,0.0,195.36
2374,2024-11-01,3,7,332,1,0.0,150.73
2375,2023-01-17,5,24,370,1,0.15,166.06
2376,2024-05-13,14,23,500,1,0.0,202.43
2377,2023-05-20,3,1,71,1,0.0,122.39
2378,2024-10-19,14,3,441,2,0.0,169.04
2379,2024-04-11,20,7,477,1,0.0,150.73
2380,2024-03-11,20,6,93,1,0.15,112.28
2381,2024-04-10,17,14,218,1,0.0,49.79
2382,2024-07-19,15,11,197,1,0.0,11.04
2383,2023-12-14,20,21,4,3,0.2,372.34
2384,2024-08-14,16,22,434,1,0.1,267.67
2385,2023-08-31,17,9,138,1,0.0,14.86
2386,2024-02-25,18,15,296,2,0.0,124.42
2387,2024-01-11,2,12,20,1,0.0,76.5
2388,2024-08-04,16,21,361,1,0.0,155.14
2389,2024-01-13,4,24,298,2,0.0,390.72
2390,2024-05-08,3,13,73,2,0.0,383.12
2391,2024-06-23,9,12,239,4,0.0,306.0
2392,2024-06-13,3,9,268,1,0.0,14.86
2393,2024-09-16,3,8,126,2,0.15,300.47
2394,2024-04-28,3,13,351,1,0.0,191.56
2395,2024-10-10,18,10,409,1,0.0,142.75
2396,2024-08-16,10,21,314,1,0.0,155.14
2397,2023-02-24,11,7,274,4,0.1,542.63
2398,2023-01-12,16,9,233,1,0.0,14.86
2399,2024-06-08,16,3,294,3,0.0,253.56
2400,2023-12-06,10,11,149,2,0.0,22.08
2401,2023-06-21,2,3,356,2,0.0,169.04
2402,2024-09-03,10,5,373,2,0.2,53.89
2403,2024-07-31,9,5,32,2,0.0,67.36
2404,2024-10-06,16,1,297,1,0.0,122.39
2405,2023-06-23,19,23,27,2,0.0,404.86
2406,2024-11-03,20,17,14,1,0.0,115.98
2407,2023-10-21,16,5,43,1,0.0,33.68
2408,2023-05-10,17,25,40,2,0.15,244.85
2409,2023-10-12,9,12,68,2,0.2,122.4
2410,2024-09-22,9,8,141,2,0.0,353.5
2411,2023-09-21,1,6,380,1,0.0,132.1
2412,2023-04-25,20,12,90,2,0.0,153.0
2413,2024-08-28,5,14,338,1,0.15,42.32
2414,2024-04-02,12,19,414,1,0.0,132.95
2415,2023-06-29,9,4,401,1,0.1,198.6
2416,2024-12-06,17,10,442,2,0.0,285.5
2417,2023-02-03,11,5,44,1,0.2,26.94
2418,2023-05-29,20,7,479,2,0.0,301.46
2419,2023-06-07,16,24,386,1,0.0,195.36
2420,2024-02-27,13,4,122,2,0.0,441.34
2421,2024-11-07,6,20,108,1,0.0,176.04
2422,2024-08-14,12,23,28,1,0.0,202.43
2423,2024-10-19,9,14,387,1,0.0,49.79
2424,2023-04-29,2,1,86,3,0.0,367.17
2425,2024-04-20,13,7,244,1,0.0,150.73
2426,2023-11-05,18,2,120,1,0.0,14.78
2427,2024-01-24,13,9,243,1,0.0,14.86
2428,2023-09-26,5,14,272,1,0.0,49.79
2429,2024-03-21,1,18,148,1,0.0,216.73
2430,2024-04-04,13,25,348,1,0.0,144.03
2431,2023-11-20,2,2,50,2,0.1,26.6
2432,2024-06-28,12,23,490,2,0.0,404.86
2433,2024-03-18,20,16,471,1,0.0,99.12
2434,2024-10-29,9,14,172,1,0.0,49.79
2435,2023-10-04,9,22,411,1,0.2,237.93
2436,2023-04-11,9,21,336,1,0.0,155.14
2437,2024-08-21,13,7,237,1,0.1,135.66
2438,2024-11-22,19,24,395,1,0.0,195.36
2439,2023-07-19,17,13,173,2,0.0,383.12
2440,2024-11-24,6,9,161,3,0.0,44.58
2441,2024-07-14,1,2,345,1,0.0,14.78
2442,2023-01-09,3,1,7,1,0.1,110.15
2443,2024-02-26,4,20,269,1,0.0,176.04
2444,2023-04-17,15,23,180,1,0.0,202.43
2445,2023-08-13,10,24,129,1,0.0,195.36
2446,2023-07-17,2,9,13,1,0.0,14.86
2447,2024-09-26,3,17,30,1,0.0,115.98
2448,2024-08-31,7,12,487,2,0.1,137.7
2449,2024-09-05,4,3,363,2,0.0,169.04
2450,2023-05-03,3,15,439,1,0.0,62.21
2451,2024-09-11,5,16,193,1,0.15,84.25
2452,2024-11-03,19,3,412,1,0.0,84.52
2453,2023-07-09,4,2,357,1,0.0,14.78
2454,2023-07-08,9,1,151,1,0.0,122.39
2455,2024-04-23,3,23,328,1,0.1,182.19
2456,2024-04-09,9,9,394,1,0.0,14.86
2457,2024-03-13,11,8,132,2,0.2,282.8
2458,2023-06-15,3,7,142,1,0.0,150.73
2459,2023-03-05,13,19,199,1,0.0,132.95
2460,2023-12-07,9,25,490,4,0.0,576.12
2461,2023-09-29,6,15,226,2,0.0,124.42
2462,2023-03-13,16,22,476,1,0.0,297.41
2463,2023-07-25,20,20,202,1,0.0,176.04
2464,2023-07-02,16,9,56,1,0.0,14.86
2465,2023-05-28,18,14,394,1,0.0,49.79
2466,2024-03-17,7,15,315,2,0.0,124.42
2467,2024-10-20,4,10,468,2,0.15,242.68
2468,2024-03-28,9,14,53,1,0.0,49.79
2469,2023-02-05,3,3,37,1,0.1,76.07
2470,2024-08-08,9,10,398,1,0.15,121.34
2471,2024-04-01,1,14,460,1,0.0,49.79
2472,2024-05-24,5,8,335,1,0.15,150.24
2473,2024-10-17,1,15,478,1,0.0,62.21
2474,2023-02-08,13,1,137,2,0.0,244.78
2475,2023-06-05,11,2,464,2,0.0,29.56
2476,2024-02-05,19,22,2,2,0.0,594.82
2477,2024-06-11,16,14,245,1,0.0,49.79
2478,2024-03-22,13,4,433,1,0.0,220.67
2479,2023-03-13,18,16,116,2,0.0,198.24
2480,2023-01-04,13,17,489,1,0.0,115.98
2481,2024-12-06,16,23,63,2,0.2,323.89
2482,2024-08-03,18,22,479,1,0.0,297.41
2483,2024-01-03,11,17,350,1,0.0,115.98
2484,2023-11-07,3,19,188,2,0.0,265.9
2485,2024-07-01,11,1,42,1,0.1,110.15
2486,2024-04-15,10,16,332,1,0.0,99.12
2487,2023-07-27,6,8,284,1,0.0,176.75
2488,2023-02-10,13,19,339,1,0.0,132.95
2489,2023-07-15,10,17,357,2,0.0,231.96
2490,2024-02-04,4,24,323,1,0.0,195.36
2491,2024-12-03,15,16,377,2,0.0,198.24
2492,2023-07-14,5,15,19,1,0.0,62.21
2493,2023-07-17,1,16,369,2,0.0,198.24
2494,2024-08-30,8,7,251,1,0.0,150.73
2495,2024-02-03,3,9,406,1,0.15,12.63
2496,2024-07-07,10,10,256,1,0.0,142.75
2497,2024-06-30,15,1,495,1,0.0,122.39
2498,2023-01-17,2,15,174,1,0.0,62.21
2499,2023-02-27,11,21,404,1,0.0,155.14
2500,2023-02-13,13,16,61,1,0.0,99.12
2501,2023-08-05,17,1,235,1,0.0,122.39
2502,2024-11-25,18,16,77,1,0.0,99.12
2503,2024-08-16,8,7,474,3,0.0,452.19
2504,2023-03-15,2,15,377,1,0.0,62.21
2505,2023-05-25,16,19,335,2,0.1,239.31
2506,2023-01-20,16,22,465,2,0.0,594.82
2507,2024-09-25,2,17,125,4,0.0,463.92
2508,2024-12-19,1,4,89,1,0.0,220.67
2509,2024-10-09,2,24,464,3,0.0,586.08
2510,2023-11-11,4,13,234,1,0.0,191.56
2511,2024-09-17,6,18,428,1,0.0,216.73
2512,2024-08-28,3,22,419,2,0.0,594.82
2513,2023-04-19,4,3,255,1,0.0,84.52
2514,2024-09-01,20,4,113,1,0.0,220.67
2515,2023-03-06,7,21,219,1,0.0,155.14
2516,2023-12-12,13,22,167,1,0.0,297.41
2517,2023-05-04,19,6,280,1,0.0,132.1
2518,2023-05-21,11,10,429,3,0.0,428.25
2519,2023-08-07,2,10,304,1,0.0,142.75
2520,2023-06-27,11,25,33,1,0.0,144.03
2521,2023-05-04,9,3,73,1,0.1,76.07
2522,2024-03-01,6,13,357,1,0.0,191.56
2523,2024-01-14,18,3,85,1,0.0,84.52
2524,2024-03-25,8,11,474,1,0.0,11.04
2525,2024-08-18,2,4,69,1,0.0,220.67
2526,2023-04-13,20,12,193,2,0.1,137.7
2527,2023-06-11,1,2,451,1,0.0,14.78
2528,2024-05-13,3,18,4,1,0.0,216.73
2529,2023-01-08,6,18,475,1,0.0,216.73
2530,2023-04-02,19,8,455,1,0.0,176.75
2531,2023-10-18,14,18,356,1,0.0,216.73
2532,2024-05-02,5,6,106,3,0.0,396.3
2533,2023-05-27,9,4,268,1,0.1,198.6
2534,2024-04-06,14,22,123,1,0.0,297.41
2535,2023-06-28,20,2,355,2,0.1,26.6
2536,2023-02-08,20,21,93,1,0.0,155.14
2537,2024-05-26,20,15,487,1,0.0,62.21
2538,2023-04-01,10,7,179,1,0.1,135.66
2539,2024-03-04,1,15,286,1,0.0,62.21
2540,2023-08-30,7,5,61,1,0.0,33.68
2541,2024-06-26,4,5,317,1,0.0,33.68
2542,2024-01-06,18,22,260,1,0.0,297.41
2543,2023-08-13,15,25,395,2,0.0,288.06
2544,2024-10-03,7,6,142,1,0.1,118.89
2545,2023-02-24,7,24,58,1,0.0,195.36
2546,2023-06-02,16,1,255,1,0.0,122.39
2547,2023-06-30,6,17,344,2,0.0,231.96
2548,2023-02-14,2,3,331,2,0.0,169.04
2549,2024-01-08,10,8,108,1,0.0,176.75
2550,2024-03-21,9,11,172,1,0.0,11.04
2551,2024-09-23,15,22,23,1,0.0,297.41
2552,2023-04-17,2,8,474,1,0.0,176.75
2553,2024-07-04,6,7,81,3,0.0,452.19
2554,2023-01-30,16,19,264,1,0.0,132.95
2555,2023-04-29,3,18,459,1,0.0,216.73
2556,2023-08-29,15,17,304,1,0.1,104.38
2557,2024-08-16,11,5,215,1,0.0,33.68
2558,2023-07-23,11,11,118,2,0.0,22.08
2559,2023-04-23,11,19,117,1,0.0,132.95
2560,2023-04-11,8,2,378,1,0.0,14.78
2561,2024-02-27,7,22,193,1,0.0,297.41
2562,2023-08-14,3,16,242,1,0.0,99.12
2563,2024-08-22,16,4,28,1,0.0,220.67
2564,2024-03-22,5,13,111,4,0.0,766.24
2565,2024-09-16,15,5,92,1,0.15,28.63
2566,2024-02-01,12,20,70,1,0.15,149.63
2567,2024-04-13,7,19,324,1,0.0,132.95
2568,2024-01-03,9,8,104,1,0.0,176.75
2569,2023-12-23,19,16,31,4,0.0,396.48
2570,2023-10-15,5,21,57,3,0.0,465.42
2571,2024-04-21,15,24,215,1,0.0,195.36
2572,2023-06-25,11,25,113,1,0.1,129.63
2573,2023-10-30,20,9,81,1,0.0,14.86
2574,2024-10-15,20,4,464,1,0.0,220.67
2575,2023-06-24,19,25,497,3,0.0,432.09
2576,2024-07-20,8,22,45,2,0.0,594.82
2577,2024-02-26,17,18,251,2,0.0,433.46
2578,2023-08-10,19,18,243,3,0.0,650.19
2579,2024-04-18,9,7,8,1,0.2,120.58
2580,2024-03-14,8,8,127,1,0.0,176.75
2581,2023-12-02,8,6,457,1,0.2,105.68
2582,2024-08-28,5,17,468,1,0.0,115.98
2583,2024-08-10,1,8,214,1,0.1,159.08
2584,2023-02-15,2,13,241,1,0.0,191.56
2585,2024-05-31,2,4,218,3,0.0,662.01
2586,2024-06-27,13,15,246,1,0.0,62.21
2587,2024-12-14,15,14,254,1,0.1,44.81
2588,2023-09-04,3,11,286,1,0.0,11.04
2589,2023-01-13,14,19,487,2,0.15,226.02
2590,2023-08-12,5,5,184,1,0.0,33.68
2591,2023-10-30,8,14,332,1,0.0,49.79
2592,2023-04-03,1,17,246,1,0.0,115.98
2593,2024-11-23,15,3,440,1,0.0,84.52
2594,2024-08-07,19,6,13,1,0.0,132.1
2595,2024-04-10,15,6,396,1,0.0,132.1
2596,2023-05-22,13,5,95,3,0.0,101.04
2597,2024-01-15,15,4,361,1,0.2,176.54
2598,2024-10-10,1,15,441,1,0.1,55.99
2599,2024-10-04,3,16,198,1,0.0,99.12
2600,2024-12-02,10,9,219,1,0.0,14.86
2601,2023-10-04,20,19,278,1,0.0,132.95
2602,2024-08-12,7,13,404,1,0.0,191.56
2603,2024-12-11,2,3,264,1,0.2,67.62
2604,2024-11-02,4,18,197,1,0.0,216.73
2605,2024-01-10,15,22,317,1,0.0,297.41
2606,2023-02-11,12,13,188,1,0.0,191.56
2607,2023-06-29,18,3,361,2,0.0,169.04
2608,2023-03-10,18,9,364,1,0.0,14.86
2609,2023-07-29,5,22,172,1,0.1,267.67
2610,2023-09-02,18,23,59,1,0.0,202.43
2611,2024-10-26,16,18,378,2,0.0,433.46
2612,2024-08-17,7,20,386,1,0.2,140.83
2613,2023-08-19,11,1,181,1,0.0,122.39
2614,2023-10-01,17,17,349,1,0.0,115.98
2615,2024-03-09,9,7,28,2,0.0,301.46
2616,2023-03-06,12,8,177,1,0.0,176.75
2617,2024-04-08,16,24,257,1,0.0,195.36
2618,2024-06-23,4,13,241,2,0.2,306.5
2619,2024-12-27,18,12,461,1,0.0,76.5
2620,2023-10-27,15,10,318,2,0.0,285.5
2621,2024-01-12,3,4,97,1,0.0,220.67
2622,2024-04-13,3,14,42,1,0.0,49.79
2623,2024-02-05,6,9,148,2,0.0,29.72
2624,2023-03-20,4,17,85,1,0.0,115.98
2625,2023-10-10,4,12,357,1,0.0,76.5
2626,2023-06-01,16,1,78,1,0.0,122.39
2627,2023-07-29,17,10,488,2,0.15,242.68
2628,2024-10-04,1,22,151,1,0.0,297.41
2629,2024-03-02,18,7,478,1,0.0,150.73
2630,2023-05-16,16,20,178,1,0.0,176.04
2631,2024-03-06,15,23,378,1,0.0,202.43
2632,2024-10-22,1,9,150,1,0.0,14.86
2633,2023-07-13,3,19,12,2,0.15,226.02
2634,2023-08-26,17,10,331,1,0.0,142.75
2635,2023-12-10,11,12,336,2,0.0,153.0
2636,2024-10-23,11,3,249,1,0.0,84.52
2637,2024-08-30,17,22,432,1,0.0,297.41
2638,2024-07-15,15,25,235,1,0.0,144.03
2639,2023-11-08,10,4,88,1,0.0,220.67
2640,2023-09-24,8,24,248,1,0.0,195.36
2641,2024-01-16,10,10,395,2,0.0,285.5
2642,2023-02-18,5,20,181,1,0.1,158.44
2643,2023-10-19,15,12,490,2,0.0,153.0
2644,2023-06-20,20,25,474,1,0.0,144.03
2645,2023-06-14,18,6,147,1,0.0,132.1
2646,2023-07-06,6,1,430,1,0.0,122.39
2647,2024-12-26,5,5,83,1,0.1,30.31
2648,2023-09-01,4,25,22,2,0.0,288.06
2649,2023-11-21,15,9,134,1,0.0,14.86
2650,2024-01-14,6,11,106,2,0.0,22.08
2651,2024-07-29,2,18,341,1,0.0,216.73
2652,2023-11-21,5,12,191,1,0.0,76.5
2653,2024-04-04,18,20,500,1,0.0,176.04
2654,2023-06-16,18,12,155,1,0.0,76.5
2655,2023-05-05,1,7,208,2,0.0,301.46
2656,2024-05-26,5,4,486,1,0.0,220.67
2657,2024-04-14,11,3,80,1,0.2,67.62
2658,2023-01-05,18,7,500,3,0.0,452.19
2659,2024-06-03,11,6,332,1,0.0,132.1
2660,2024-12-10,19,24,342,1,0.15,166.06
2661,2023-05-31,19,11,374,1,0.0,11.04
2662,2024-03-28,11,19,353,1,0.0,132.95
2663,2023-04-26,16,16,461,1,0.0,99.12
2664,2023-02-11,5,13,348,1,0.0,191.56
2665,2024-07-18,4,4,158,1,0.0,220.67
2666,2023-01-26,13,17,317,1,0.0,115.98
2667,2023-08-14,15,2,183,4,0.0,59.12
2668,2023-04-05,11,6,29,1,0.0,132.1
2669,2024-09-14,7,20,299,1,0.0,176.04
2670,2024-06-23,8,21,401,1,0.0,155.14
2671,2023-10-12,7,22,12,1,0.0,297.41
2672,2023-03-27,18,25,435,1,0.15,122.43
2673,2024-04-01,3,2,500,1,0.1,13.3
2674,2024-06-08,13,15,100,1,0.15,52.88
2675,2024-05-17,11,25,309,1,0.0,144.03
2676,2024-09-11,17,3,484,1,0.15,71.84
2677,2023-02-27,12,1,204,2,0.0,244.78
2678,2023-06-01,14,25,190,1,0.0,144.03
2679,2024-01-31,12,6,7,1,0.1,118.89
2680,2023-10-19,12,14,180,1,0.0,49.79
2681,2023-11-12,18,17,45,3,0.0,347.94
2682,2023-08-09,15,25,380,2,0.0,288.06
2683,2024-03-01,15,13,148,2,0.0,383.12
2684,2023-06-17,14,2,374,2,0.0,29.56
2685,2024-02-29,5,17,428,3,0.0,347.94
2686,2024-08-24,20,18,45,1,0.0,216.73
2687,2023-05-28,7,3,156,1,0.0,84.52
2688,2024-05-01,17,15,172,1,0.0,62.21
2689,2023-03-09,19,13,388,4,0.0,766.24
2690,2024-01-20,3,13,4,2,0.0,383.12
2691,2024-02-24,9,4,213,1,0.0,220.67
2692,2023-06-29,18,8,237,1,0.0,176.75
2693,2024-12-28,5,6,103,1,0.0,132.1
2694,2023-07-10,13,1,149,1,0.0,122.39
2695,2024-07-21,16,21,22,1,0.0,155.14
2696,2023-11-06,10,10,253,1,0.0,142.75
2697,2024-07-26,15,18,115,1,0.0,216.73
2698,2023-01-28,1,15,79,1,0.0,62.21
2699,2023-09-26,10,13,490,1,0.1,172.4
2700,2024-10-17,16,18,64,3,0.0,650.19
2701,2024-10-31,10,19,214,2,0.0,265.9
2702,2023-07-03,16,15,465,1,0.0,62.21
2703,2024-12-05,1,25,62,1,0.0,144.03
2704,2023-10-11,16,1,497,2,0.15,208.06
2705,2023-03-10,20,18,382,1,0.0,216.73
2706,2024-01-06,19,5,247,1,0.2,26.94
2707,2024-08-02,14,7,445,1,0.0,150.73
2708,2023-09-22,16,6,499,1,0.0,132.1
2709,2024-12-11,12,17,263,1,0.1,104.38
2710,2024-08-12,1,10,433,2,0.0,285.5
2711,2023-09-23,6,12,298,1,0.0,76.5
2712,2023-03-01,5,13,164,1,0.2,153.25
2713,2024-04-17,5,17,183,2,0.0,231.96
2714,2023-06-17,2,1,140,1,0.0,122.39
2715,2024-01-05,14,22,326,1,0.0,297.41
2716,2023-12-10,17,11,328,1,0.0,11.04
2717,2023-03-20,17,23,100,1,0.0,202.43
2718,2024-10-05,6,20,392,2,0.0,352.08
2719,2023-04-07,20,12,386,1,0.0,76.5
2720,2023-06-21,18,7,166,1,0.0,150.73
2721,2023-11-20,10,6,139,4,0.2,422.72
2722,2024-12-02,12,23,50,1,0.1,182.19
2723,2024-07-01,19,4,181,1,0.0,220.67
2724,2023-05-28,1,8,71,2,0.0,353.5
2725,2024-06-14,10,11,191,1,0.0,11.04
2726,2024-05-11,14,22,175,2,0.0,594.82
2727,2023-06-16,4,7,112,3,0.0,452.19
2728,2023-06-08,17,21,114,3,0.15,395.61
2729,2023-07-12,18,5,315,4,0.0,134.72
2730,2024-12-07,17,14,434,1,0.0,49.79
2731,2024-06-28,18,6,360,1,0.0,132.1
2732,2023-04-27,14,24,236,1,0.0,195.36
2733,2023-03-20,4,23,420,1,0.0,202.43
2734,2023-05-15,1,19,246,1,0.0,132.95
2735,2023-12-12,5,5,419,2,0.0,67.36
2736,2024-03-28,20,18,268,1,0.0,216.73
2737,2023-12-10,1,9,382,1,0.0,14.86
2738,2023-05-02,8,8,66,2,0.1,318.15
2739,2024-12-08,10,6,65,2,0.0,264.2
2740,2023-08-03,5,18,41,1,0.0,216.73
2741,2024-03-11,4,18,40,1,0.0,216.73
2742,2023-01-20,16,25,388,1,0.0,144.03
2743,2024-03-17,2,13,101,1,0.0,191.56
2744,2023-04-21,2,10,407,1,0.0,142.75
2745,2024-11-06,2,21,241,1,0.2,124.11
2746,2023-05-02,9,17,23,1,0.0,115.98
2747,2023-03-09,10,11,342,1,0.0,11.04
2748,2023-01-11,4,19,401,1,0.1,119.65
2749,2023-05-07,20,23,106,2,0.1,364.37
2750,2024-08-24,7,13,95,1,0.0,191.56
2751,2024-11-03,5,2,434,1,0.1,13.3
2752,2023-10-12,19,17,179,1,0.0,115.98
2753,2023-12-17,20,9,124,2,0.1,26.75
2754,2024-06-01,19,4,35,1,0.0,220.67
2755,2023-04-12,19,6,391,2,0.0,264.2
2756,2023-01-15,17,13,112,1,0.0,191.56
2757,2023-07-16,10,16,88,3,0.2,237.89
2758,2024-07-04,1,22,499,2,0.15,505.6
2759,2023-04-12,7,9,472,1,0.0,14.86
2760,2024-05-31,16,15,188,1,0.0,62.21
2761,2024-12-15,15,8,345,3,0.0,530.25
2762,2023-04-20,6,7,428,1,0.0,150.73
2763,2023-12-30,14,1,110,2,0.0,244.78
2764,2024-06-10,8,2,209,1,0.0,14.78
2765,2023-04-26,11,17,64,1,0.0,115.98
2766,2024-04-22,4,13,267,2,0.1,344.81
2767,2023-05-20,16,22,391,1,0.0,297.41
2768,2024-01-05,10,9,286,1,0.0,14.86
2769,2023-02-11,3,16,168,1,0.2,79.3
2770,2024-05-20,4,2,198,1,0.0,14.78
2771,2023-10-18,15,9,308,1,0.0,14.86
2772,2023-11-16,15,14,116,2,0.0,99.58
2773,2024-07-21,14,12,149,2,0.0,153.0
2774,2024-03-14,7,20,439,1,0.0,176.04
2775,2023-03-13,16,11,481,1,0.0,11.04
2776,2024-11-01,16,11,345,1,0.1,9.94
2777,2023-04-18,13,7,225,2,0.0,301.46
2778,2024-06-19,3,15,62,3,0.0,186.63
2779,2023-05-27,13,12,206,1,0.0,76.5
2780,2024-12-12,4,6,380,3,0.15,336.85
2781,2023-06-22,3,16,187,1,0.15,84.25
2782,2023-07-23,11,2,103,2,0.0,29.56
2783,2024-09-01,13,1,63,1,0.0,122.39
2784,2023-08-27,14,14,372,1,0.0,49.79
2785,2024-05-26,9,12,392,2,0.0,153.0
2786,2024-12-31,19,12,140,1,0.0,76.5
2787,2024-10-21,13,25,183,1,0.0,144.03
2788,2024-05-02,20,21,487,1,0.0,155.14
2789,2024-02-19,16,14,262,2,0.0,99.58
2790,2023-10-13,5,19,394,1,0.0,132.95
2791,2024-04-10,4,10,63,1,0.0,142.75
2792,2023-09-14,16,2,255,1,0.15,12.56
2793,2023-08-25,5,7,16,1,0.0,150.73
2794,2023-04-12,2,19,426,3,0.0,398.85
2795,2023-03-11,16,4,348,2,0.0,441.34
2796,2023-01-28,6,12,196,2,0.0,153.0
2797,2024-09-11,11,6,79,1,0.0,132.1
2798,2023-11-07,4,13,390,1,0.0,191.56
2799,2023-03-20,17,9,393,1,0.2,11.89
2800,2024-05-19,15,17,104,1,0.0,115.98
2801,2023-10-28,16,10,252,1,0.1,128.48
2802,2024-05-31,9,18,278,2,0.0,433.46
2803,2023-12-18,18,11,280,1,0.0,11.04
2804,2023-01-19,2,19,221,1,0.15,113.01
2805,2023-05-02,13,14,231,1,0.15,42.32
2806,2023-11-19,15,1,236,1,0.0,122.39
2807,2023-02-06,2,21,91,1,0.0,155.14
2808,2024-07-24,10,19,453,1,0.0,132.95
2809,2024-12-14,5,19,160,1,0.0,132.95
2810,2024-02-03,16,2,392,2,0.0,29.56
2811,2023-04-23,19,9,346,2,0.0,29.72
2812,2024-05-17,18,22,351,1,0.0,297.41
2813,2024-07-06,19,6,241,2,0.0,264.2
2814,2024-05-02,18,21,438,1,0.0,155.14
2815,2023-06-10,17,5,29,2,0.0,67.36
2816,2024-02-05,9,18,254,1,0.0,216.73
2817,2024-08-28,13,10,316,1,0.0,142.75
2818,2024-11-10,11,14,32,2,0.0,99.58
2819,2023-01-29,19,19,24,1,0.0,132.95
2820,2023-05-12,12,20,179,2,0.0,352.08
2821,2024-08-20,1,15,392,1,0.0,62.21
2822,2024-10-02,11,11,195,2,0.0,22.08
2823,2023-04-10,14,5,177,1,0.0,33.68
2824,2024-01-01,14,1,180,1,0.0,122.39
2825,2023-02-27,8,5,127,1,0.2,26.94
2826,2023-08-29,10,11,304,4,0.0,44.16
2827,2023-03-28,3,3,445,1,0.0,84.52
2828,2023-11-06,1,13,276,2,0.0,383.12
2829,2023-11-22,14,21,291,1,0.15,131.87
2830,2024-06-11,14,3,137,1,0.0,84.52
2831,2023-01-21,16,19,302,1,0.0,132.95
2832,2023-01-23,11,16,194,1,0.0,99.12
2833,2024-08-07,13,24,166,1,0.0,195.36
2834,2024-08-09,4,17,414,2,0.0,231.96
2835,2024-05-15,4,18,354,1,0.0,216.73
2836,2024-11-16,17,17,416,1,0.0,115.98
2837,2024-11-20,10,25,187,2,0.0,288.06
2838,2024-03-22,7,21,255,1,0.0,155.14
2839,2024-10-12,3,12,431,1,0.0,76.5
2840,2024-07-02,7,13,148,1,0.0,191.56
2841,2023-09-29,2,14,153,1,0.0,49.79
2842,2024-08-10,13,17,412,2,0.15,197.17
2843,2023-08-20,20,20,381,1,0.0,176.04
2844,2023-04-05,19,3,49,1,0.1,76.07
2845,2024-08-29,11,10,140,1,0.0,142.75
2846,2023-03-10,19,16,411,1,0.0,99.12
2847,2024-06-27,16,19,219,2,0.0,265.9
2848,2023-08-03,12,16,408,1,0.0,99.12
2849,2023-03-20,10,9,259,1,0.0,14.86
2850,2023-11-04,18,18,161,2,0.1,390.11
2851,2023-07-24,14,12,206,1,0.0,76.5
2852,2023-09-15,20,9,264,1,0.0,14.86
2853,2024-04-09,18,1,93,2,0.0,244.78
2854,2023-01-20,17,20,442,1,0.0,176.04
2855,2023-07-11,19,15,256,1,0.0,62.21
2856,2023-08-07,15,24,138,1,0.0,195.36
2857,2024-10-15,18,11,415,2,0.0,22.08
2858,2024-09-21,14,9,479,1,0.0,14.86
2859,2024-08-02,2,21,268,1,0.0,155.14
2860,2023-07-25,12,4,237,1,0.15,187.57
2861,2023-06-01,8,18,78,1,0.0,216.73
2862,2024-12-02,14,3,211,1,0.0,84.52
2863,2023-11-23,3,13,325,2,0.0,383.12
2864,2023-07-28,14,6,137,1,0.0,132.1
2865,2023-10-21,6,11,132,1,0.0,11.04
2866,2024-12-04,13,4,123,2,0.0,441.34
2867,2023-04-27,5,22,99,1,0.0,297.41
2868,2023-01-29,8,6,409,2,0.15,224.57
2869,2023-11-14,18,24,224,2,0.0,390.72
2870,2024-03-08,2,25,104,1,0.1,129.63
2871,2023-06-13,9,21,70,1,0.0,155.14
2872,2023-01-30,9,13,405,1,0.0,191.56
2873,2023-10-12,18,25,91,1,0.0,144.03
2874,2024-10-21,2,20,494,1,0.0,176.04
2875,2024-05-12,1,21,29,1,0.0,155.14
2876,2023-03-27,11,18,309,2,0.0,433.46
2877,2023-11-02,14,17,460,1,0.0,115.98
2878,2024-01-08,3,21,204,2,0.1,279.25
2879,2023-05-24,8,11,58,1,0.0,11.04
2880,2024-08-07,17,1,478,1,0.2,97.91
2881,2023-05-04,17,7,341,1,0.0,150.73
2882,2024-08-17,17,17,129,1,0.0,115.98
2883,2024-05-23,3,4,122,1,0.0,220.67
2884,2024-09-06,4,17,396,1,0.0,115.98
2885,2023-11-19,13,11,413,1,0.2,8.83
2886,2023-08-30,14,3,112,1,0.0,84.52
2887,2023-05-28,4,17,90,2,0.0,231.96
2888,2023-08-08,9,23,226,1,0.0,202.43
2889,2024-02-23,9,24,442,1,0.0,195.36
2890,2024-08-26,2,23,252,1,0.0,202.43
2891,2024-06-30,12,4,359,1,0.0,220.67
2892,2023-04-26,11,9,280,1,0.0,14.86
2893,2024-03-09,16,8,350,1,0.0,176.75
2894,2023-09-10,9,2,451,1,0.0,14.78
2895,2023-05-29,12,13,244,1,0.0,191.56
2896,2024-01-12,10,25,11,1,0.0,144.03
2897,2024-10-22,20,10,18,1,0.15,121.34
2898,2024-11-09,2,18,354,1,0.0,216.73
2899,2024-11-18,13,25,159,1,0.15,122.43
2900,2024-10-16,12,3,463,2,0.0,169.04
2901,2024-12-28,8,11,440,3,0.0,33.12
2902,2024-03-29,13,14,5,1,0.0,49.79
2903,2024-02-07,9,9,155,2,0.1,26.75
2904,2023-04-03,8,7,153,1,0.0,150.73
2905,2023-08-04,6,11,469,2,0.0,22.08
2906,2024-03-25,11,1,451,1,0.0,122.39
2907,2024-10-21,14,18,405,1,0.0,216.73
2908,2023-02-04,9,23,444,2,0.0,404.86
2909,2023-03-24,16,18,242,1,0.0,216.73
2910,2024-02-27,11,3,368,1,0.0,84.52
2911,2024-03-08,4,9,423,2,0.0,29.72
2912,2023-06-14,9,24,260,2,0.0,390.72
2913,2023-03-09,12,25,216,1,0.0,144.03
2914,2024-09-08,18,22,378,1,0.0,297.41
2915,2023-12-01,1,22,391,1,0.0,297.41
2916,2023-02-23,6,20,323,1,0.15,149.63
2917,2024-03-30,5,16,2,2,0.0,198.24
2918,2024-02-15,7,1,322,2,0.0,244.78
2919,2023-11-03,4,22,81,1,0.15,252.8
2920,2023-09-13,17,13,366,2,0.0,383.12
2921,2024-10-26,5,12,434,1,0.1,68.85
2922,2024-08-31,14,1,406,2,0.0,244.78
2923,2023-11-24,5,23,134,1,0.1,182.19
2924,2023-06-27,19,11,424,1,0.0,11.04
2925,2023-12-02,7,14,44,1,0.2,39.83
2926,2024-02-29,12,8,94,2,0.0,353.5
2927,2024-02-07,13,25,484,1,0.0,144.03
2928,2024-08-07,8,14,11,1,0.0,49.79
2929,2023-01-24,18,23,332,3,0.0,607.29
2930,2024-09-18,8,4,465,1,0.0,220.67
2931,2023-04-02,15,15,102,1,0.0,62.21
2932,2023-09-26,6,17,26,1,0.1,104.38
2933,2024-02-15,20,15,220,2,0.0,124.42
2934,2024-09-06,9,11,77,2,0.15,18.77
2935,2023-04-02,12,18,88,2,0.0,433.46
2936,2024-08-03,4,6,8,1,0.0,132.1
2937,2024-06-22,14,8,396,1,0.0,176.75
2938,2024-04-09,16,2,61,1,0.0,14.78
2939,2023-08-18,7,1,98,1,0.0,122.39
2940,2023-09-30,10,16,383,1,0.0,99.12
2941,2024-05-21,13,17,67,2,0.0,231.96
2942,2024-03-17,7,13,308,1,0.0,191.56
2943,2023-08-09,10,2,373,1,0.0,14.78
2944,2024-11-06,14,11,406,1,0.0,11.04
2945,2023-05-30,1,3,149,1,0.2,67.62
2946,2023-09-26,8,2,317,1,0.0,14.78
2947,2024-04-06,8,21,190,1,0.0,155.14
2948,2024-08-19,15,25,44,1,0.0,144.03
2949,2023-01-11,16,21,69,2,0.0,310.28
2950,2023-11-28,13,9,352,2,0.1,26.75
2951,2023-08-06,13,7,363,1,0.0,150.73
2952,2024-03-09,20,19,132,1,0.0,132.95
2953,2023-03-16,4,9,286,1,0.0,14.86
2954,2023-03-02,2,7,171,1,0.0,150.73
2955,2023-08-29,16,25,466,1,0.0,144.03
2956,2023-12-29,20,3,364,2,0.15,143.68
2957,2023-02-16,1,5,130,1,0.0,33.68
2958,2024-05-31,20,14,196,1,0.0,49.79
2959,2023-11-06,12,14,68,1,0.0,49.79
2960,2024-07-26,2,21,298,1,0.1,139.63
2961,2023-07-03,9,4,87,1,0.0,220.67
2962,2024-05-30,16,1,477,1,0.1,110.15
2963,2023-12-14,5,2,46,2,0.0,29.56
2964,2023-11-21,14,12,73,3,0.0,229.5
2965,2023-09-24,4,1,161,2,0.1,220.3
2966,2023-02-15,5,22,256,1,0.2,237.93
2967,2023-10-15,12,15,475,3,0.0,186.63
2968,2024-03-16,10,22,463,2,0.0,594.82
2969,2023-09-27,20,2,425,2,0.15,25.13
2970,2023-09-28,17,12,161,2,0.0,153.0
2971,2024-03-22,6,21,162,1,0.0,155.14
2972,2024-05-18,5,15,285,1,0.0,62.21
2973,2024-11-04,15,12,28,1,0.0,76.5
2974,2023-07-13,5,12,28,2,0.0,153.0
2975,2023-08-24,6,22,19,1,0.2,237.93
2976,2024-04-26,9,3,84,1,0.0,84.52
2977,2024-12-23,4,4,459,2,0.0,441.34
2978,2024-05-21,2,11,227,1,0.0,11.04
2979,2024-01-01,18,5,249,1,0.0,33.68
2980,2024-04-13,16,3,58,2,0.0,169.04
2981,2023-06-01,4,8,179,1,0.0,176.75
2982,2023-04-06,7,9,445,1,0.0,14.86
2983,2023-10-18,6,25,428,1,0.1,129.63
2984,2023-06-22,17,3,422,2,0.0,169.04
2985,2023-10-07,19,16,457,1,0.0,99.12
2986,2024-11-10,19,6,498,1,0.0,132.1
2987,2023-01-05,17,16,393,1,0.1,89.21
2988,2024-08-07,6,13,214,2,0.0,383.12
2989,2023-03-20,8,22,394,1,0.0,297.41
2990,2024-05-25,4,1,455,1,0.0,122.39
2991,2023-12-22,4,9,202,1,0.0,14.86
2992,2024-01-18,19,10,476,1,0.0,142.75
2993,2023-04-19,11,6,79,1,0.0,132.1
2994,2023-01-30,3,9,236,1,0.1,13.37
2995,2024-12-25,15,9,322,2,0.1,26.75
2996,2023-10-03,20,13,337,3,0.0,574.68
2997,2023-01-06,11,2,497,1,0.0,14.78
2998,2023-02-14,20,25,487,2,0.1,259.25
2999,2024-04-08,11,19,486,1,0.0,132.95
3000,2024-08-05,5,11,109,1,0.0,11.04
3001,2023-02-19,10,6,166,1,0.0,132.1
3002,2023-02-26,3,12,281,1,0.0,76.5
3003,2024-09-08,13,19,48,2,0.0,265.9
3004,2024-02-13,9,9,92,1,0.0,14.86
3005,2023-09-03,13,24,46,1,0.0,195.36
3006,2023-01-22,7,7,84,1,0.0,150.73
3007,2024-02-02,13,7,146,2,0.0,301.46
3008,2024-10-24,5,25,62,1,0.1,129.63
3009,2023-11-02,14,12,377,1,0.0,76.5
3010,2023-11-14,20,20,68,1,0.0,176.04
3011,2024-01-03,4,3,427,1,0.1,76.07
3012,2024-01-12,17,11,103,1,0.1,9.94
3013,2024-05-16,15,20,454,1,0.0,176.04
3014,2024-02-02,16,1,138,3,0.0,367.17
3015,2024-07-30,20,15,217,1,0.0,62.21
3016,2023-04-03,14,10,416,1,0.2,114.2
3017,2024-01-13,20,17,96,1,0.0,115.98
3018,2024-03-20,14,5,48,2,0.0,67.36
3019,2023-02-11,17,8,175,4,0.0,707.0
3020,2024-04-19,8,7,332,1,0.0,150.73
3021,2024-12-03,16,3,270,2,0.0,169.04
3022,2024-10-06,17,7,43,2,0.0,301.46
3023,2023-10-25,15,8,224,2,0.0,353.5
3024,2023-03-23,16,10,154,1,0.0,142.75
3025,2023-06-02,5,15,351,1,0.0,62.21
3026,2023-11-04,17,8,219,4,0.0,707.0
3027,2023-10-30,19,14,25,3,0.0,149.37
3028,2024-07-18,3,20,470,1,0.0,176.04
3029,2023-02-16,17,8,56,1,0.0,176.75
3030,2024-06-06,14,18,212,1,0.0,216.73
3031,2023-04-07,15,12,339,1,0.0,76.5
3032,2024-08-05,9,10,182,1,0.0,142.75
3033,2023-09-18,19,6,42,1,0.0,132.1
3034,2024-05-30,1,21,59,2,0.15,263.74
3035,2024-11-08,6,2,432,2,0.0,29.56
3036,2024-02-07,2,9,43,1,0.0,14.86
3037,2024-03-02,10,22,161,2,0.0,594.82
3038,2024-08-24,15,23,388,1,0.0,202.43
3039,2024-11-17,9,8,175,1,0.0,176.75
3040,2023-07-11,7,11,95,1,0.0,11.04
3041,2023-03-22,20,19,133,1,0.0,132.95
3042,2024-11-18,1,4,3,2,0.0,441.34
3043,2024-02-09,4,22,7,2,0.0,594.82
3044,2023-06-25,16,21,236,1,0.0,155.14
3045,2024-12-09,20,5,372,1,0.0,33.68
3046,2024-05-13,10,21,317,3,0.0,465.42
3047,2024-09-23,12,21,354,1,0.0,155.14
3048,2024-11-20,13,16,412,1,0.0,99.12
3049,2023-11-05,1,21,98,1,0.0,155.14
3050,2023-04-25,1,8,357,2,0.0,353.5
3051,2023-07-12,1,5,108,1,0.0,33.68
3052,2024-05-07,5,6,333,2,0.0,264.2
3053,2023-09-05,14,9,432,1,0.0,14.86
3054,2024-10-03,18,15,98,1,0.0,62.21
3055,2023-03-30,10,22,395,1,0.0,297.41
3056,2024-04-19,5,7,243,2,0.15,256.24
3057,2024-03-08,1,20,60,1,0.1,158.44
3058,2023-06-20,5,7,379,1,0.0,150.73
3059,2024-12-20,16,21,242,1,0.0,155.14
3060,2023-01-21,15,17,300,2,0.0,231.96
3061,2023-09-06,7,23,151,1,0.0,202.43
3062,2024-08-06,13,16,27,2,0.0,198.24
3063,2023-12-21,14,3,213,1,0.0,84.52
3064,2024-05-22,19,13,306,1,0.0,191.56
3065,2024-07-21,10,23,19,1,0.0,202.43
3066,2024-05-14,13,13,249,1,0.0,191.56
3067,2024-06-09,19,7,372,2,0.0,301.46
3068,2024-09-18,16,9,119,2,0.0,29.72
3069,2023-03-04,17,3,10,1,0.1,76.07
3070,2024-03-08,19,24,162,1,0.15,166.06
3071,2024-07-20,3,25,138,1,0.0,144.03
3072,2024-10-25,14,21,456,1,0.0,155.14
3073,2024-04-29,4,11,254,1,0.0,11.04
3074,2024-09-29,12,21,230,1,0.1,139.63
3075,2024-12-15,6,19,148,1,0.15,113.01
3076,2023-07-16,16,20,177,1,0.0,176.04
3077,2024-03-24,8,12,260,1,0.0,76.5
3078,2023-08-13,19,16,466,2,0.0,198.24
3079,2024-12-20,15,8,68,2,0.0,353.5
3080,2023-10-28,13,24,492,1,0.0,195.36
3081,2024-03-02,12,20,408,1,0.0,176.04
3082,2024-04-28,6,12,319,1,0.0,76.5
3083,2023-08-01,10,10,354,3,0.0,428.25
3084,2023-03-30,16,10,67,1,0.0,142.75
3085,2023-06-27,7,4,81,1,0.0,220.67
3086,2024-09-12,16,1,52,2,0.15,208.06
3087,2024-03-01,16,18,156,2,0.0,433.46
3088,2023-08-29,7,17,286,3,0.2,278.35
3089,2023-02-18,1,1,184,1,0.0,122.39
3090,2023-09-25,12,1,347,2,0.0,244.78
3091,2023-06-12,6,13,424,2,0.0,383.12
3092,2024-05-30,2,6,414,1,0.0,132.1
3093,2023-03-07,11,3,221,2,0.0,169.04
3094,2023-04-27,20,5,117,1,0.0,33.68
3095,2023-05-04,18,3,115,1,0.0,84.52
3096,2024-05-13,9,1,175,1,0.0,122.39
3097,2023-12-30,18,14,137,1,0.0,49.79
3098,2023-06-04,17,23,310,1,0.0,202.43
3099,2024-11-02,15,18,410,2,0.0,433.46
3100,2024-04-13,4,18,500,2,0.1,390.11
3101,2023-04-19,20,7,313,1,0.15,128.12
3102,2023-04-15,18,8,22,2,0.0,353.5
3103,2024-06-03,4,5,86,1,0.0,33.68
3104,2024-10-07,4,25,446,2,0.0,288.06
3105,2023-07-30,12,8,81,1,0.0,176.75
3106,2023-10-27,15,9,391,1,0.0,14.86
3107,2024-06-02,16,24,376,1,0.0,195.36
3108,2023-04-12,5,8,332,3,0.0,530.25
3109,2024-01-08,11,13,420,2,0.0,383.12
3110,2023-05-22,4,3,435,1,0.0,84.52
3111,2023-07-26,15,4,497,1,0.0,220.67
3112,2024-03-01,1,23,126,1,0.2,161.94
3113,2024-04-30,11,7,147,1,0.0,150.73
3114,2024-06-01,6,8,44,1,0.0,176.75
3115,2023-09-30,12,9,367,1,0.0,14.86
3116,2024-02-29,12,22,323,1,0.0,297.41
3117,2024-11-25,17,6,216,1,0.0,132.1
3118,2023-08-22,5,1,411,1,0.0,122.39
3119,2024-03-15,14,16,471,2,0.0,198.24
3120,2024-02-24,15,9,488,1,0.0,14.86
3121,2024-06-12,12,4,484,1,0.0,220.67
3122,2023-01-31,15,9,75,2,0.0,29.72
3123,2023-01-11,17,17,484,1,0.0,115.98
3124,2023-03-13,3,15,174,1,0.0,62.21
3125,2023-11-19,6,22,223,1,0.0,297.41
3126,2023-03-04,13,11,389,1,0.0,11.04
3127,2023-02-07,5,13,463,1,0.1,172.4
3128,2024-08-11,2,15,324,1,0.0,62.21
3129,2024-12-31,17,9,499,1,0.0,14.86
3130,2023-10-30,14,22,206,1,0.1,267.67
3131,2024-11-28,10,7,370,1,0.0,150.73
3132,2023-11-18,1,25,424,1,0.0,144.03
3133,2023-10-14,17,15,313,2,0.1,111.98
3134,2023-05-31,13,20,229,1,0.0,176.04
3135,2024-10-21,7,24,455,2,0.0,390.72
3136,2024-07-11,20,17,404,1,0.0,115.98
3137,2024-09-25,15,13,358,1,0.1,172.4
3138,2023-12-20,13,18,398,1,0.0,216.73
3139,2023-07-22,10,1,44,1,0.0,122.39
3140,2023-02-07,18,3,172,1,0.0,84.52
3141,2024-02-04,5,17,267,1,0.0,115.98
3142,2024-07-07,10,24,110,1,0.0,195.36
3143,2023-04-06,17,4,283,2,0.0,441.34
3144,2023-11-16,6,9,12,1,0.0,14.86
3145,2023-01-29,18,12,304,2,0.0,153.0
3146,2023-09-22,8,7,427,2,0.0,301.46
3147,2023-11-08,17,17,57,1,0.0,115.98
3148,2023-03-03,12,8,133,1,0.1,159.08
3149,2024-10-04,17,15,182,1,0.0,62.21
3150,2023-05-07,2,10,388,2,0.0,285.5
3151,2024-10-28,4,3,230,1,0.0,84.52
3152,2023-11-02,1,12,233,1,0.0,76.5
3153,2023-12-14,19,25,290,1,0.0,144.03
3154,2024-10-04,18,5,433,3,0.0,101.04
3155,2024-09-01,8,5,180,1,0.0,33.68
3156,2023-11-26,19,23,345,1,0.0,202.43
3157,2023-05-24,13,4,267,1,0.0,220.67
3158,2023-09-11,4,13,168,1,0.15,162.83
3159,2024-06-12,19,6,99,1,0.15,112.28
3160,2024-01-05,15,23,51,2,0.0,404.86
3161,2023-05-31,14,8,425,1,0.0,176.75
3162,2024-02-26,3,18,48,1,0.0,216.73
3163,2023-03-05,14,13,455,1,0.0,191.56
3164,2023-05-14,16,7,110,2,0.0,301.46
3165,2024-04-01,3,2,190,4,0.0,59.12
3166,2024-11-24,19,13,287,1,0.2,153.25
3167,2024-06-15,13,7,447,2,0.2,241.17
3168,2023-09-28,19,20,256,1,0.0,176.04
3169,2024-10-13,14,23,226,1,0.0,202.43
3170,2024-12-06,16,14,375,1,0.0,49.79
3171,2024-03-02,6,4,74,1,0.0,220.67
3172,2024-06-01,5,13,249,1,0.1,172.4
3173,2024-12-29,17,8,442,1,0.0,176.75
3174,2024-06-25,4,18,356,1,0.1,195.06
3175,2023-08-06,15,23,243,1,0.0,202.43
3176,2023-02-03,6,21,484,1,0.0,155.14
3177,2024-07-26,12,20,472,1,0.0,176.04
3178,2023-05-02,20,16,437,1,0.1,89.21
3179,2024-02-23,4,3,62,1,0.0,84.52
3180,2024-01-14,19,15,149,1,0.1,55.99
3181,2023-02-11,17,1,79,2,0.2,195.82
3182,2023-05-01,12,25,157,1,0.0,144.03
3183,2024-01-19,10,8,151,1,0.1,159.08
3184,2024-05-12,1,21,406,2,0.0,310.28
3185,2023-05-27,5,19,402,4,0.0,531.8
3186,2024-08-26,14,21,25,1,0.0,155.14
3187,2023-11-09,7,10,94,1,0.0,142.75
3188,2024-05-15,1,22,63,2,0.0,594.82
3189,2024-07-14,12,12,35,2,0.1,137.7
3190,2023-02-15,14,20,247,2,0.0,352.08
3191,2024-08-09,10,9,290,1,0.0,14.86
3192,2024-04-08,11,14,401,1,0.0,49.79
3193,2024-01-22,16,14,428,2,0.0,99.58
3194,2024-09-12,5,6,391,1,0.1,118.89
3195,2023-05-22,17,17,326,1,0.0,115.98
3196,2024-04-16,15,15,342,2,0.0,124.42
3197,2024-04-04,5,7,444,1,0.1,135.66
3198,2023-11-20,20,5,210,2,0.0,67.36
3199,2024-02-01,8,3,461,1,0.0,84.52
3200,2024-02-09,11,25,277,3,0.0,432.09
3201,2023-02-16,15,13,377,1,0.0,191.56
3202,2023-10-12,3,11,444,1,0.0,11.04
3203,2023-06-19,1,3,293,1,0.15,71.84
3204,2024-10-07,10,9,288,1,0.0,14.86
3205,2024-10-22,4,19,330,2,0.15,226.02
3206,2024-07-26,3,3,99,1,0.1,76.07
3207,2024-09-25,18,22,296,2,0.1,535.34
3208,2023-02-24,19,3,268,1,0.0,84.52
3209,2023-07-13,16,4,258,1,0.0,220.67
3210,2023-01-20,4,16,338,1,0.0,99.12
3211,2024-06-28,6,3,493,1,0.0,84.52
3212,2023-01-20,9,18,403,1,0.0,216.73
3213,2023-07-30,8,14,425,1,0.0,49.79
3214,2024-12-23,19,15,228,1,0.0,62.21
3215,2023-03-28,18,18,311,1,0.15,184.22
3216,2023-11-25,2,9,252,1,0.1,13.37
3217,2023-01-24,11,13,224,1,0.2,153.25
3218,2023-07-04,14,17,13,1,0.0,115.98
3219,2024-06-24,11,8,196,2,0.0,353.5
3220,2023-09-21,3,11,59,1,0.0,11.04
3221,2023-04-12,18,1,87,2,0.2,195.82
3222,2023-10-20,5,25,94,1,0.0,144.03
3223,2023-09-19,3,24,79,1,0.0,195.36
3224,2023-11-11,6,2,31,1,0.0,14.78
3225,2024-09-21,11,19,93,2,0.0,265.9
3226,2023-01-28,2,23,153,1,0.0,202.43
3227,2024-02-04,4,2,164,1,0.0,14.78
3228,2023-05-26,14,7,458,1,0.0,150.73
3229,2023-11-27,4,16,27,2,0.15,168.5
3230,2023-07-27,8,21,386,1,0.2,124.11
3231,2024-09-03,19,9,122,1,0.0,14.86
3232,2024-05-19,17,12,386,1,0.0,76.5
3233,2024-05-31,13,23,487,1,0.0,202.43
3234,2023-04-28,9,24,32,1,0.1,175.82
3235,2023-11-22,14,8,34,1,0.0,176.75
3236,2024-05-10,1,20,209,1,0.15,149.63
3237,2024-10-10,8,3,468,2,0.0,169.04
3238,2023-01-20,9,1,284,3,0.0,367.17
3239,2024-08-23,4,23,127,1,0.0,202.43
3240,2024-07-22,5,10,156,1,0.2,114.2
3241,2024-08-04,14,22,229,1,0.0,297.41
3242,2023-03-27,17,10,105,1,0.0,142.75
3243,2023-05-26,12,20,277,1,0.0,176.04
3244,2023-06-22,8,15,276,1,0.0,62.21
3245,2024-03-09,18,12,232,1,0.1,68.85
3246,2023-02-12,1,25,417,1,0.0,144.03
3247,2024-04-20,20,21,149,1,0.0,155.14
3248,2024-10-30,6,20,1,1,0.0,176.04
3249,2023-03-03,16,2,140,1,0.0,14.78
3250,2024-09-04,9,3,430,1,0.15,71.84
3251,2024-11-12,7,8,300,3,0.0,530.25
3252,2024-06-06,10,6,24,1,0.0,132.1
3253,2023-06-15,18,4,289,2,0.0,441.34
3254,2023-03-13,10,1,46,2,0.0,244.78
3255,2024-02-09,4,23,426,1,0.0,202.43
3256,2023-05-24,18,7,144,1,0.0,150.73
3257,2024-03-18,7,19,313,1,0.1,119.65
3258,2024-05-31,11,8,453,1,0.0,176.75
3259,2024-11-29,9,23,386,1,0.1,182.19
3260,2024-12-25,8,15,340,2,0.0,124.42
3261,2023-11-15,20,6,169,1,0.0,132.1
3262,2023-01-17,5,3,331,1,0.0,84.52
3263,2023-01-03,20,13,244,2,0.0,383.12
3264,2023-01-05,1,25,345,2,0.0,288.06
3265,2023-06-27,14,19,285,1,0.0,132.95
3266,2024-12-14,13,16,276,2,0.0,198.24
3267,2023-03-25,3,24,276,2,0.0,390.72
3268,2023-02-01,15,4,345,1,0.0,220.67
3269,2023-05-07,12,20,498,3,0.0,528.12
3270,2024-01-21,20,1,184,1,0.0,122.39
3271,2024-02-01,6,24,430,1,0.0,195.36
3272,2024-12-14,4,14,237,1,0.1,44.81
3273,2024-01-15,7,18,228,1,0.0,216.73
3274,2023-01-10,8,3,381,1,0.1,76.07
3275,2023-01-21,9,1,349,1,0.0,122.39
3276,2024-12-03,20,16,321,1,0.0,99.12
3277,2023-11-07,8,4,120,3,0.0,662.01
3278,2024-05-20,12,21,19,1,0.0,155.14
3279,2023-10-15,16,23,464,3,0.1,546.56
3280,2024-12-21,7,5,4,1,0.0,33.68
3281,2023-07-20,13,8,57,1,0.0,176.75
3282,2023-10-12,19,21,257,2,0.0,310.28
3283,2024-05-20,6,11,283,1,0.0,11.04
3284,2023-07-18,19,13,345,1,0.0,191.56
3285,2024-11-29,6,18,34,1,0.15,184.22
3286,2024-08-25,5,24,382,1,0.0,195.36
3287,2023-03-08,5,7,133,1,0.15,128.12
3288,2024-08-06,8,1,452,2,0.0,244.78
3289,2024-06-19,9,13,99,1,0.0,191.56
3290,2024-11-23,18,12,315,1,0.1,68.85
3291,2023-09-16,18,8,453,1,0.0,176.75
3292,2024-04-09,1,12,481,1,0.0,76.5
3293,2024-03-13,2,16,438,1,0.0,99.12
3294,2023-11-27,14,3,141,1,0.0,84.52
3295,2023-05-05,17,19,239,1,0.0,132.95
3296,2024-05-22,12,18,265,3,0.0,650.19
3297,2023-02-14,8,5,25,1,0.0,33.68
3298,2023-10-12,14,22,273,1,0.0,297.41
3299,2024-04-04,11,18,3,1,0.0,216.73
3300,2024-02-06,7,17,172,1,0.0,115.98
3301,2023-03-25,19,23,414,1,0.0,202.43
3302,2023-01-26,8,3,354,2,0.0,169.04
3303,2024-03-09,3,1,470,1,0.0,122.39
3304,2023-09-13,7,1,85,1,0.0,122.39
3305,2023-12-21,4,12,15,2,0.0,153.0
3306,2024-05-06,14,21,414,2,0.0,310.28
3307,2023-01-25,19,4,409,2,0.0,441.34
3308,2024-10-03,11,10,431,1,0.0,142.75
3309,2023-09-14,8,15,56,2,0.0,124.42
3310,2024-04-29,8,14,491,1,0.0,49.79
3311,2023-12-15,11,20,267,1,0.0,176.04
3312,2023-08-31,3,1,398,2,0.0,244.78
3313,2024-09-06,20,11,225,1,0.0,11.04
3314,2023-04-08,15,24,297,2,0.0,390.72
3315,2023-05-08,3,18,499,2,0.0,433.46
3316,2023-03-04,2,3,194,2,0.0,169.04
3317,2023-11-17,3,14,401,1,0.0,49.79
3318,2023-05-11,2,6,471,1,0.0,132.1
3319,2024-03-28,2,19,155,1,0.0,132.95
3320,2024-09-17,14,22,34,2,0.0,594.82
3321,2023-04-15,2,6,287,1,0.0,132.1
3322,2023-02-23,10,1,436,1,0.0,122.39
3323,2024-01-26,13,14,50,1,0.0,49.79
3324,2024-09-24,14,22,120,1,0.0,297.41
3325,2024-09-05,20,21,6,1,0.0,155.14
3326,2024-04-09,13,20,238,1,0.1,158.44
3327,2024-03-14,20,3,318,2,0.0,169.04
3328,2023-04-14,11,25,334,1,0.0,144.03
3329,2024-11-22,15,15,265,1,0.0,62.21
3330,2023-12-03,4,3,53,1,0.2,67.62
3331,2023-01-13,20,21,366,1,0.0,155.14
3332,2023-03-11,19,7,405,1,0.0,150.73
3333,2023-07-18,19,3,65,4,0.0,338.08
3334,2024-10-14,17,16,132,2,0.0,198.24
3335,2023-12-30,20,23,228,2,0.1,364.37
3336,2023-07-10,8,22,71,1,0.0,297.41
3337,2023-02-15,2,12,66,1,0.0,76.5
3338,2023-11-16,17,23,492,3,0.0,607.29
3339,2024-10-29,12,5,160,2,0.0,67.36
3340,2024-08-20,18,3,398,1,0.0,84.52
3341,2023-05-30,5,15,241,1,0.0,62.21
3342,2023-11-13,10,20,189,4,0.0,704.16
3343,2023-01-09,17,18,301,2,0.0,433.46
3344,2024-11-04,2,8,122,3,0.0,530.25
3345,2024-06-03,18,22,440,1,0.1,267.67
3346,2023-02-25,14,1,177,1,0.0,122.39
3347,2023-07-20,7,10,328,3,0.0,428.25
3348,2023-07-26,3,14,175,1,0.0,49.79
3349,2023-07-13,16,23,356,1,0.0,202.43
3350,2024-12-09,20,12,355,1,0.0,76.5
3351,2023-12-06,19,5,494,1,0.15,28.63
3352,2023-12-10,14,13,169,1,0.0,191.56
3353,2023-06-16,4,22,233,2,0.0,594.82
3354,2023-02-13,16,23,113,1,0.0,202.43
3355,2023-01-04,8,24,355,1,0.15,166.06
3356,2023-08-24,15,10,320,1,0.0,142.75
3357,2023-08-07,8,19,247,1,0.0,132.95
3358,2023-12-06,13,9,106,1,0.1,13.37
3359,2024-02-14,6,16,423,1,0.0,99.12
3360,2023-01-07,12,21,6,1,0.15,131.87
3361,2023-03-17,12,24,16,1,0.0,195.36
3362,2024-07-22,4,12,73,1,0.0,76.5
3363,2023-10-25,15,8,100,1,0.0,176.75
3364,2024-10-08,19,24,468,1,0.0,195.36
3365,2024-01-04,2,22,500,1,0.0,297.41
3366,2023-01-31,7,12,102,1,0.0,76.5
3367,2023-10-18,6,13,113,1,0.0,191.56
3368,2023-09-26,6,6,174,1,0.0,132.1
3369,2024-07-21,8,13,92,1,0.1,172.4
3370,2023-07-20,1,3,91,1,0.0,84.52
3371,2023-09-26,4,16,11,3,0.0,297.36
3372,2024-11-21,4,21,174,2,0.1,279.25
3373,2023-08-04,10,19,234,2,0.0,265.9
3374,2023-09-03,12,10,415,2,0.0,285.5
3375,2024-01-17,6,1,482,2,0.0,244.78
3376,2024-06-23,20,6,452,1,0.0,132.1
3377,2024-03-20,3,23,61,3,0.1,546.56
3378,2023-05-28,5,3,407,1,0.0,84.52
3379,2023-07-14,7,25,273,1,0.0,144.03
3380,2024-01-23,12,25,163,2,0.15,244.85
3381,2024-09-05,14,18,326,2,0.0,433.46
3382,2023-09-08,2,20,391,1,0.0,176.04
3383,2024-09-22,19,24,97,1,0.2,156.29
3384,2024-07-02,10,5,405,1,0.0,33.68
3385,2023-06-02,11,3,127,1,0.0,84.52
3386,2023-02-24,9,23,447,2,0.0,404.86
3387,2023-05-10,17,10,496,1,0.15,121.34
3388,2024-08-21,16,2,108,1,0.1,13.3
3389,2023-03-25,16,10,405,1,0.0,142.75
3390,2024-11-10,6,23,261,2,0.0,404.86
3391,2024-02-02,17,4,192,1,0.0,220.67
3392,2024-05-25,17,9,238,2,0.0,29.72
3393,2023-07-03,11,7,365,1,0.0,150.73
3394,2024-01-18,17,23,356,1,0.0,202.43
3395,2024-05-09,16,19,243,3,0.0,398.85
3396,2023-10-02,19,7,206,1,0.0,150.73
3397,2024-10-15,19,7,333,1,0.15,128.12
3398,2023-02-07,7,24,113,4,0.0,781.44
3399,2023-07-27,15,6,442,2,0.0,264.2
3400,2023-08-29,13,1,112,1,0.0,122.39
3401,2023-11-10,13,19,293,3,0.0,398.85
3402,2023-06-10,12,5,131,1,0.15,28.63
3403,2024-07-17,3,17,69,1,0.0,115.98
3404,2023-03-28,10,4,228,4,0.1,794.41
3405,2024-06-15,12,25,118,2,0.0,288.06
3406,2024-08-20,2,13,239,2,0.0,383.12
3407,2024-06-08,20,13,173,1,0.15,162.83
3408,2024-03-12,15,20,240,1,0.1,158.44
3409,2024-03-18,14,9,189,1,0.2,11.89
3410,2024-05-24,11,24,140,1,0.0,195.36
3411,2024-01-27,1,15,92,1,0.0,62.21
3412,2024-03-28,8,11,136,1,0.0,11.04
3413,2024-10-22,3,25,184,1,0.0,144.03
3414,2023-03-26,10,15,432,1,0.1,55.99
3415,2024-05-28,17,6,280,1,0.0,132.1
3416,2024-10-21,3,15,403,1,0.0,62.21
3417,2023-10-11,8,9,51,2,0.0,29.72
3418,2023-05-02,3,8,185,1,0.0,176.75
3419,2023-02-09,18,14,103,2,0.0,99.58
3420,2023-12-11,9,13,155,2,0.0,383.12
3421,2024-11-30,7,25,362,2,0.0,288.06
3422,2024-09-10,5,23,438,1,0.0,202.43
3423,2024-07-10,9,6,5,1,0.0,132.1
3424,2023-11-12,13,7,485,1,0.0,150.73
3425,2024-02-20,19,24,388,3,0.2,468.86
3426,2024-11-21,17,14,390,2,0.2,79.66
3427,2023-06-02,13,25,117,2,0.15,244.85
3428,2023-08-21,7,11,243,1,0.0,11.04
3429,2023-08-28,17,21,301,1,0.0,155.14
3430,2024-07-19,15,17,370,2,0.1,208.76
3431,2024-04-17,11,18,406,4,0.0,866.92
3432,2023-03-29,11,24,434,3,0.0,586.08
3433,2023-07-12,14,8,395,1,0.2,141.4
3434,2024-12-15,15,17,231,1,0.0,115.98
3435,2024-07-25,1,21,192,1,0.0,155.14
3436,2023-05-23,19,14,448,1,0.1,44.81
3437,2023-05-12,10,17,483,1,0.0,115.98
3438,2023-01-10,16,14,415,2,0.0,99.58
3439,2024-11-05,11,24,116,1,0.0,195.36
3440,2024-03-05,14,15,352,2,0.1,111.98
3441,2024-02-18,18,23,154,2,0.0,404.86
3442,2023-11-30,19,20,403,2,0.0,352.08
3443,2023-02-02,5,10,79,2,0.0,285.5
3444,2023-12-05,20,10,468,1,0.0,142.75
3445,2024-09-14,19,3,444,1,0.0,84.52
3446,2024-02-05,13,24,105,3,0.1,527.47
3447,2024-02-05,3,7,274,3,0.0,452.19
3448,2024-01-31,7,7,244,2,0.1,271.31
3449,2023-04-22,11,13,292,2,0.0,383.12
3450,2024-04-07,10,2,48,1,0.1,13.3
3451,2023-06-25,4,2,346,1,0.0,14.78
3452,2024-07-20,6,23,17,1,0.0,202.43
3453,2024-12-06,1,3,96,1,0.0,84.52
3454,2023-07-23,3,16,467,1,0.15,84.25
3455,2024-01-31,10,22,106,1,0.1,267.67
3456,2023-08-27,10,1,338,1,0.0,122.39
3457,2024-06-20,3,14,233,3,0.0,149.37
3458,2023-02-28,12,19,266,1,0.0,132.95
3459,2023-01-12,6,7,168,2,0.0,301.46
3460,2024-02-25,13,2,81,1,0.0,14.78
3461,2023-04-24,5,18,275,1,0.2,173.38
3462,2024-03-04,16,20,381,4,0.1,633.74
3463,2023-03-12,13,6,490,1,0.15,112.28
3464,2023-07-31,5,23,446,1,0.0,202.43
3465,2023-07-30,10,22,222,1,0.0,297.41
3466,2024-12-27,6,3,310,1,0.0,84.52
3467,2024-08-11,10,9,301,1,0.1,13.37
3468,2023-07-27,17,18,367,1,0.1,195.06
3469,2024-12-02,7,23,4,3,0.0,607.29
3470,2023-05-27,15,9,33,3,0.0,44.58
3471,2024-02-13,20,6,414,2,0.0,264.2
3472,2023-09-10,17,18,169,2,0.1,390.11
3473,2024-08-05,16,22,236,3,0.0,892.23
3474,2024-04-18,19,23,21,1,0.0,202.43
3475,2023-04-04,10,7,331,2,0.1,271.31
3476,2024-04-12,12,22,359,1,0.0,297.41
3477,2024-12-29,13,17,314,2,0.0,231.96
3478,2023-06-29,14,19,128,2,0.0,265.9
3479,2023-07-03,20,14,376,1,0.0,49.79
3480,2024-03-18,15,17,197,1,0.0,115.98
3481,2024-11-19,4,24,202,1,0.0,195.36
3482,2024-12-16,8,8,454,2,0.0,353.5
3483,2023-06-11,9,18,452,1,0.0,216.73
3484,2024-10-05,18,24,150,2,0.0,390.72
3485,2024-11-13,7,8,466,1,0.0,176.75
3486,2024-05-20,14,15,391,1,0.0,62.21
3487,2024-07-20,4,21,189,1,0.0,155.14
3488,2023-03-20,4,23,259,2,0.0,404.86
3489,2023-11-30,6,6,130,1,0.0,132.1
3490,2023-08-01,17,25,23,2,0.1,259.25
3491,2024-04-18,1,6,38,1,0.0,132.1
3492,2024-10-16,15,23,196,1,0.0,202.43
3493,2023-12-18,7,2,204,1,0.0,14.78
3494,2023-02-08,1,15,129,2,0.0,124.42
3495,2023-04-28,5,3,168,1,0.0,84.52
3496,2024-11-17,16,8,237,1,0.0,176.75
3497,2023-03-11,3,14,281,3,0.0,149.37
3498,2024-11-15,5,10,242,1,0.0,142.75
3499,2023-10-13,6,3,88,2,0.15,143.68
3500,2023-01-19,20,9,52,1,0.2,11.89
3501,2023-07-01,10,24,64,1,0.0,195.36
3502,2024-07-01,13,7,87,1,0.0,150.73
3503,2023-03-21,1,9,347,1,0.2,11.89
3504,2023-10-07,5,14,226,1,0.0,49.79
3505,2024-01-02,6,15,111,1,0.0,62.21
3506,2023-02-05,18,11,111,1,0.0,11.04
3507,2024-03-28,2,23,429,1,0.0,202.43
3508,2024-10-12,17,13,329,1,0.0,191.56
3509,2024-11-09,4,2,200,2,0.0,29.56
3510,2024-12-02,20,18,3,1,0.15,184.22
3511,2023-02-19,13,10,393,1,0.15,121.34
3512,2023-07-26,8,20,192,1,0.0,176.04
3513,2023-09-02,7,18,47,2,0.2,346.77
3514,2023-01-17,14,12,15,1,0.15,65.02
3515,2023-01-15,11,15,421,3,0.0,186.63
3516,2023-07-16,3,23,113,1,0.0,202.43
3517,2023-04-09,6,17,371,2,0.0,231.96
3518,2023-06-21,2,21,213,1,0.2,124.11
3519,2024-06-08,4,15,418,1,0.0,62.21
3520,2023-12-21,7,6,320,1,0.0,132.1
3521,2023-08-01,18,8,203,3,0.1,477.22
3522,2024-03-14,4,22,119,1,0.0,297.41
3523,2023-08-07,4,4,183,1,0.0,220.67
3524,2023-11-13,11,25,7,1,0.0,144.03
3525,2024-02-03,7,22,235,1,0.0,297.41
3526,2023-08-14,3,7,337,1,0.0,150.73
3527,2023-10-13,20,12,189,1,0.0,76.5
3528,2023-02-14,3,15,454,1,0.15,52.88
3529,2023-08-12,14,9,155,1,0.0,14.86
3530,2024-09-05,16,2,53,1,0.0,14.78
3531,2024-12-30,19,12,88,4,0.0,306.0
3532,2023-09-15,4,8,308,1,0.0,176.75
3533,2023-11-29,13,13,348,3,0.0,574.68
3534,2024-12-06,11,21,436,4,0.0,620.56
3535,2024-11-13,11,23,10,2,0.0,404.86
3536,2024-09-15,19,21,230,1,0.0,155.14
3537,2024-01-27,17,6,328,1,0.0,132.1
3538,2023-08-27,17,24,301,1,0.0,195.36
3539,2024-12-22,8,1,11,1,0.0,122.39
3540,2024-09-23,4,17,159,1,0.0,115.98
3541,2023-08-31,14,16,388,1,0.2,79.3
3542,2023-09-07,20,20,41,1,0.1,158.44
3543,2023-03-03,5,25,192,1,0.0,144.03
3544,2024-05-25,10,6,104,4,0.0,528.4
3545,2023-06-05,13,15,105,2,0.0,124.42
3546,2024-10-19,2,24,122,1,0.1,175.82
3547,2024-09-04,15,1,379,1,0.0,122.39
3548,2023-12-11,2,3,267,2,0.0,169.04
3549,2024-02-29,10,21,385,2,0.0,310.28
3550,2023-01-25,8,5,434,1,0.0,33.68
3551,2023-12-07,18,24,28,2,0.0,390.72
3552,2024-11-11,8,7,312,1,0.0,150.73
3553,2024-01-26,17,14,165,2,0.0,99.58
3554,2023-07-07,15,19,323,1,0.0,132.95
3555,2023-01-07,3,18,446,1,0.0,216.73
3556,2024-05-18,3,23,489,2,0.0,404.86
3557,2023-07-17,2,11,325,3,0.15,28.15
3558,2023-05-25,7,15,65,2,0.0,124.42
3559,2023-04-04,6,4,304,1,0.0,220.67
3560,2024-07-16,7,21,121,1,0.0,155.14
3561,2024-06-03,3,17,219,1,0.0,115.98
3562,2024-04-23,10,14,85,2,0.0,99.58
3563,2023-07-22,8,19,218,1,0.0,132.95
3564,2023-06-30,20,21,128,2,0.0,310.28
3565,2023-11-15,7,25,140,2,0.0,288.06
3566,2024-05-07,3,10,487,3,0.2,342.6
3567,2024-01-04,13,3,194,1,0.0,84.52
3568,2023-06-21,16,11,226,2,0.0,22.08
3569,2024-03-08,17,21,313,2,0.0,310.28
3570,2024-03-19,5,17,420,2,0.0,231.96
3571,2024-05-08,1,14,391,2,0.0,99.58
3572,2024-01-26,14,8,438,1,0.0,176.75
3573,2023-03-27,10,15,305,1,0.0,62.21
3574,2024-07-04,5,18,284,1,0.0,216.73
3575,2023-06-29,9,10,195,1,0.0,142.75
3576,2024-04-19,10,23,233,3,0.0,607.29
3577,2023-10-18,13,10,288,2,0.0,285.5
3578,2024-09-12,16,17,37,1,0.0,115.98
3579,2023-12-16,7,9,80,1,0.0,14.86
3580,2023-07-14,1,18,7,1,0.0,216.73
3581,2024-05-27,12,22,252,1,0.1,267.67
3582,2024-02-19,14,2,482,1,0.0,14.78
3583,2024-02-09,12,17,197,2,0.0,231.96
3584,2024-05-16,10,8,329,1,0.1,159.08
3585,2024-08-25,3,13,210,1,0.15,162.83
3586,2023-02-09,4,22,198,2,0.0,594.82
3587,2024-08-02,6,7,100,2,0.0,301.46
3588,2024-03-22,9,25,395,3,0.0,432.09
3589,2023-12-23,16,25,326,1,0.15,122.43
3590,2024-12-02,13,14,475,1,0.0,49.79
3591,2024-03-10,8,8,125,1,0.0,176.75
3592,2024-05-04,2,22,472,1,0.0,297.41
3593,2024-01-06,1,21,358,2,0.15,263.74
3594,2024-11-12,9,17,310,2,0.15,197.17
3595,2024-04-11,5,16,131,1,0.0,99.12
3596,2023-09-11,20,20,297,1,0.0,176.04
3597,2024-11-09,1,17,60,1,0.0,115.98
3598,2023-04-05,13,16,204,1,0.0,99.12
3599,2024-12-24,3,10,266,1,0.0,142.75
3600,2023-07-13,14,15,85,1,0.0,62.21
3601,2024-03-13,9,6,355,2,0.0,264.2
3602,2023-11-06,18,1,338,1,0.0,122.39
3603,2024-01-27,19,21,158,2,0.1,279.25
3604,2024-02-26,3,6,56,2,0.0,264.2
3605,2024-10-13,19,19,398,1,0.1,119.65
3606,2023-12-19,9,12,384,1,0.0,76.5
3607,2023-08-03,13,19,358,2,0.0,265.9
3608,2023-11-06,16,25,1,1,0.0,144.03
3609,2023-04-10,3,25,397,1,0.0,144.03
3610,2024-12-14,14,5,336,1,0.0,33.68
3611,2023-10-23,14,7,88,1,0.0,150.73
3612,2023-06-30,12,6,96,1,0.0,132.1
3613,2024-12-16,6,3,258,1,0.0,84.52
3614,2023-04-23,15,24,291,1,0.15,166.06
3615,2023-08-06,6,19,103,2,0.15,226.02
3616,2023-03-02,6,18,415,1,0.0,216.73
3617,2023-07-16,9,19,462,1,0.1,119.65
3618,2024-02-23,15,15,321,1,0.0,62.21
3619,2024-10-01,4,12,445,2,0.0,153.0
3620,2024-10-13,6,12,41,1,0.0,76.5
3621,2023-10-28,3,20,194,2,0.0,352.08
3622,2023-05-08,9,23,33,2,0.0,404.86
3623,2023-12-08,16,11,249,1,0.0,11.04
3624,2024-11-19,1,17,32,1,0.0,115.98
3625,2023-09-30,1,17,341,1,0.0,115.98
3626,2024-08-19,2,12,50,1,0.2,61.2
3627,2023-08-05,17,16,406,2,0.0,198.24
3628,2023-01-08,13,21,309,1,0.0,155.14
3629,2024-06-16,9,6,478,1,0.0,132.1
3630,2024-05-12,16,2,388,1,0.0,14.78
3631,2023-12-12,11,2,190,1,0.15,12.56
3632,2024-11-29,11,11,419,1,0.0,11.04
3633,2023-09-03,12,15,341,1,0.0,62.21
3634,2024-02-13,13,23,313,1,0.15,172.07
3635,2023-02-28,12,20,448,1,0.0,176.04
3636,2023-12-05,1,7,234,3,0.15,384.36
3637,2024-12-16,5,22,14,2,0.2,475.86
3638,2024-09-08,4,17,445,1,0.1,104.38
3639,2024-06-27,9,15,487,1,0.0,62.21
3640,2024-12-17,8,14,189,2,0.0,99.58
3641,2024-04-07,20,6,352,1,0.0,132.1
3642,2024-11-05,17,2,212,1,0.0,14.78
3643,2024-11-21,11,10,9,1,0.0,142.75
3644,2024-10-10,12,4,448,1,0.0,220.67
3645,2023-02-16,11,23,348,3,0.0,607.29
3646,2024-03-30,8,15,311,2,0.0,124.42
3647,2024-05-11,13,11,379,1,0.1,9.94
3648,2024-09-19,3,12,179,1,0.0,76.5
3649,2024-03-14,16,16,338,1,0.0,99.12
3650,2024-12-17,13,24,151,3,0.0,586.08
3651,2024-09-13,7,8,365,2,0.1,318.15
3652,2023-05-27,17,17,449,1,0.0,115.98
3653,2024-08-08,17,18,17,1,0.0,216.73
3654,2023-05-11,16,4,408,1,0.0,220.67
3655,2023-03-31,10,16,427,1,0.0,99.12
3656,2024-11-20,15,14,87,1,0.0,49.79
3657,2024-04-01,4,24,247,1,0.0,195.36
3658,2024-11-09,8,19,109,1,0.1,119.65
3659,2023-06-24,3,11,55,1,0.0,11.04
3660,2024-03-21,1,14,83,1,0.0,49.79
3661,2023-12-01,9,5,113,1,0.0,33.68
3662,2023-09-21,16,4,488,2,0.0,441.34
3663,2024-11-05,18,2,325,2,0.0,29.56
3664,2024-05-18,3,7,408,1,0.0,150.73
3665,2024-12-08,19,16,393,1,0.0,99.12
3666,2024-09-07,3,5,330,1,0.0,33.68
3667,2023-12-23,13,17,335,1,0.0,115.98
3668,2024-10-19,18,14,495,1,0.0,49.79
3669,2024-03-23,8,17,115,1,0.0,115.98
3670,2023-09-23,4,22,149,1,0.1,267.67
3671,2023-03-31,4,3,46,3,0.0,253.56
3672,2023-12-15,7,22,382,1,0.0,297.41
3673,2023-04-29,19,11,189,2,0.1,19.87
3674,2023-05-11,11,15,489,1,0.1,55.99
3675,2024-01-25,19,24,378,1,0.0,195.36
3676,2023-01-02,10,2,32,1,0.0,14.78
3677,2024-08-27,18,19,98,1,0.15,113.01
3678,2024-02-02,14,19,164,1,0.0,132.95
3679,2024-01-09,5,20,267,1,0.0,176.04
3680,2024-11-10,8,10,55,1,0.0,142.75
3681,2024-02-09,1,4,276,1,0.0,220.67
3682,2024-04-16,11,16,75,1,0.0,99.12
3683,2023-10-31,8,4,256,1,0.1,198.6
3684,2024-11-27,20,2,146,2,0.0,29.56
3685,2023-05-30,2,6,307,1,0.0,132.1
3686,2023-11-23,4,16,141,2,0.0,198.24
3687,2024-12-24,7,14,254,1,0.0,49.79
3688,2023-10-26,13,9,31,2,0.0,29.72
3689,2023-12-23,7,18,435,1,0.1,195.06
3690,2023-08-19,2,20,473,1,0.0,176.04
3691,2023-07-03,16,21,373,1,0.15,131.87
3692,2024-02-06,10,7,418,1,0.0,150.73
3693,2024-11-06,6,18,12,1,0.0,216.73
3694,2024-07-15,13,9,173,2,0.0,29.72
3695,2024-03-08,16,18,179,3,0.1,585.17
3696,2024-02-05,13,10,37,1,0.0,142.75
3697,2024-06-24,10,3,145,2,0.0,169.04
3698,2024-12-14,18,23,202,1,0.0,202.43
3699,2023-04-10,5,3,166,1,0.0,84.52
3700,2024-08-17,2,2,436,1,0.0,14.78
3701,2024-12-21,6,5,296,1,0.0,33.68
3702,2023-05-21,15,3,357,1,0.0,84.52
3703,2024-05-09,10,22,460,1,0.0,297.41
3704,2023-05-29,7,22,112,1,0.0,297.41
3705,2023-07-20,1,17,186,1,0.0,115.98
3706,2024-08-12,4,25,348,2,0.0,288.06
3707,2023-06-01,13,25,487,2,0.0,288.06
3708,2024-03-13,6,9,475,2,0.0,29.72
3709,2023-02-27,4,19,183,1,0.0,132.95
3710,2024-04-30,6,1,484,3,0.15,312.09
3711,2023-02-23,4,10,264,2,0.0,285.5
3712,2024-10-27,11,3,304,1,0.0,84.52
3713,2024-03-20,5,19,322,2,0.0,265.9
3714,2024-02-18,8,16,18,1,0.0,99.12
3715,2023-05-02,8,24,204,2,0.0,390.72
3716,2024-05-15,10,2,353,1,0.0,14.78
3717,2024-09-02,6,24,335,3,0.0,586.08
3718,2024-01-20,3,18,399,1,0.0,216.73
3719,2024-04-19,13,24,141,2,0.0,390.72
3720,2024-10-09,15,4,189,1,0.0,220.67
3721,2023-01-12,4,3,60,1,0.0,84.52
3722,2023-03-26,4,10,251,1,0.1,128.48
3723,2024-10-18,17,6,116,1,0.0,132.1
3724,2023-01-24,19,5,294,1,0.0,33.68
3725,2024-08-09,16,7,141,1,0.1,135.66
3726,2024-12-11,19,10,93,2,0.0,285.5
3727,2024-01-29,16,12,331,1,0.0,76.5
3728,2024-12-20,19,1,65,1,0.0,122.39
3729,2023-04-12,11,1,33,1,0.0,122.39
3730,2024-12-31,18,11,95,1,0.1,9.94
3731,2024-02-20,1,23,202,1,0.1,182.19
3732,2024-07-23,18,14,402,2,0.15,84.64
3733,2024-06-26,16,24,33,1,0.0,195.36
3734,2024-06-15,19,25,276,2,0.15,244.85
3735,2024-12-31,4,24,386,1,0.2,156.29
3736,2023-08-01,4,22,93,1,0.0,297.41
3737,2024-09-05,6,12,3,1,0.2,61.2
3738,2024-07-22,15,22,410,1,0.2,237.93
3739,2023-11-05,19,4,106,1,0.0,220.67
3740,2024-10-30,6,2,45,1,0.0,14.78
3741,2024-07-29,9,9,436,1,0.1,13.37
3742,2023-02-05,3,10,64,2,0.2,228.4
3743,2024-06-02,10,23,187,1,0.2,161.94
3744,2024-07-11,6,2,217,1,0.0,14.78
3745,2024-11-10,2,13,485,2,0.0,383.12
3746,2024-06-15,10,11,338,2,0.0,22.08
3747,2024-06-30,15,17,72,1,0.0,115.98
3748,2024-08-13,16,24,356,2,0.15,332.11
3749,2023-11-17,12,5,311,1,0.0,33.68
3750,2024-07-05,17,8,108,2,0.0,353.5
3751,2024-12-27,2,21,122,1,0.0,155.14
3752,2023-02-07,7,14,73,1,0.0,49.79
3753,2023-11-03,7,8,491,1,0.0,176.75
3754,2023-05-18,20,25,283,1,0.0,144.03
3755,2023-08-10,19,15,184,2,0.1,111.98
3756,2023-10-12,5,17,374,1,0.0,115.98
3757,2024-09-29,14,19,39,3,0.0,398.85
3758,2024-07-17,9,5,134,2,0.0,67.36
3759,2024-01-26,6,17,205,1,0.0,115.98
3760,2024-04-12,3,22,484,1,0.0,297.41
3761,2023-09-18,14,7,482,2,0.0,301.46
3762,2024-12-07,3,13,323,1,0.0,191.56
3763,2023-10-03,7,3,366,1,0.0,84.52
3764,2024-01-17,19,23,337,1,0.0,202.43
3765,2024-10-25,17,20,310,1,0.1,158.44
3766,2023-06-17,14,24,421,1,0.1,175.82
3767,2023-06-07,11,5,404,2,0.0,67.36
3768,2024-03-20,13,8,14,1,0.2,141.4
3769,2024-09-10,8,10,40,1,0.0,142.75
3770,2023-10-04,4,16,273,2,0.1,178.42
3771,2023-04-23,18,3,209,1,0.1,76.07
3772,2023-03-09,11,13,328,2,0.0,383.12
3773,2023-04-02,12,15,466,2,0.0,124.42
3774,2023-12-08,5,5,445,1,0.15,28.63
3775,2023-08-20,9,21,6,1,0.0,155.14
3776,2023-04-11,13,9,497,2,0.0,29.72
3777,2023-08-16,13,23,488,1,0.0,202.43
3778,2023-04-18,4,2,90,1,0.0,14.78
3779,2024-06-23,10,11,302,1,0.0,11.04
3780,2024-05-16,4,23,271,2,0.1,364.37
3781,2023-12-24,10,10,283,1,0.0,142.75
3782,2023-10-05,20,13,51,1,0.0,191.56
3783,2023-02-19,6,15,163,1,0.0,62.21
3784,2024-02-03,6,23,177,1,0.0,202.43
3785,2024-11-25,18,3,283,1,0.0,84.52
3786,2024-08-31,13,5,245,2,0.0,67.36
3787,2024-08-29,5,10,133,1,0.0,142.75
3788,2023-01-10,17,13,366,1,0.0,191.56
3789,2023-06-09,5,20,74,2,0.0,352.08
3790,2024-01-23,19,9,377,1,0.0,14.86
3791,2023-10-01,2,18,471,1,0.15,184.22
3792,2024-10-16,12,22,363,1,0.0,297.41
3793,2023-09-13,20,5,215,3,0.0,101.04
3794,2024-12-24,15,18,182,1,0.0,216.73
3795,2024-04-24,17,23,147,2,0.1,364.37
3796,2023-10-10,14,12,267,1,0.0,76.5
3797,2023-08-23,10,17,326,1,0.0,115.98
3798,2023-03-31,10,6,209,1,0.0,132.1
3799,2023-11-17,3,11,40,1,0.0,11.04
3800,2023-09-03,3,25,85,1,0.0,144.03
3801,2024-08-12,2,19,44,2,0.0,265.9
3802,2023-10-20,18,13,476,2,0.0,383.12
3803,2024-05-19,1,18,493,2,0.0,433.46
3804,2024-03-10,17,4,478,1,0.0,220.67
3805,2023-05-20,16,2,255,1,0.0,14.78
3806,2024-06-11,18,15,358,1,0.0,62.21
3807,2023-05-08,13,20,8,2,0.1,316.87
3808,2024-09-23,7,23,467,1,0.1,182.19
3809,2023-01-08,14,21,360,1,0.0,155.14
3810,2024-07-01,12,19,126,1,0.0,132.95
3811,2024-11-08,17,15,351,2,0.0,124.42
3812,2024-09-15,2,3,311,1,0.1,76.07
3813,2024-04-04,6,1,346,2,0.1,220.3
3814,2024-06-20,8,3,90,1,0.0,84.52
3815,2023-03-18,12,13,430,2,0.0,383.12
3816,2023-05-17,17,5,181,1,0.0,33.68
3817,2023-02-22,14,15,254,1,0.0,62.21
3818,2024-01-24,6,14,192,1,0.2,39.83
3819,2023-04-26,11,21,468,2,0.0,310.28
3820,2024-11-18,4,22,149,1,0.15,252.8
3821,2023-11-03,9,17,110,3,0.15,295.75
3822,2023-01-03,19,11,202,1,0.1,9.94
3823,2023-08-11,10,12,476,3,0.2,183.6
3824,2024-10-20,17,24,423,2,0.0,390.72
3825,2023-02-06,15,16,457,1,0.0,99.12
3826,2024-09-24,16,15,30,1,0.0,62.21
3827,2023-12-15,11,18,153,4,0.0,866.92
3828,2023-12-12,6,15,206,2,0.0,124.42
3829,2023-12-14,16,23,102,1,0.0,202.43
3830,2023-03-28,17,21,264,2,0.0,310.28
3831,2023-06-07,14,24,64,2,0.2,312.58
3832,2024-05-14,1,21,80,1,0.0,155.14
3833,2024-11-16,13,11,192,1,0.1,9.94
3834,2023-11-06,18,4,416,1,0.0,220.67
3835,2023-10-03,4,11,225,1,0.1,9.94
3836,2024-11-03,6,6,72,2,0.0,264.2
3837,2023-12-29,1,13,184,1,0.1,172.4
3838,2024-12-07,10,6,21,1,0.0,132.1
3839,2023-05-17,13,16,216,1,0.0,99.12
3840,2023-12-06,6,7,342,1,0.0,150.73
3841,2023-07-23,16,20,492,1,0.0,176.04
3842,2024-11-12,4,3,216,2,0.1,152.14
3843,2024-05-15,18,17,254,1,0.0,115.98
3844,2024-11-29,11,23,385,2,0.0,404.86
3845,2024-02-14,17,7,372,1,0.1,135.66
3846,2024-02-03,5,16,57,1,0.0,99.12
3847,2023-04-21,1,7,65,1,0.0,150.73
3848,2023-06-09,12,9,257,1,0.0,14.86
3849,2023-01-14,8,4,27,1,0.0,220.67
3850,2024-11-25,14,18,500,2,0.2,346.77
3851,2024-09-03,1,21,223,1,0.0,155.14
3852,2024-05-06,10,8,145,1,0.0,176.75
3853,2024-05-12,3,16,390,1,0.0,99.12
3854,2024-03-15,8,18,317,2,0.1,390.11
3855,2023-06-06,17,18,96,1,0.1,195.06
3856,2023-09-13,9,15,393,1,0.0,62.21
3857,2023-04-28,9,8,359,1,0.0,176.75
3858,2023-09-11,14,19,102,4,0.0,531.8
3859,2024-04-30,4,10,359,1,0.1,128.48
3860,2024-05-29,20,14,93,1,0.0,49.79
3861,2023-07-13,19,4,323,2,0.0,441.34
3862,2024-10-11,5,24,118,2,0.0,390.72
3863,2023-05-04,5,7,206,1,0.0,150.73
3864,2023-02-09,9,5,99,2,0.0,67.36
3865,2023-05-30,14,2,10,2,0.0,29.56
3866,2024-09-23,7,11,47,1,0.2,8.83
3867,2023-02-22,13,2,209,2,0.2,23.65
3868,2024-06-21,10,13,359,1,0.0,191.56
3869,2024-10-10,8,11,114,1,0.15,9.38
3870,2023-12-11,2,16,262,1,0.2,79.3
3871,2024-03-13,2,4,156,3,0.0,662.01
3872,2023-04-23,9,24,187,1,0.2,156.29
3873,2023-10-15,12,14,365,4,0.0,199.16
3874,2024-03-04,8,9,164,1,0.0,14.86
3875,2023-02-18,6,18,21,1,0.0,216.73
3876,2023-01-01,2,18,339,3,0.0,650.19
3877,2023-11-16,9,6,466,1,0.1,118.89
3878,2024-09-13,4,15,221,1,0.0,62.21
3879,2023-07-09,9,23,486,1,0.0,202.43
3880,2024-05-18,12,16,172,3,0.0,297.36
3881,2023-11-22,1,2,350,1,0.0,14.78
3882,2024-07-19,5,12,170,1,0.0,76.5
3883,2024-01-05,12,24,381,2,0.0,390.72
3884,2024-08-26,17,10,310,2,0.0,285.5
3885,2024-01-16,8,13,333,2,0.0,383.12
3886,2023-10-10,7,9,300,1,0.1,13.37
3887,2024-01-29,3,23,455,1,0.0,202.43
3888,2023-04-19,5,19,323,1,0.0,132.95
3889,2024-09-08,4,21,22,1,0.0,155.14
3890,2024-08-23,7,8,99,4,0.0,707.0
3891,2024-12-22,4,17,39,2,0.0,231.96
3892,2024-07-13,20,14,176,1,0.0,49.79
3893,2023-11-05,7,20,274,2,0.0,352.08
3894,2023-06-07,2,22,66,1,0.0,297.41
3895,2023-07-16,14,19,282,1,0.0,132.95
3896,2024-12-25,18,8,500,1,0.0,176.75
3897,2023-12-22,15,4,323,2,0.0,441.34
3898,2023-05-01,14,21,35,2,0.0,310.28
3899,2024-05-09,14,6,269,2,0.0,264.2
3900,2024-05-30,1,6,86,2,0.0,264.2
3901,2024-09-05,9,23,357,1,0.0,202.43
3902,2023-05-13,10,22,24,1,0.0,297.41
3903,2024-08-02,2,21,407,2,0.0,310.28
3904,2024-12-27,13,20,254,1,0.0,176.04
3905,2024-12-02,17,11,498,2,0.0,22.08
3906,2023-03-18,6,14,225,1,0.0,49.79
3907,2024-06-05,13,19,288,2,0.0,265.9
3908,2024-02-04,13,10,311,2,0.0,285.5
3909,2023-10-06,7,7,95,1,0.0,150.73
3910,2023-01-04,6,12,293,1,0.0,76.5
3911,2023-08-12,19,7,357,2,0.0,301.46
3912,2023-01-10,17,10,234,1,0.0,142.75
3913,2024-05-30,17,6,133,1,0.1,118.89
3914,2023-11-07,10,24,363,1,0.0,195.36
3915,2023-10-02,18,5,61,2,0.0,67.36
3916,2023-06-25,8,11,24,1,0.15,9.38
3917,2024-06-30,8,12,150,1,0.0,76.5
3918,2023-02-10,5,24,483,1,0.0,195.36
3919,2023-10-12,5,25,139,1,0.0,144.03
3920,2023-02-22,8,7,422,1,0.0,150.73
3921,2023-08-04,18,2,60,1,0.0,14.78
3922,2023-01-02,12,4,324,1,0.0,220.67
3923,2024-09-11,12,21,167,2,0.0,310.28
3924,2023-03-27,18,2,136,1,0.1,13.3
3925,2023-05-17,14,2,460,4,0.0,59.12
3926,2024-09-18,10,6,167,1,0.1,118.89
3927,2023-02-28,1,1,422,2,0.1,220.3
3928,2023-12-09,6,14,132,1,0.0,49.79
3929,2023-01-17,18,7,337,1,0.0,150.73
3930,2024-08-20,4,17,370,1,0.0,115.98
3931,2024-12-21,9,23,446,2,0.0,404.86
3932,2024-10-03,20,10,283,1,0.0,142.75
3933,2023-07-31,15,25,113,3,0.0,432.09
3934,2023-11-19,13,7,80,2,0.0,301.46
3935,2024-04-01,8,17,374,1,0.0,115.98
3936,2024-03-20,12,5,76,1,0.0,33.68
3937,2024-05-05,3,19,254,2,0.1,239.31
3938,2023-07-05,15,14,95,1,0.0,49.79
3939,2023-06-30,7,15,292,1,0.0,62.21
3940,2024-05-17,6,7,332,2,0.1,271.31
3941,2023-10-16,1,15,159,2,0.0,124.42
3942,2023-06-16,6,6,419,1,0.0,132.1
3943,2024-02-08,20,4,97,1,0.0,220.67
3944,2023-03-13,5,12,37,1,0.15,65.02
3945,2024-03-12,8,24,233,1,0.0,195.36
3946,2024-10-22,13,19,52,3,0.0,398.85
3947,2024-06-23,5,16,373,1,0.0,99.12
3948,2023-01-13,20,7,52,3,0.0,452.19
3949,2024-01-22,13,17,11,2,0.0,231.96
3950,2023-04-23,1,9,391,1,0.0,14.86
3951,2024-10-21,2,19,68,1,0.0,132.95
3952,2023-09-12,3,25,138,2,0.0,288.06
3953,2023-05-27,20,20,7,2,0.2,281.66
3954,2023-01-10,4,5,278,2,0.0,67.36
3955,2023-12-13,3,16,104,2,0.1,178.42
3956,2023-05-23,16,6,389,1,0.0,132.1
3957,2024-07-30,15,4,418,1,0.0,220.67
3958,2023-06-17,10,1,170,2,0.1,220.3
3959,2024-05-05,5,11,125,2,0.0,22.08
3960,2023-02-27,18,2,355,1,0.0,14.78
3961,2023-10-01,18,20,64,2,0.0,352.08
3962,2023-01-22,2,10,53,1,0.0,142.75
3963,2024-07-11,10,9,53,2,0.0,29.72
3964,2024-06-07,14,5,73,1,0.0,33.68
3965,2023-01-02,8,10,13,1,0.0,142.75
3966,2023-08-21,14,21,198,1,0.1,139.63
3967,2023-05-31,12,12,336,1,0.0,76.5
3968,2023-10-21,8,6,472,1,0.0,132.1
3969,2024-12-23,4,4,252,1,0.0,220.67
3970,2023-06-23,4,15,115,2,0.0,124.42
3971,2023-04-15,10,24,183,1,0.0,195.36
3972,2023-03-20,20,17,171,1,0.0,115.98
3973,2023-05-02,12,18,473,1,0.0,216.73
3974,2023-03-28,2,3,310,1,0.0,84.52
3975,2023-06-04,6,6,220,1,0.0,132.1
3976,2024-06-27,11,7,308,2,0.0,301.46
3977,2023-07-05,14,8,77,1,0.0,176.75
3978,2024-11-14,20,19,419,2,0.0,265.9
3979,2023-10-21,12,3,449,1,0.1,76.07
3980,2023-04-17,9,10,470,4,0.1,513.9
3981,2024-05-26,12,14,478,2,0.0,99.58
3982,2023-09-29,3,21,404,1,0.0,155.14
3983,2023-01-03,5,5,399,2,0.0,67.36
3984,2024-11-05,13,12,229,1,0.1,68.85
3985,2024-05-04,3,18,58,1,0.0,216.73
3986,2024-08-14,14,21,492,1,0.0,155.14
3987,2023-10-13,5,11,47,1,0.0,11.04
3988,2023-11-27,6,1,393,2,0.0,244.78
3989,2024-01-30,12,24,164,1,0.0,195.36
3990,2024-05-21,14,2,247,1,0.2,11.82
3991,2024-12-11,20,25,407,2,0.0,288.06
3992,2024-10-13,11,19,71,2,0.0,265.9
3993,2024-10-31,8,6,197,2,0.0,264.2
3994,2024-03-04,18,14,255,1,0.0,49.79
3995,2024-07-05,18,25,253,1,0.0,144.03
3996,2024-06-29,18,19,421,1,0.0,132.95
3997,2023-08-24,13,13,43,1,0.1,172.4
3998,2024-08-17,14,6,270,1,0.1,118.89
3999,2024-08-14,8,2,360,1,0.0,14.78
4000,2023-03-31,8,16,186,2,0.0,198.24
4001,2023-01-03,7,5,436,1,0.0,33.68
4002,2023-01-18,12,12,286,1,0.0,76.5
4003,2024-04-30,5,9,472,1,0.0,14.86
4004,2023-04-23,2,6,467,2,0.0,264.2
4005,2023-12-28,5,15,151,1,0.0,62.21
4006,2024-04-16,5,24,428,1,0.0,195.36
4007,2024-07-18,14,22,125,1,0.0,297.41
4008,2023-08-04,8,19,29,2,0.0,265.9
4009,2023-05-22,4,19,493,1,0.0,132.95
4010,2024-12-13,13,5,376,1,0.15,28.63
4011,2023-01-27,14,2,191,1,0.0,14.78
4012,2023-02-25,4,24,340,1,0.0,195.36
4013,2024-08-18,3,1,245,1,0.0,122.39
4014,2024-08-31,6,4,16,1,0.0,220.67
4015,2023-05-31,12,18,73,1,0.0,216.73
4016,2023-03-22,8,2,40,1,0.0,14.78
4017,2023-01-13,19,8,426,1,0.1,159.08
4018,2024-03-02,5,16,392,3,0.0,297.36
4019,2023-07-06,16,8,381,1,0.0,176.75
4020,2023-05-24,17,11,358,2,0.0,22.08
4021,2023-11-03,11,12,228,1,0.0,76.5
4022,2024-10-22,1,17,147,1,0.0,115.98
4023,2023-04-24,5,20,31,3,0.0,528.12
4024,2024-10-19,2,22,310,1,0.1,267.67
4025,2023-06-27,17,13,83,1,0.0,191.56
4026,2023-01-12,13,6,427,4,0.0,528.4
4027,2024-03-09,15,1,284,1,0.0,122.39
4028,2024-12-29,19,16,257,2,0.0,198.24
4029,2023-11-10,14,25,477,1,0.0,144.03
4030,2023-06-10,9,13,499,1,0.0,191.56
4031,2023-04-05,17,16,194,2,0.0,198.24
4032,2023-05-09,7,1,206,1,0.0,122.39
4033,2024-09-25,2,15,113,1,0.0,62.21
4034,2024-02-06,6,23,422,1,0.1,182.19
4035,2024-07-26,20,1,431,1,0.0,122.39
4036,2023-03-21,15,9,245,1,0.0,14.86
4037,2023-11-17,13,13,424,2,0.0,383.12
4038,2024-01-25,6,19,28,3,0.0,398.85
4039,2024-01-16,14,11,100,1,0.0,11.04
4040,2023-10-04,4,6,54,1,0.1,118.89
4041,2023-03-21,12,25,309,1,0.2,115.22
4042,2023-12-10,6,9,278,1,0.0,14.86
4043,2023-04-20,3,8,109,1,0.0,176.75
4044,2024-09-03,1,11,388,1,0.0,11.04
4045,2023-11-07,2,3,124,1,0.0,84.52
4046,2023-10-03,3,19,292,1,0.2,106.36
4047,2024-08-01,2,11,289,1,0.0,11.04
4048,2024-05-10,2,24,25,2,0.0,390.72
4049,2023-11-10,1,21,183,1,0.0,155.14
4050,2023-10-17,13,12,257,1,0.0,76.5
4051,2023-07-19,11,7,385,1,0.0,150.73
4052,2024-02-05,12,16,499,1,0.0,99.12
4053,2023-05-13,4,16,170,2,0.0,198.24
4054,2024-02-22,17,1,52,1,0.2,97.91
4055,2024-05-29,5,7,13,1,0.0,150.73
4056,2024-08-24,13,1,245,1,0.0,122.39
4057,2024-08-23,2,23,149,1,0.0,202.43
4058,2023-06-15,5,22,350,3,0.1,803.01
4059,2024-04-19,3,9,454,1,0.0,14.86
4060,2024-10-02,3,18,488,1,0.0,216.73
4061,2023-08-26,7,23,414,1,0.0,202.43
4062,2024-11-28,6,22,494,2,0.0,594.82
4063,2024-05-28,17,21,374,1,0.0,155.14
4064,2024-09-15,17,3,477,1,0.1,76.07
4065,2023-12-16,5,25,174,1,0.0,144.03
4066,2023-10-25,12,15,320,1,0.0,62.21
4067,2024-03-17,2,5,457,1,0.1,30.31
4068,2024-12-30,13,13,123,1,0.0,191.56
4069,2023-08-02,20,19,311,1,0.0,132.95
4070,2023-03-18,5,20,291,3,0.0,528.12
4071,2024-10-04,16,4,50,1,0.0,220.67
4072,2023-01-16,5,3,393,1,0.0,84.52
4073,2023-11-13,3,10,256,1,0.0,142.75
4074,2023-04-07,15,11,161,1,0.0,11.04
4075,2023-06-23,10,15,83,1,0.0,62.21
4076,2023-03-11,9,17,296,1,0.0,115.98
4077,2024-01-08,12,4,46,1,0.1,198.6
4078,2023-03-14,6,22,364,2,0.0,594.82
4079,2024-04-16,9,19,243,1,0.0,132.95
4080,2023-09-20,15,19,333,1,0.0,132.95
4081,2023-05-24,4,24,498,3,0.0,586.08
4082,2024-08-05,16,2,21,1,0.0,14.78
4083,2024-01-08,10,12,206,1,0.2,61.2
4084,2024-02-23,20,15,470,1,0.0,62.21
4085,2024-11-12,17,6,433,2,0.0,264.2
4086,2024-10-01,11,19,192,1,0.0,132.95
4087,2023-03-27,14,16,260,1,0.0,99.12
4088,2024-04-05,9,4,450,2,0.0,441.34
4089,2024-11-21,2,15,380,2,0.0,124.42
4090,2023-09-08,18,22,5,1,0.0,297.41
4091,2023-06-08,4,9,149,1,0.1,13.37
4092,2024-01-20,6,6,292,2,0.0,264.2
4093,2024-02-13,3,24,115,1,0.0,195.36
4094,2024-02-02,15,10,343,2,0.0,285.5
4095,2023-04-06,12,12,239,1,0.1,68.85
4096,2024-04-24,18,23,461,1,0.0,202.43
4097,2024-04-21,4,18,44,2,0.0,433.46
4098,2023-07-04,4,12,470,3,0.0,229.5
4099,2024-02-11,14,3,103,1,0.0,84.52
4100,2024-02-16,11,13,34,1,0.2,153.25
4101,2023-11-20,16,23,109,3,0.15,516.2
4102,2024-12-20,4,4,143,3,0.0,662.01
4103,2024-04-10,2,25,280,2,0.15,244.85
4104,2023-06-09,16,9,75,1,0.0,14.86
4105,2024-10-17,7,7,164,1,0.0,150.73
4106,2024-08-04,2,15,308,1,0.0,62.21
4107,2024-01-25,2,15,480,1,0.0,62.21
4108,2024-01-06,14,23,243,2,0.1,364.37
4109,2023-08-07,2,9,109,1,0.0,14.86
4110,2023-01-24,14,19,139,1,0.0,132.95
4111,2023-09-16,6,20,43,4,0.0,704.16
4112,2023-05-26,3,17,141,1,0.0,115.98
4113,2024-02-19,3,12,153,1,0.0,76.5
4114,2024-12-30,14,22,269,1,0.0,297.41
4115,2023-08-08,9,15,95,2,0.0,124.42
4116,2023-02-25,3,18,459,3,0.0,650.19
4117,2024-03-14,11,6,494,1,0.0,132.1
4118,2023-11-12,14,6,247,1,0.0,132.1
4119,2024-05-01,18,16,353,1,0.0,99.12
4120,2023-06-14,14,8,182,2,0.1,318.15
4121,2024-12-10,1,4,288,2,0.0,441.34
4122,2024-09-03,7,3,40,1,0.0,84.52
4123,2024-11-14,5,9,166,1,0.0,14.86
4124,2024-11-11,11,20,8,2,0.0,352.08
4125,2023-06-04,15,22,479,1,0.0,297.41
4126,2023-06-01,16,5,443,1,0.0,33.68
4127,2023-11-22,14,9,135,1,0.0,14.86
4128,2024-06-17,1,25,231,2,0.0,288.06
4129,2023-05-09,15,3,328,1,0.0,84.52
4130,2024-08-15,4,22,19,1,0.0,297.41
4131,2023-08-12,7,13,216,2,0.2,306.5
4132,2024-12-14,6,7,308,1,0.0,150.73
4133,2024-01-22,7,23,179,2,0.0,404.86
4134,2023-08-03,7,5,498,1,0.0,33.68
4135,2024-11-26,1,6,190,1,0.15,112.28
4136,2024-01-08,1,9,155,2,0.0,29.72
4137,2023-11-11,4,24,359,1,0.0,195.36
4138,2024-05-26,15,20,212,1,0.0,176.04
4139,2024-02-25,12,14,181,1,0.1,44.81
4140,2024-07-09,14,18,268,1,0.0,216.73
4141,2023-12-06,15,25,220,4,0.15,489.7
4142,2024-01-18,6,19,284,1,0.0,132.95
4143,2024-09-01,6,1,278,2,0.0,244.78
4144,2024-03-22,13,7,146,1,0.1,135.66
4145,2024-11-06,14,22,325,1,0.0,297.41
4146,2023-10-18,20,13,481,1,0.1,172.4
4147,2023-04-12,3,17,413,1,0.0,115.98
4148,2023-04-17,3,17,333,1,0.0,115.98
4149,2023-01-17,20,21,478,1,0.15,131.87
4150,2024-02-26,4,16,255,1,0.0,99.12
4151,2024-09-30,18,2,52,1,0.0,14.78
4152,2024-10-10,15,5,258,1,0.1,30.31
4153,2024-08-18,2,22,342,1,0.0,297.41
4154,2023-10-24,14,22,109,1,0.0,297.41
4155,2023-08-17,15,23,283,1,0.0,202.43
4156,2024-01-26,4,12,101,1,0.0,76.5
4157,2024-04-25,4,19,180,1,0.1,119.65
4158,2024-04-20,14,20,465,1,0.1,158.44
4159,2024-10-22,13,4,4,1,0.0,220.67
4160,2024-01-19,8,25,260,3,0.0,432.09
4161,2023-10-18,9,9,451,1,0.0,14.86
4162,2024-11-27,14,5,345,1,0.15,28.63
4163,2023-09-05,1,11,461,4,0.0,44.16
4164,2024-02-29,2,2,8,1,0.0,14.78
4165,2023-01-27,5,11,405,1,0.1,9.94
4166,2024-01-19,17,16,420,1,0.0,99.12
4167,2024-09-06,11,12,172,1,0.2,61.2
4168,2023-06-24,19,3,221,1,0.0,84.52
4169,2023-09-05,18,22,499,1,0.0,297.41
4170,2024-02-05,7,8,316,1,0.0,176.75
4171,2024-10-21,13,12,425,2,0.0,153.0
4172,2023-02-22,19,13,220,3,0.0,574.68
4173,2023-05-12,13,17,373,1,0.0,115.98
4174,2023-06-27,13,2,463,2,0.0,29.56
4175,2023-11-22,14,11,119,1,0.0,11.04
4176,2023-04-12,5,12,259,1,0.0,76.5
4177,2023-05-02,19,6,402,1,0.0,132.1
4178,2024-02-06,9,3,429,2,0.0,169.04
4179,2024-07-20,6,19,486,4,0.0,531.8
4180,2023-11-03,1,14,224,1,0.0,49.79
4181,2023-01-12,19,11,79,1,0.1,9.94
4182,2023-01-29,20,7,363,1,0.1,135.66
4183,2024-07-10,3,11,293,1,0.2,8.83
4184,2024-01-27,1,6,381,2,0.15,224.57
4185,2023-05-14,15,20,325,1,0.0,176.04
4186,2024-10-08,12,12,96,2,0.0,153.0
4187,2023-09-03,8,10,153,1,0.0,142.75
4188,2023-07-18,18,3,431,1,0.2,67.62
4189,2023-09-09,13,17,395,1,0.0,115.98
4190,2023-09-24,2,4,141,1,0.0,220.67
4191,2023-03-26,5,9,322,3,0.0,44.58
4192,2023-01-24,19,10,444,1,0.0,142.75
4193,2023-04-16,4,23,236,1,0.0,202.43
4194,2024-09-02,4,1,55,1,0.0,122.39
4195,2023-05-26,10,10,135,1,0.15,121.34
4196,2023-07-04,3,22,40,1,0.0,297.41
4197,2024-05-21,12,17,468,1,0.0,115.98
4198,2023-08-01,13,7,52,1,0.0,150.73
4199,2024-05-17,1,7,212,1,0.0,150.73
4200,2023-03-17,16,7,492,3,0.0,452.19
4201,2024-10-02,3,6,108,2,0.0,264.2
4202,2024-12-04,11,24,325,1,0.0,195.36
4203,2024-04-06,6,14,93,2,0.0,99.58
4204,2023-11-06,19,3,324,2,0.1,152.14
4205,2024-09-13,2,9,61,2,0.0,29.72
4206,2023-12-18,16,12,315,1,0.0,76.5
4207,2024-09-06,18,5,3,3,0.0,101.04
4208,2023-06-12,17,5,380,1,0.1,30.31
4209,2023-09-18,4,17,99,1,0.0,115.98
4210,2024-09-12,1,20,275,3,0.0,528.12
4211,2023-01-24,17,16,263,2,0.0,198.24
4212,2023-06-06,7,2,444,1,0.0,14.78
4213,2024-01-09,4,25,461,1,0.0,144.03
4214,2023-08-11,1,7,168,2,0.0,301.46
4215,2023-05-22,8,23,43,1,0.0,202.43
4216,2024-12-09,9,6,141,1,0.0,132.1
4217,2024-05-08,7,24,489,1,0.0,195.36
4218,2023-04-05,12,10,363,1,0.0,142.75
4219,2024-07-18,10,18,240,1,0.0,216.73
4220,2024-05-22,14,25,263,1,0.0,144.03
4221,2024-02-14,7,13,129,2,0.2,306.5
4222,2023-06-27,7,1,352,1,0.0,122.39
4223,2023-10-15,13,7,53,1,0.0,150.73
4224,2024-08-20,19,5,160,1,0.0,33.68
4225,2023-06-19,7,1,489,1,0.1,110.15
4226,2024-05-14,14,4,453,1,0.0,220.67
4227,2024-04-01,14,17,306,1,0.0,115.98
4228,2023-10-06,11,9,319,1,0.1,13.37
4229,2023-04-21,20,17,197,1,0.0,115.98
4230,2024-03-15,7,10,291,1,0.0,142.75
4231,2023-12-21,3,3,231,1,0.0,84.52
4232,2023-06-21,2,15,491,1,0.15,52.88
4233,2024-06-07,9,21,301,1,0.0,155.14
4234,2024-02-24,10,22,310,1,0.0,297.41
4235,2024-10-22,17,15,181,1,0.0,62.21
4236,2024-02-12,1,3,59,1,0.0,84.52
4237,2023-07-04,11,2,220,1,0.0,14.78
4238,2023-07-10,12,15,126,1,0.0,62.21
4239,2023-03-16,7,19,337,3,0.0,398.85
4240,2024-01-16,12,15,75,1,0.0,62.21
4241,2023-11-11,1,25,368,1,0.0,144.03
4242,2023-12-19,11,1,461,2,0.0,244.78
4243,2023-08-27,18,20,34,1,0.0,176.04
4244,2024-01-30,10,24,309,1,0.0,195.36
4245,2023-08-06,17,18,112,2,0.0,433.46
4246,2023-04-16,18,3,143,1,0.0,84.52
4247,2024-09-14,3,25,294,1,0.0,144.03
4248,2024-10-23,14,6,350,2,0.0,264.2
4249,2024-03-21,11,15,417,1,0.0,62.21
4250,2023-11-02,16,21,256,1,0.0,155.14
4251,2023-02-17,9,19,216,1,0.0,132.95
4252,2023-05-03,4,4,232,1,0.1,198.6
4253,2023-06-25,20,14,168,1,0.2,39.83
4254,2024-08-28,13,15,122,1,0.0,62.21
4255,2024-08-13,1,19,146,1,0.0,132.95
4256,2023-01-19,19,5,3,1,0.2,26.94
4257,2024-04-17,10,8,68,1,0.0,176.75
4258,2024-02-17,2,21,459,3,0.0,465.42
4259,2024-06-30,17,22,21,3,0.0,892.23
4260,2023-12-12,3,16,241,1,0.0,99.12
4261,2023-04-08,14,10,371,1,0.0,142.75
4262,2023-11-25,12,21,205,1,0.0,155.14
4263,2023-03-23,18,10,397,1,0.0,142.75
4264,2023-11-17,2,18,202,1,0.0,216.73
4265,2023-11-02,15,9,253,1,0.0,14.86
4266,2024-10-18,4,7,432,1,0.0,150.73
4267,2024-01-18,20,11,53,1,0.0,11.04
4268,2023-01-30,8,2,25,1,0.0,14.78
4269,2023-01-11,5,18,54,1,0.0,216.73
4270,2023-11-27,14,5,116,1,0.0,33.68
4271,2023-06-24,3,10,98,1,0.0,142.75
4272,2024-01-13,18,3,3,1,0.0,84.52
4273,2024-12-05,9,5,453,1,0.0,33.68
4274,2023-02-14,4,25,25,1,0.0,144.03
4275,2023-11-11,20,20,406,1,0.0,176.04
4276,2024-01-24,9,22,358,1,0.15,252.8
4277,2023-06-24,5,25,299,1,0.0,144.03
4278,2024-04-16,4,16,65,2,0.2,158.59
4279,2023-11-23,19,19,455,1,0.0,132.95
4280,2024-02-28,15,10,343,1,0.0,142.75
4281,2023-05-06,17,17,271,1,0.15,98.58
4282,2023-09-04,19,13,245,2,0.15,325.65
4283,2024-11-08,9,21,165,1,0.0,155.14
4284,2024-05-09,8,4,48,1,0.0,220.67
4285,2023-09-28,10,24,365,2,0.0,390.72
4286,2023-03-26,12,18,286,1,0.0,216.73
4287,2023-09-06,7,18,356,3,0.1,585.17
4288,2023-03-21,3,5,498,2,0.0,67.36
4289,2024-05-21,2,10,109,1,0.0,142.75
4290,2023-01-14,7,10,240,1,0.0,142.75
4291,2024-01-30,7,21,250,3,0.0,465.42
4292,2023-04-18,11,13,107,1,0.2,153.25
4293,2024-08-27,17,3,264,3,0.0,253.56
4294,2023-11-17,10,8,363,1,0.0,176.75
4295,2024-04-09,5,10,435,1,0.1,128.48
4296,2024-05-31,4,16,469,2,0.0,198.24
4297,2023-05-14,8,21,470,1,0.0,155.14
4298,2024-01-08,13,19,500,1,0.0,132.95
4299,2024-04-08,20,2,263,1,0.2,11.82
4300,2023-07-27,13,7,97,2,0.0,301.46
4301,2023-03-12,9,1,217,1,0.0,122.39
4302,2023-06-18,10,15,488,2,0.0,124.42
4303,2024-08-14,4,23,76,2,0.0,404.86
4304,2024-04-17,4,8,382,1,0.0,176.75
4305,2023-04-23,8,3,9,1,0.0,84.52
4306,2024-04-16,6,11,137,2,0.0,22.08
4307,2023-01-30,16,13,339,1,0.0,191.56
4308,2024-06-27,15,25,181,1,0.0,144.03
4309,2023-09-29,4,18,475,1,0.0,216.73
4310,2024-07-17,3,17,182,1,0.0,115.98
4311,2024-03-17,7,7,78,1,0.0,150.73
4312,2024-02-11,17,18,221,1,0.0,216.73
4313,2024-06-04,11,6,28,3,0.0,396.3
4314,2024-03-27,9,6,190,1,0.0,132.1
4315,2023-04-11,2,5,333,2,0.0,67.36
4316,2024-01-27,14,24,100,1,0.0,195.36
4317,2023-10-29,7,7,207,1,0.0,150.73
4318,2023-06-30,20,16,142,1,0.0,99.12
4319,2024-06-26,20,8,253,1,0.0,176.75
4320,2024-06-15,14,23,56,1,0.0,202.43
4321,2024-11-08,4,4,113,1,0.0,220.67
4322,2023-04-28,2,11,459,1,0.0,11.04
4323,2023-02-06,19,20,137,2,0.0,352.08
4324,2023-09-02,3,1,273,1,0.1,110.15
4325,2023-04-14,9,13,116,1,0.0,191.56
4326,2024-09-27,13,18,201,1,0.0,216.73
4327,2024-02-07,4,24,113,1,0.0,195.36
4328,2024-12-07,6,22,403,1,0.0,297.41
4329,2023-07-28,12,18,327,2,0.0,433.46
4330,2023-10-22,20,24,148,4,0.0,781.44
4331,2023-01-04,4,16,95,1,0.0,99.12
4332,2024-05-30,20,19,245,2,0.0,265.9
4333,2023-11-09,8,16,88,1,0.0,99.12
4334,2023-11-19,6,19,96,1,0.0,132.95
4335,2023-12-07,5,1,493,1,0.0,122.39
4336,2023-01-14,16,13,220,4,0.0,766.24
4337,2023-12-09,3,14,88,1,0.0,49.79
4338,2024-11-26,1,23,305,1,0.1,182.19
4339,2023-12-27,19,18,1,2,0.0,433.46
4340,2024-05-15,8,17,242,1,0.0,115.98
4341,2023-04-23,2,7,420,1,0.0,150.73
4342,2023-01-18,19,1,349,1,0.0,122.39
4343,2023-10-25,8,17,269,1,0.0,115.98
4344,2024-05-30,6,22,387,2,0.0,594.82
4345,2023-05-31,4,23,52,1,0.0,202.43
4346,2023-11-08,11,21,232,1,0.0,155.14
4347,2024-05-17,12,19,280,1,0.0,132.95
4348,2023-09-21,16,25,130,2,0.1,259.25
4349,2024-01-09,15,23,7,1,0.1,182.19
4350,2023-12-11,17,8,397,1,0.0,176.75
4351,2024-11-10,20,8,248,2,0.1,318.15
4352,2023-04-26,9,22,352,2,0.0,594.82
4353,2024-06-15,1,4,76,1,0.0,220.67
4354,2024-02-25,8,4,338,2,0.0,441.34
4355,2023-05-26,12,13,255,2,0.2,306.5
4356,2023-02-01,8,23,296,1,0.0,202.43
4357,2024-12-13,12,21,106,1,0.0,155.14
4358,2023-04-02,7,15,472,1,0.0,62.21
4359,2024-01-22,4,19,495,2,0.0,265.9
4360,2023-10-08,18,18,461,1,0.0,216.73
4361,2024-04-05,17,17,90,1,0.0,115.98
4362,2023-09-29,12,5,455,1,0.0,33.68
4363,2023-12-14,9,22,159,1,0.0,297.41
4364,2023-07-15,2,14,297,1,0.0,49.79
4365,2024-06-16,11,18,428,2,0.0,433.46
4366,2024-09-19,4,16,222,1,0.1,89.21
4367,2024-04-10,19,6,496,1,0.0,132.1
4368,2023-12-01,16,9,475,3,0.0,44.58
4369,2024-12-22,5,18,268,1,0.0,216.73
4370,2023-10-24,20,16,286,1,0.0,99.12
4371,2024-11-16,10,6,34,1,0.1,118.89
4372,2023-10-29,1,11,233,1,0.15,9.38
4373,2023-02-11,7,13,145,3,0.0,574.68
4374,2024-08-30,4,22,28,2,0.0,594.82
4375,2024-05-15,10,5,3,1,0.0,33.68
4376,2024-03-16,12,10,339,1,0.1,128.48
4377,2023-01-01,2,6,129,1,0.0,132.1
4378,2023-05-22,12,9,450,2,0.0,29.72
4379,2023-10-18,17,6,341,1,0.0,132.1
4380,2024-07-28,5,23,489,1,0.1,182.19
4381,2023-03-30,9,9,74,1,0.0,14.86
4382,2023-07-21,14,1,300,3,0.2,293.74
4383,2023-03-24,10,21,113,1,0.0,155.14
4384,2023-02-02,16,24,478,2,0.1,351.65
4385,2023-12-22,13,14,217,1,0.0,49.79
4386,2024-02-13,4,16,458,1,0.0,99.12
4387,2023-09-25,10,16,306,2,0.0,198.24
4388,2023-11-14,11,25,412,3,0.0,432.09
4389,2024-08-15,5,7,350,1,0.0,150.73
4390,2023-07-24,9,1,70,1,0.15,104.03
4391,2024-03-02,18,4,103,1,0.1,198.6
4392,2023-11-10,19,8,475,1,0.1,159.08
4393,2024-10-05,15,10,280,1,0.0,142.75
4394,2023-07-07,13,3,401,1,0.0,84.52
4395,2024-03-23,4,9,71,1,0.15,12.63
4396,2024-06-23,15,19,356,1,0.0,132.95
4397,2023-11-17,12,9,240,1,0.15,12.63
4398,2023-12-29,14,18,493,1,0.15,184.22
4399,2024-02-25,15,18,15,2,0.0,433.46
4400,2024-07-26,1,16,491,1,0.0,99.12
4401,2024-03-07,3,12,387,1,0.15,65.02
4402,2023-05-24,20,3,465,2,0.0,169.04
4403,2023-11-06,19,14,263,2,0.0,99.58
4404,2024-01-18,5,12,318,2,0.0,153.0
4405,2024-07-10,19,15,450,3,0.0,186.63
4406,2023-10-28,2,12,387,1,0.0,76.5
4407,2024-02-07,5,22,207,1,0.0,297.41
4408,2024-11-26,17,19,236,2,0.0,265.9
4409,2023-02-25,3,4,29,1,0.0,220.67
4410,2023-10-04,4,5,171,2,0.15,57.26
4411,2024-08-31,4,21,421,1,0.0,155.14
4412,2023-10-25,19,1,247,1,0.0,122.39
4413,2024-12-02,4,17,380,1,0.0,115.98
4414,2024-08-21,17,10,379,1,0.0,142.75
4415,2023-02-24,7,13,265,1,0.0,191.56
4416,2023-05-28,18,13,380,3,0.0,574.68
4417,2024-05-22,5,20,115,1,0.0,176.04
4418,2024-11-22,5,15,155,1,0.0,62.21
4419,2024-10-05,10,19,369,2,0.0,265.9
4420,2023-01-07,16,8,320,1,0.0,176.75
4421,2024-12-03,1,8,79,1,0.0,176.75
4422,2024-09-10,4,17,267,1,0.0,115.98
4423,2023-04-10,8,23,105,2,0.0,404.86
4424,2023-04-17,16,18,13,2,0.0,433.46
4425,2024-06-01,15,10,201,1,0.0,142.75
4426,2023-02-26,4,3,154,1,0.0,84.52
4427,2024-02-19,16,18,95,1,0.0,216.73
4428,2023-08-29,18,13,134,1,0.0,191.56
4429,2024-09-19,15,16,440,2,0.0,198.24
4430,2024-11-04,14,9,75,1,0.0,14.86
4431,2024-10-13,1,5,95,1,0.0,33.68
4432,2023-05-26,8,24,88,1,0.0,195.36
4433,2024-06-07,18,13,103,1,0.0,191.56
4434,2024-05-02,16,14,149,1,0.0,49.79
4435,2023-10-24,4,13,492,1,0.1,172.4
4436,2024-08-25,16,16,189,1,0.0,99.12
4437,2024-11-13,4,19,238,1,0.0,132.95
4438,2024-03-02,14,4,76,1,0.1,198.6
4439,2023-01-29,10,11,235,1,0.1,9.94
4440,2023-05-04,19,1,200,1,0.0,122.39
4441,2023-01-12,19,23,156,2,0.0,404.86
4442,2023-02-04,20,10,228,2,0.0,285.5
4443,2023-02-13,12,9,493,2,0.15,25.26
4444,2023-05-23,15,8,452,2,0.0,353.5
4445,2024-04-14,9,1,5,2,0.0,244.78
4446,2023-06-12,12,13,257,1,0.0,191.56
4447,2024-05-30,7,17,179,1,0.1,104.38
4448,2024-12-24,17,17,33,2,0.0,231.96
4449,2023-06-28,5,12,181,2,0.0,153.0
4450,2024-11-02,11,3,236,1,0.0,84.52
4451,2023-05-24,9,21,402,1,0.2,124.11
4452,2024-11-13,3,13,470,2,0.0,383.12
4453,2024-10-22,16,21,193,1,0.0,155.14
4454,2024-04-28,20,25,338,1,0.0,144.03
4455,2023-07-04,19,17,363,1,0.0,115.98
4456,2024-06-03,17,13,133,1,0.0,191.56
4457,2023-05-13,11,10,302,3,0.0,428.25
4458,2024-08-17,12,15,300,1,0.1,55.99
4459,2024-09-24,13,23,35,3,0.0,607.29
4460,2023-02-16,1,7,437,3,0.0,452.19
4461,2023-06-12,8,7,50,3,0.0,452.19
4462,2024-11-22,16,20,166,1,0.0,176.04
4463,2023-08-26,8,5,54,1,0.1,30.31
4464,2023-06-28,13,16,387,1,0.0,99.12
4465,2024-03-06,3,19,32,1,0.0,132.95
4466,2024-09-18,9,16,59,3,0.0,297.36
4467,2023-02-08,3,6,227,1,0.0,132.1
4468,2024-01-19,20,4,324,2,0.0,441.34
4469,2023-01-31,6,15,165,1,0.0,62.21
4470,2023-04-21,15,19,194,1,0.0,132.95
4471,2023-05-17,19,9,285,3,0.0,44.58
4472,2023-07-24,7,11,130,3,0.0,33.12
4473,2024-05-17,15,11,348,4,0.0,44.16
4474,2023-10-20,8,24,104,1,0.0,195.36
4475,2023-06-15,14,6,417,1,0.0,132.1
4476,2024-06-25,7,10,45,1,0.15,121.34
4477,2024-08-19,1,8,323,2,0.0,353.5
4478,2024-11-02,5,5,458,1,0.0,33.68
4479,2023-01-06,12,17,397,1,0.15,98.58
4480,2024-02-22,19,16,280,1,0.0,99.12
4481,2023-03-15,11,11,95,1,0.0,11.04
4482,2024-11-29,17,4,255,2,0.0,441.34
4483,2023-07-14,7,13,293,1,0.0,191.56
4484,2024-04-30,17,3,181,2,0.0,169.04
4485,2024-01-01,20,14,461,1,0.2,39.83
4486,2024-07-26,5,10,411,1,0.0,142.75
4487,2023-03-10,15,10,219,1,0.0,142.75
4488,2024-10-02,13,21,448,2,0.0,310.28
4489,2023-03-14,19,9,41,2,0.0,29.72
4490,2023-05-11,17,22,153,3,0.0,892.23
4491,2023-04-14,4,5,256,1,0.0,33.68
4492,2023-08-25,2,17,308,1,0.0,115.98
4493,2024-07-07,11,17,12,1,0.0,115.98
4494,2023-08-18,10,12,473,1,0.0,76.5
4495,2023-09-15,13,10,361,1,0.0,142.75
4496,2024-01-02,3,15,447,1,0.0,62.21
4497,2023-06-11,10,17,39,3,0.0,347.94
4498,2024-07-01,19,7,124,1,0.0,150.73
4499,2024-06-14,20,1,257,1,0.0,122.39
4500,2023-11-02,18,20,358,2,0.0,352.08
4501,2023-04-24,19,23,242,3,0.0,607.29
4502,2023-09-27,1,9,17,1,0.0,14.86
4503,2023-12-13,7,2,172,1,0.0,14.78
4504,2023-03-02,5,16,105,3,0.0,297.36
4505,2024-07-14,11,17,474,2,0.1,208.76
4506,2024-11-10,2,9,121,1,0.15,12.63
4507,2024-05-20,3,11,413,1,0.0,11.04
4508,2024-07-31,20,23,360,1,0.0,202.43
4509,2023-02-06,12,11,37,2,0.0,22.08
4510,2024-03-02,20,8,379,1,0.0,176.75
4511,2024-09-19,3,9,455,2,0.0,29.72
4512,2024-07-18,16,11,485,2,0.2,17.66
4513,2023-05-13,9,23,371,2,0.1,364.37
4514,2023-02-12,4,19,19,2,0.0,265.9
4515,2024-05-23,17,6,116,2,0.0,264.2
4516,2024-10-27,12,24,221,2,0.0,390.72
4517,2024-05-04,10,13,401,1,0.0,191.56
4518,2023-08-22,1,24,477,1,0.0,195.36
4519,2023-02-26,1,14,397,1,0.0,49.79
4520,2023-07-20,18,24,312,4,0.0,781.44
4521,2024-01-24,1,1,283,1,0.0,122.39
4522,2024-05-08,2,9,199,2,0.15,25.26
4523,2024-01-22,5,6,221,1,0.0,132.1
4524,2024-12-19,5,4,60,1,0.0,220.67
4525,2024-03-24,4,24,460,1,0.0,195.36
4526,2024-09-22,12,17,181,2,0.0,231.96
4527,2023-07-18,11,21,224,1,0.0,155.14
4528,2023-03-01,8,11,119,1,0.0,11.04
4529,2023-04-05,19,20,6,1,0.0,176.04
4530,2023-08-21,14,6,383,1,0.0,132.1
4531,2024-07-03,19,23,24,2,0.0,404.86
4532,2023-01-16,8,7,417,1,0.0,150.73
4533,2023-02-28,3,7,30,1,0.0,150.73
4534,2023-05-10,15,12,93,3,0.0,229.5
4535,2023-10-17,2,9,161,3,0.0,44.58
4536,2023-12-25,8,18,150,2,0.0,433.46
4537,2023-05-13,20,4,204,1,0.0,220.67
4538,2024-05-05,4,2,337,1,0.0,14.78
4539,2023-03-20,3,1,129,2,0.0,244.78
4540,2024-07-10,7,21,254,2,0.0,310.28
4541,2024-12-23,12,7,460,1,0.0,150.73
4542,2023-08-14,15,24,366,1,0.0,195.36
4543,2023-11-06,18,10,150,1,0.0,142.75
4544,2024-10-31,8,24,270,1,0.0,195.36
4545,2023-10-01,11,1,358,1,0.0,122.39
4546,2024-07-08,17,15,54,4,0.0,248.84
4547,2023-02-25,12,23,462,2,0.0,404.86
4548,2024-02-25,20,12,249,1,0.0,76.5
4549,2023-10-14,3,21,105,1,0.0,155.14
4550,2023-05-21,17,3,119,2,0.0,169.04
4551,2023-11-09,7,15,63,1,0.0,62.21
4552,2024-01-17,5,6,19,1,0.0,132.1
4553,2023-08-29,15,17,333,2,0.1,208.76
4554,2024-04-09,4,25,11,1,0.0,144.03
4555,2024-05-25,2,11,139,1,0.0,11.04
4556,2023-10-12,19,5,197,1,0.0,33.68
4557,2023-11-04,3,7,31,2,0.0,301.46
4558,2023-10-13,20,21,197,2,0.0,310.28
4559,2024-05-22,1,6,442,1,0.1,118.89
4560,2024-01-27,13,20,228,1,0.0,176.04
4561,2023-02-15,8,24,106,2,0.0,390.72
4562,2024-01-24,6,16,338,1,0.0,99.12
4563,2024-03-17,18,2,27,2,0.1,26.6
4564,2024-11-18,12,4,480,1,0.0,220.67
4565,2023-01-27,20,11,387,2,0.0,22.08
4566,2023-12-11,9,6,415,2,0.0,264.2
4567,2024-08-28,7,22,388,1,0.15,252.8
4568,2023-01-29,11,11,372,1,0.0,11.04
4569,2024-09-28,14,4,444,2,0.0,441.34
4570,2024-03-13,2,17,414,4,0.0,463.92
4571,2023-04-22,18,4,199,1,0.2,176.54
4572,2024-11-18,15,19,218,1,0.0,132.95
4573,2024-08-09,19,18,394,1,0.0,216.73
4574,2024-06-15,9,21,84,1,0.0,155.14
4575,2024-01-26,15,10,382,1,0.0,142.75
4576,2023-09-01,5,15,465,1,0.0,62.21
4577,2023-01-16,9,25,410,1,0.0,144.03
4578,2024-11-29,3,18,128,1,0.0,216.73
4579,2024-07-09,10,6,173,1,0.1,118.89
4580,2024-08-07,13,6,20,1,0.2,105.68
4581,2024-09-22,9,13,186,1,0.1,172.4
4582,2023-10-03,9,8,401,1,0.0,176.75
4583,2024-10-30,20,14,7,1,0.0,49.79
4584,2023-05-08,10,23,292,1,0.0,202.43
4585,2024-11-09,6,1,228,1,0.0,122.39
4586,2024-04-18,1,15,226,1,0.0,62.21
4587,2023-01-10,15,5,19,1,0.0,33.68
4588,2024-01-03,16,18,327,1,0.0,216.73
4589,2024-07-23,7,17,210,1,0.0,115.98
4590,2023-03-01,19,6,481,2,0.0,264.2
4591,2023-03-23,9,1,460,1,0.0,122.39
4592,2024-09-16,18,11,161,2,0.0,22.08
4593,2023-03-07,15,22,93,1,0.1,267.67
4594,2023-09-22,9,2,133,3,0.1,39.91
4595,2024-05-21,5,6,117,1,0.0,132.1
4596,2024-10-07,6,14,76,1,0.0,49.79
4597,2024-09-24,2,15,120,1,0.1,55.99
4598,2023-04-28,2,5,95,1,0.0,33.68
4599,2024-12-01,15,17,297,3,0.15,295.75
4600,2023-11-23,8,24,32,1,0.0,195.36
4601,2023-09-23,9,23,9,1,0.1,182.19
4602,2024-11-25,12,9,277,2,0.0,29.72
4603,2023-02-15,20,21,121,3,0.0,465.42
4604,2023-12-17,15,4,58,3,0.1,595.81
4605,2024-06-07,3,7,122,1,0.0,150.73
4606,2023-07-28,11,7,293,2,0.0,301.46
4607,2024-01-16,14,3,37,1,0.15,71.84
4608,2024-10-19,14,24,449,1,0.0,195.36
4609,2023-10-17,5,17,13,2,0.0,231.96
4610,2023-12-01,12,1,172,2,0.0,244.78
4611,2024-02-22,12,1,241,2,0.0,244.78
4612,2023-10-29,20,14,16,2,0.0,99.58
4613,2023-06-14,12,5,23,3,0.0,101.04
4614,2023-10-25,5,9,467,2,0.0,29.72
4615,2024-08-28,1,2,55,1,0.0,14.78
4616,2024-09-15,7,22,414,2,0.0,594.82
4617,2023-11-17,17,1,402,1,0.15,104.03
4618,2024-08-18,12,8,482,2,0.15,300.47
4619,2023-08-09,13,23,426,2,0.0,404.86
4620,2024-08-19,2,10,337,2,0.0,285.5
4621,2023-06-03,13,24,391,1,0.15,166.06
4622,2024-10-26,3,15,490,1,0.0,62.21
4623,2023-03-21,8,9,290,1,0.0,14.86
4624,2024-05-30,19,14,323,4,0.0,199.16
4625,2024-07-15,14,10,276,1,0.0,142.75
4626,2023-05-05,17,20,409,1,0.0,176.04
4627,2023-02-22,20,14,242,2,0.0,99.58
4628,2024-11-06,15,13,163,2,0.0,383.12
4629,2023-10-03,7,14,429,1,0.0,49.79
4630,2024-08-12,10,5,467,2,0.0,67.36
4631,2023-09-07,11,12,125,1,0.0,76.5
4632,2024-01-06,8,17,234,2,0.0,231.96
4633,2023-11-19,4,17,355,1,0.0,115.98
4634,2023-09-04,15,20,376,1,0.0,176.04
4635,2024-02-24,12,9,41,1,0.0,14.86
4636,2023-12-27,3,2,469,1,0.0,14.78
4637,2024-01-06,16,22,310,3,0.0,892.23
4638,2023-08-24,15,3,403,2,0.2,135.23
4639,2024-03-04,8,15,292,1,0.0,62.21
4640,2023-05-09,18,9,126,1,0.0,14.86
4641,2024-02-22,19,8,341,2,0.0,353.5
4642,2023-05-22,20,24,134,1,0.2,156.29
4643,2023-10-21,11,22,161,2,0.0,594.82
4644,2023-05-01,3,8,210,1,0.0,176.75
4645,2024-03-07,17,9,76,1,0.0,14.86
4646,2024-08-12,16,11,324,1,0.0,11.04
4647,2023-07-22,6,14,449,1,0.0,49.79
4648,2024-04-09,1,9,86,2,0.0,29.72
4649,2023-05-04,14,15,135,1,0.1,55.99
4650,2024-07-21,16,17,381,1,0.0,115.98
4651,2023-04-14,5,25,446,1,0.0,144.03
4652,2023-02-04,14,22,13,1,0.15,252.8
4653,2024-12-03,5,20,264,1,0.0,176.04
4654,2024-06-26,13,21,463,1,0.2,124.11
4655,2024-03-08,12,5,66,2,0.0,67.36
4656,2024-02-16,18,21,124,1,0.0,155.14
4657,2024-12-11,11,9,303,3,0.0,44.58
4658,2024-09-15,20,15,56,1,0.0,62.21
4659,2023-02-16,3,11,379,1,0.1,9.94
4660,2023-12-30,14,13,323,2,0.0,383.12
4661,2024-04-05,14,13,149,3,0.0,574.68
4662,2024-05-03,5,13,376,1,0.0,191.56
4663,2023-07-07,19,19,470,1,0.15,113.01
4664,2024-06-05,3,11,78,4,0.2,35.33
4665,2023-01-08,19,13,304,1,0.0,191.56
4666,2024-01-14,15,10,195,1,0.1,128.48
4667,2023-11-25,17,17,370,1,0.1,104.38
4668,2024-08-25,9,13,484,1,0.0,191.56
4669,2023-04-10,8,14,153,1,0.0,49.79
4670,2024-05-20,11,13,25,2,0.0,383.12
4671,2024-07-31,17,22,460,1,0.15,252.8
4672,2024-06-21,19,13,261,1,0.0,191.56
4673,2024-03-12,10,20,166,2,0.0,352.08
4674,2024-01-29,11,20,388,1,0.0,176.04
4675,2023-07-02,5,15,22,1,0.0,62.21
4676,2023-08-04,14,15,266,1,0.1,55.99
4677,2023-10-12,19,7,451,1,0.0,150.73
4678,2024-09-22,11,24,51,3,0.2,468.86
4679,2023-12-04,10,14,141,2,0.0,99.58
4680,2024-05-13,15,14,115,1,0.0,49.79
4681,2023-06-23,10,3,481,1,0.0,84.52
4682,2023-09-23,20,20,386,1,0.0,176.04
4683,2023-04-19,8,1,342,1,0.0,122.39
4684,2023-10-13,5,16,50,1,0.0,99.12
4685,2023-07-31,18,8,430,2,0.0,353.5
4686,2024-06-04,6,6,15,2,0.0,264.2
4687,2024-09-04,2,16,492,1,0.2,79.3
4688,2024-07-06,18,22,410,1,0.0,297.41
4689,2023-07-19,1,21,251,1,0.0,155.14
4690,2023-01-27,12,8,105,1,0.0,176.75
4691,2023-10-16,19,7,219,2,0.0,301.46
4692,2024-03-31,17,7,65,1,0.0,150.73
4693,2024-04-09,10,7,471,1,0.0,150.73
4694,2023-04-23,4,24,228,1,0.0,195.36
4695,2024-03-18,16,2,135,1,0.0,14.78
4696,2023-03-30,5,7,143,2,0.0,301.46
4697,2024-11-12,3,22,382,1,0.2,237.93
4698,2023-08-16,3,12,168,1,0.0,76.5
4699,2023-06-10,17,12,172,2,0.0,153.0
4700,2023-10-10,15,24,323,1,0.0,195.36
4701,2024-06-09,3,15,362,1,0.0,62.21
4702,2024-12-02,14,6,52,1,0.0,132.1
4703,2024-12-23,11,21,98,2,0.1,279.25
4704,2024-07-25,2,18,486,1,0.1,195.06
4705,2024-10-11,1,6,126,1,0.1,118.89
4706,2023-05-21,19,16,193,1,0.0,99.12
4707,2023-08-14,7,16,136,1,0.15,84.25
4708,2024-04-26,5,12,249,1,0.0,76.5
4709,2023-07-11,16,9,145,1,0.0,14.86
4710,2023-05-15,7,13,326,1,0.2,153.25
4711,2023-04-01,17,3,439,2,0.0,169.04
4712,2023-08-08,1,13,223,1,0.0,191.56
4713,2023-03-10,16,18,286,1,0.1,195.06
4714,2024-09-17,7,14,364,1,0.0,49.79
4715,2023-07-02,2,3,215,3,0.0,253.56
4716,2024-12-13,19,4,121,1,0.0,220.67
4717,2024-10-15,12,16,248,1,0.0,99.12
4718,2024-06-27,6,15,450,1,0.1,55.99
4719,2023-11-04,10,3,343,1,0.0,84.52
4720,2024-05-11,16,7,408,1,0.0,150.73
4721,2024-10-07,13,3,307,1,0.0,84.52
4722,2024-01-01,18,23,247,2,0.0,404.86
4723,2023-10-30,4,14,113,2,0.0,99.58
4724,2023-04-26,10,7,215,2,0.0,301.46
4725,2024-04-02,11,5,127,2,0.0,67.36
4726,2024-11-09,6,2,238,2,0.0,29.56
4727,2023-11-23,12,16,357,1,0.0,99.12
4728,2024-02-12,5,9,397,1,0.0,14.86
4729,2024-05-10,16,22,308,2,0.0,594.82
4730,2024-02-26,8,25,15,2,0.0,288.06
4731,2023-10-25,9,14,260,2,0.1,89.62
4732,2023-08-09,14,15,32,1,0.0,62.21
4733,2024-07-29,11,5,134,1,0.0,33.68
4734,2024-11-13,15,18,218,1,0.15,184.22
4735,2024-02-13,9,13,468,1,0.0,191.56
4736,2023-02-25,9,24,249,1,0.0,195.36
4737,2023-08-13,11,12,326,1,0.0,76.5
4738,2023-02-16,10,23,230,1,0.0,202.43
4739,2024-02-24,8,22,294,1,0.1,267.67
4740,2023-06-20,18,25,106,1,0.0,144.03
4741,2024-10-02,4,17,486,1,0.0,115.98
4742,2024-09-20,20,24,169,1,0.0,195.36
4743,2023-05-13,20,9,277,1,0.0,14.86
4744,2023-01-21,1,19,411,1,0.2,106.36
4745,2024-01-24,3,3,400,1,0.15,71.84
4746,2024-12-12,18,14,33,2,0.0,99.58
4747,2024-11-07,12,3,275,1,0.0,84.52
4748,2023-07-23,6,19,430,1,0.0,132.95
4749,2024-07-02,13,23,441,1,0.0,202.43
4750,2023-08-23,10,25,411,2,0.0,288.06
4751,2023-06-15,12,8,170,1,0.15,150.24
4752,2024-02-28,7,24,284,1,0.0,195.36
4753,2023-09-12,1,3,19,1,0.2,67.62
4754,2023-01-21,17,17,53,2,0.0,231.96
4755,2024-05-28,13,24,406,1,0.0,195.36
4756,2024-05-11,2,5,81,1,0.1,30.31
4757,2023-10-17,10,9,13,1,0.0,14.86
4758,2023-08-24,8,1,18,2,0.0,244.78
4759,2023-10-06,4,25,417,2,0.0,288.06
4760,2024-01-22,13,19,68,2,0.0,265.9
4761,2023-10-04,3,12,40,1,0.0,76.5
4762,2023-03-17,17,19,370,1,0.0,132.95
4763,2024-12-21,14,4,11,2,0.15,375.14
4764,2023-01-16,18,4,310,2,0.0,441.34
4765,2023-06-05,4,24,377,1,0.0,195.36
4766,2024-08-25,13,5,100,1,0.0,33.68
4767,2024-09-12,10,1,402,1,0.0,122.39
4768,2023-11-28,1,24,155,1,0.0,195.36
4769,2023-10-08,15,24,104,3,0.0,586.08
4770,2023-04-13,9,1,497,1,0.0,122.39
4771,2024-11-02,13,20,150,2,0.0,352.08
4772,2024-03-15,3,19,114,1,0.15,113.01
4773,2024-02-21,18,24,143,2,0.0,390.72
4774,2024-05-09,10,11,465,1,0.0,11.04
4775,2024-12-20,8,7,196,1,0.0,150.73
4776,2023-01-18,16,24,373,1,0.0,195.36
4777,2024-02-08,12,20,391,1,0.0,176.04
4778,2024-07-13,4,15,232,2,0.0,124.42
4779,2023-08-18,19,20,500,1,0.1,158.44
4780,2023-01-26,13,25,395,3,0.2,345.67
4781,2023-08-26,15,24,190,1,0.0,195.36
4782,2024-05-03,19,8,56,2,0.0,353.5
4783,2024-10-20,10,24,171,2,0.0,390.72
4784,2023-05-28,3,4,49,1,0.1,198.6
4785,2024-07-28,6,13,107,1,0.15,162.83
4786,2024-05-16,19,7,128,1,0.0,150.73
4787,2023-03-27,5,4,207,2,0.1,397.21
4788,2024-09-23,16,10,268,3,0.0,428.25
4789,2024-08-03,8,8,31,2,0.0,353.5
4790,2024-05-20,9,2,211,1,0.0,14.78
4791,2023-11-15,5,25,19,1,0.0,144.03
4792,2023-11-26,20,24,209,1,0.0,195.36
4793,2023-01-06,9,17,354,1,0.0,115.98
4794,2023-08-03,18,19,407,2,0.0,265.9
4795,2024-05-15,18,6,256,1,0.2,105.68
4796,2023-11-17,8,23,165,1,0.1,182.19
4797,2024-04-17,16,8,264,1,0.15,150.24
4798,2024-07-22,3,22,472,1,0.0,297.41
4799,2023-04-18,14,9,359,1,0.0,14.86
4800,2023-03-21,13,12,66,2,0.0,153.0
4801,2023-01-14,6,24,267,1,0.0,195.36
4802,2023-05-05,6,9,102,1,0.0,14.86
4803,2024-03-24,4,16,20,3,0.0,297.36
4804,2024-03-10,16,6,88,1,0.0,132.1
4805,2024-10-03,17,2,250,1,0.0,14.78
4806,2023-05-24,18,18,215,1,0.2,173.38
4807,2024-02-13,1,1,152,1,0.15,104.03
4808,2023-05-01,14,6,151,4,0.0,528.4
4809,2024-11-11,20,3,456,1,0.0,84.52
4810,2024-01-16,19,2,333,1,0.0,14.78
4811,2023-06-19,5,24,149,1,0.1,175.82
4812,2024-06-19,7,1,412,1,0.15,104.03
4813,2024-09-20,12,18,266,3,0.0,650.19
4814,2024-09-11,9,10,242,1,0.1,128.48
4815,2024-04-18,7,18,480,1,0.0,216.73
4816,2023-12-05,5,15,85,2,0.0,124.42
4817,2024-06-20,16,5,6,1,0.1,30.31
4818,2023-11-22,5,19,241,1,0.0,132.95
4819,2023-03-10,1,9,160,1,0.0,14.86
4820,2024-12-23,4,10,276,1,0.0,142.75
4821,2024-04-14,11,5,49,1,0.0,33.68
4822,2023-03-04,20,20,240,1,0.0,176.04
4823,2024-08-31,6,3,35,1,0.2,67.62
4824,2023-12-25,8,21,177,1,0.0,155.14
4825,2024-10-05,1,6,476,2,0.0,264.2
4826,2023-07-17,9,2,146,1,0.0,14.78
4827,2024-03-12,19,21,374,1,0.0,155.14
4828,2023-11-25,13,16,479,1,0.0,99.12
4829,2023-09-18,18,19,278,2,0.0,265.9
4830,2024-10-18,7,15,40,1,0.0,62.21
4831,2024-08-29,5,15,53,1,0.0,62.21
4832,2023-08-10,9,25,92,1,0.15,122.43
4833,2023-09-27,19,23,53,3,0.0,607.29
4834,2023-05-10,17,8,301,1,0.0,176.75
4835,2024-10-22,13,22,170,1,0.0,297.41
4836,2024-08-12,19,19,310,1,0.0,132.95
4837,2023-10-11,20,12,343,1,0.2,61.2
4838,2024-04-29,7,25,87,1,0.0,144.03
4839,2023-01-03,8,15,111,1,0.0,62.21
4840,2023-04-04,20,12,76,1,0.0,76.5
4841,2023-05-27,6,18,244,1,0.0,216.73
4842,2023-01-01,11,24,40,1,0.2,156.29
4843,2023-02-23,5,14,262,1,0.0,49.79
4844,2024-03-26,14,11,341,1,0.0,11.04
4845,2024-04-28,11,21,155,1,0.0,155.14
4846,2024-05-27,4,6,124,2,0.0,264.2
4847,2024-07-27,13,8,194,1,0.0,176.75
4848,2024-01-30,16,21,182,1,0.0,155.14
4849,2023-11-16,11,15,272,1,0.0,62.21
4850,2023-03-22,20,20,432,2,0.0,352.08
4851,2023-08-08,6,5,485,1,0.0,33.68
4852,2024-10-10,9,7,365,1,0.0,150.73
4853,2023-05-27,14,10,287,1,0.15,121.34
4854,2024-03-28,16,4,356,2,0.1,397.21
4855,2023-09-14,4,9,286,1,0.0,14.86
4856,2024-03-21,12,9,92,1,0.0,14.86
4857,2023-01-26,12,11,438,4,0.0,44.16
4858,2024-04-22,12,8,373,1,0.0,176.75
4859,2024-03-10,7,23,316,1,0.0,202.43
4860,2024-07-27,7,25,196,1,0.0,144.03
4861,2024-01-19,6,23,478,3,0.0,607.29
4862,2023-01-11,7,3,227,1,0.0,84.52
4863,2024-01-05,17,2,100,1,0.1,13.3
4864,2023-01-06,19,12,159,1,0.0,76.5
4865,2023-12-12,9,11,258,2,0.0,22.08
4866,2023-01-14,20,11,140,1,0.0,11.04
4867,2023-02-04,9,24,329,1,0.0,195.36
4868,2024-05-05,13,15,23,1,0.0,62.21
4869,2024-12-13,9,21,321,1,0.0,155.14
4870,2023-02-28,19,9,422,1,0.0,14.86
4871,2023-02-01,16,9,312,1,0.0,14.86
4872,2024-10-09,15,21,252,1,0.2,124.11
4873,2023-06-27,16,24,384,1,0.0,195.36
4874,2024-10-25,18,19,414,2,0.0,265.9
4875,2023-04-17,2,2,190,1,0.0,14.78
4876,2023-01-30,20,13,458,1,0.0,191.56
4877,2024-12-24,6,15,446,1,0.0,62.21
4878,2023-05-15,3,8,215,1,0.0,176.75
4879,2023-05-03,2,14,228,1,0.0,49.79
4880,2024-10-14,2,4,161,1,0.15,187.57
4881,2023-04-10,18,2,143,2,0.0,29.56
4882,2023-07-18,20,3,378,3,0.0,253.56
4883,2023-01-18,11,3,429,1,0.15,71.84
4884,2024-11-19,11,3,460,1,0.0,84.52
4885,2024-12-19,12,1,265,1,0.0,122.39
4886,2023-01-15,13,16,214,2,0.0,198.24
4887,2024-11-14,3,18,99,2,0.15,368.44
4888,2024-05-28,5,19,374,1,0.0,132.95
4889,2023-10-01,3,25,89,1,0.0,144.03
4890,2024-03-30,2,4,142,2,0.1,397.21
4891,2024-09-15,7,8,353,1,0.15,150.24
4892,2024-06-01,14,5,89,1,0.0,33.68
4893,2024-10-12,1,8,160,1,0.0,176.75
4894,2023-10-08,18,14,180,2,0.0,99.58
4895,2023-05-01,11,14,239,1,0.1,44.81
4896,2024-08-04,3,3,290,2,0.0,169.04
4897,2024-04-19,3,2,60,2,0.0,29.56
4898,2023-04-03,6,16,374,1,0.0,99.12
4899,2023-03-30,6,4,163,1,0.0,220.67
4900,2024-08-28,1,9,393,1,0.0,14.86
4901,2023-06-23,1,8,112,2,0.0,353.5
4902,2024-10-15,12,5,236,2,0.15,57.26
4903,2023-03-25,8,5,158,2,0.0,67.36
4904,2024-11-28,7,2,383,1,0.0,14.78
4905,2023-05-16,10,10,28,1,0.0,142.75
4906,2024-01-24,10,17,92,1,0.0,115.98
4907,2023-10-13,5,8,290,1,0.0,176.75
4908,2023-11-20,7,19,140,2,0.1,239.31
4909,2023-07-24,6,19,152,2,0.0,265.9
4910,2023-09-23,15,15,136,1,0.0,62.21
4911,2023-04-05,16,12,182,1,0.1,68.85
4912,2024-08-15,12,7,179,1,0.1,135.66
4913,2024-10-19,17,21,231,1,0.0,155.14
4914,2024-10-08,6,9,19,2,0.0,29.72
4915,2024-08-22,13,17,80,1,0.0,115.98
4916,2024-07-04,19,15,108,4,0.0,248.84
4917,2024-12-20,10,21,107,1,0.0,155.14
4918,2023-12-17,17,19,283,1,0.0,132.95
4919,2023-10-03,3,24,263,2,0.1,351.65
4920,2023-08-04,9,7,112,1,0.0,150.73
4921,2024-04-23,9,13,17,1,0.0,191.56
4922,2023-04-29,17,24,338,2,0.0,390.72
4923,2024-10-08,6,16,244,1,0.0,99.12
4924,2023-05-24,15,8,301,2,0.0,353.5
4925,2023-11-13,19,8,462,1,0.0,176.75
4926,2023-02-04,11,3,360,1,0.0,84.52
4927,2023-04-18,12,14,446,1,0.0,49.79
4928,2023-01-09,6,9,216,1,0.1,13.37
4929,2024-05-01,11,5,173,2,0.0,67.36
4930,2024-10-25,4,2,96,1,0.0,14.78
4931,2024-01-02,10,17,84,1,0.0,115.98
4932,2024-04-23,18,23,96,1,0.1,182.19
4933,2023-01-23,15,2,415,1,0.0,14.78
4934,2024-09-23,15,9,304,1,0.1,13.37
4935,2024-08-12,14,4,375,1,0.1,198.6
4936,2024-02-13,16,16,428,1,0.0,99.12
4937,2023-09-07,9,24,371,1,0.0,195.36
4938,2024-01-18,20,19,173,2,0.0,265.9
4939,2024-05-09,13,11,154,1,0.0,11.04
4940,2023-02-11,8,2,391,1,0.1,13.3
4941,2024-06-03,4,13,216,1,0.0,191.56
4942,2024-03-12,9,7,489,2,0.0,301.46
4943,2024-08-14,13,12,304,1,0.0,76.5
4944,2023-01-30,6,12,263,1,0.0,76.5
4945,2023-06-20,10,11,454,1,0.0,11.04
4946,2024-09-03,17,18,102,1,0.0,216.73
4947,2024-08-04,5,6,67,1,0.0,132.1
4948,2024-11-02,3,4,159,1,0.0,220.67
4949,2023-05-25,12,10,235,2,0.0,285.5
4950,2024-02-10,6,22,236,1,0.0,297.41
4951,2023-01-01,5,16,103,1,0.0,99.12
4952,2023-06-26,10,23,158,1,0.0,202.43
4953,2023-03-24,6,22,121,2,0.0,594.82
4954,2023-07-28,14,8,47,1,0.0,176.75
4955,2023-09-08,5,5,351,1,0.0,33.68
4956,2024-07-22,12,3,3,2,0.1,152.14
4957,2024-05-03,6,5,177,1,0.15,28.63
4958,2023-04-13,16,7,282,1,0.0,150.73
4959,2024-12-07,16,20,343,1,0.2,140.83
4960,2024-01-21,15,24,362,2,0.0,390.72
4961,2023-09-06,4,5,199,1,0.15,28.63
4962,2023-05-12,11,17,391,1,0.0,115.98
4963,2023-05-17,13,12,396,2,0.0,153.0
4964,2023-12-01,14,12,306,1,0.1,68.85
4965,2024-02-08,18,24,37,1,0.0,195.36
4966,2023-12-22,19,24,14,1,0.0,195.36
4967,2023-08-16,20,21,92,1,0.1,139.63
4968,2023-08-29,12,2,186,1,0.0,14.78
4969,2023-12-15,1,9,313,1,0.0,14.86
4970,2024-09-05,13,19,469,2,0.2,212.72
4971,2023-03-21,8,3,71,1,0.0,84.52
4972,2024-05-26,7,21,23,1,0.0,155.14
4973,2023-08-05,10,16,223,3,0.0,297.36
4974,2023-04-06,11,1,197,1,0.0,122.39
4975,2024-10-31,6,8,218,1,0.0,176.75
4976,2023-06-04,10,9,160,2,0.0,29.72
4977,2024-02-01,16,12,18,1,0.0,76.5
4978,2023-09-25,14,5,92,1,0.15,28.63
4979,2023-06-17,13,20,350,2,0.0,352.08
4980,2024-06-13,4,3,239,1,0.0,84.52
4981,2023-03-26,12,18,352,1,0.1,195.06
4982,2023-04-14,13,23,412,4,0.0,809.72
4983,2023-01-13,6,22,164,1,0.0,297.41
4984,2023-05-12,19,23,260,1,0.0,202.43
4985,2024-01-29,15,21,6,2,0.2,248.22
4986,2024-05-12,13,7,217,1,0.0,150.73
4987,2023-02-25,10,15,218,2,0.0,124.42
4988,2023-09-22,4,17,310,1,0.0,115.98
4989,2024-04-06,17,23,191,1,0.0,202.43
4990,2024-04-29,11,19,433,2,0.0,265.9
4991,2024-07-01,12,8,58,1,0.0,176.75
4992,2023-07-03,14,18,273,1,0.0,216.73
4993,2024-01-28,3,25,77,1,0.1,129.63
4994,2023-01-08,11,11,486,1,0.0,11.04
4995,2024-12-25,7,25,264,2,0.0,288.06
4996,2024-09-21,15,5,223,2,0.0,67.36
4997,2023-02-19,15,4,145,2,0.0,441.34
4998,2023-02-10,4,19,445,1,0.15,113.01
4999,2024-05-16,15,14,188,1,0.0,49.79
5000,2023-02-21,20,8,352,1,0.0,176.75
5001,2024-01-14,9,6,218,1,0.0,132.1
5002,2023-12-12,1,2,278,1,0.2,11.82
5003,2023-10-01,6,15,151,1,0.0,62.21
5004,2024-01-01,14,17,9,2,0.0,231.96
5005,2024-04-02,11,6,153,1,0.0,132.1
5006,2024-10-13,2,24,306,4,0.2,625.15
5007,2023-04-25,12,8,375,1,0.0,176.75
5008,2023-02-07,18,7,379,1,0.0,150.73
5009,2024-02-10,8,18,90,1,0.0,216.73
5010,2023-03-28,18,12,49,4,0.1,275.4
5011,2023-05-10,5,13,325,1,0.15,162.83
5012,2024-05-20,14,6,458,1,0.0,132.1
5013,2023-10-09,12,24,498,1,0.0,195.36
5014,2024-04-14,20,7,125,1,0.0,150.73
5015,2024-06-20,19,6,235,1,0.0,132.1
5016,2023-02-11,3,8,168,1,0.0,176.75
5017,2024-01-17,2,25,76,1,0.0,144.03
5018,2024-09-15,4,22,196,1,0.0,297.41
5019,2024-06-08,3,1,173,1,0.0,122.39
5020,2024-10-14,10,17,217,3,0.0,347.94
5021,2024-02-15,1,2,95,1,0.0,14.78
5022,2023-09-21,3,22,429,2,0.0,594.82
5023,2024-03-19,4,3,407,1,0.0,84.52
5024,2023-07-16,19,22,134,2,0.2,475.86
5025,2023-11-07,18,8,438,2,0.0,353.5
5026,2023-09-07,2,13,192,1,0.0,191.56
5027,2024-08-10,16,18,111,2,0.0,433.46
5028,2024-03-23,9,10,383,3,0.0,428.25
5029,2024-12-06,9,14,257,1,0.0,49.79
5030,2024-11-13,6,1,348,1,0.0,122.39
5031,2023-10-19,9,10,3,1,0.0,142.75
5032,2024-02-21,7,21,10,1,0.15,131.87
5033,2024-02-29,5,15,141,1,0.0,62.21
5034,2023-10-01,15,13,307,2,0.0,383.12
5035,2024-10-12,11,16,50,2,0.15,168.5
5036,2023-08-15,8,22,10,1,0.15,252.8
5037,2024-12-03,20,8,148,1,0.0,176.75
5038,2024-12-30,15,12,302,2,0.0,153.0
5039,2024-03-06,20,12,169,1,0.0,76.5
5040,2024-07-08,13,10,244,1,0.0,142.75
5041,2024-07-25,1,5,176,2,0.0,67.36
5042,2023-12-27,15,19,78,1,0.0,132.95
5043,2024-04-18,16,12,108,1,0.0,76.5
5044,2024-06-29,6,18,345,1,0.0,216.73
5045,2024-02-04,9,1,207,1,0.0,122.39
5046,2023-02-03,19,6,496,2,0.0,264.2
5047,2023-03-22,16,7,288,2,0.0,301.46
5048,2023-12-24,17,11,190,1,0.0,11.04
5049,2023-11-11,15,13,346,1,0.0,191.56
5050,2024-04-23,1,11,80,3,0.0,33.12
5051,2024-10-01,19,8,86,1,0.0,176.75
5052,2024-10-01,12,6,290,1,0.0,132.1
5053,2024-03-17,14,5,392,1,0.0,33.68
5054,2023-01-24,10,13,285,1,0.0,191.56
5055,2024-05-17,8,6,193,1,0.1,118.89
5056,2024-07-04,5,14,194,1,0.0,49.79
5057,2024-09-13,4,13,50,1,0.0,191.56
5058,2024-02-10,7,16,109,1,0.0,99.12
5059,2023-04-24,19,4,149,3,0.0,662.01
5060,2023-07-02,6,25,393,1,0.0,144.03
5061,2024-02-15,18,21,210,2,0.15,263.74
5062,2023-12-27,14,18,462,2,0.0,433.46
5063,2024-09-05,9,5,164,1,0.0,33.68
5064,2024-01-07,4,9,341,2,0.0,29.72
5065,2024-12-04,11,14,258,1,0.2,39.83
5066,2024-07-02,18,11,201,1,0.0,11.04
5067,2023-08-19,13,8,254,1,0.0,176.75
5068,2024-04-20,10,18,423,1,0.0,216.73
5069,2024-04-05,6,7,474,1,0.0,150.73
5070,2023-07-01,13,9,148,1,0.0,14.86
5071,2023-01-04,18,4,425,1,0.0,220.67
5072,2023-12-09,6,17,350,1,0.0,115.98
5073,2023-04-11,13,7,298,2,0.0,301.46
5074,2024-10-30,14,21,499,1,0.0,155.14
5075,2024-03-04,14,13,97,1,0.0,191.56
5076,2024-10-13,1,16,317,3,0.15,252.76
5077,2023-08-18,5,6,313,2,0.0,264.2
5078,2024-09-26,17,7,42,1,0.0,150.73
5079,2024-09-05,19,11,375,2,0.0,22.08
5080,2024-02-23,1,18,167,2,0.0,433.46
5081,2024-09-16,8,11,86,2,0.0,22.08
5082,2024-08-05,16,5,351,1,0.0,33.68
5083,2023-04-04,12,1,12,1,0.0,122.39
5084,2024-09-07,13,6,283,1,0.0,132.1
5085,2024-06-07,7,1,436,1,0.0,122.39
5086,2023-06-15,15,18,189,1,0.0,216.73
5087,2023-09-03,6,3,242,1,0.2,67.62
5088,2024-12-30,11,24,68,1,0.15,166.06
5089,2023-10-28,3,6,458,1,0.0,132.1
5090,2023-02-01,7,24,296,2,0.0,390.72
5091,2024-04-17,15,18,126,2,0.0,433.46
5092,2024-12-01,8,22,408,1,0.0,297.41
5093,2023-07-01,15,18,257,1,0.0,216.73
5094,2024-10-18,4,10,412,1,0.1,128.48
5095,2024-09-10,11,18,447,1,0.0,216.73
5096,2023-06-13,8,3,237,1,0.2,67.62
5097,2023-03-13,1,24,384,1,0.0,195.36
5098,2023-02-03,14,14,444,1,0.0,49.79
5099,2024-06-16,16,9,442,2,0.0,29.72
5100,2024-01-30,3,22,401,1,0.1,267.67
5101,2024-03-03,9,2,453,1,0.0,14.78
5102,2024-07-04,4,19,367,1,0.15,113.01
5103,2024-09-13,18,9,366,1,0.1,13.37
5104,2023-01-25,15,24,247,2,0.0,390.72
5105,2023-03-03,10,16,416,1,0.0,99.12
5106,2024-02-12,2,8,187,2,0.0,353.5
5107,2024-02-14,17,15,323,1,0.0,62.21
5108,2024-10-27,15,13,220,1,0.0,191.56
5109,2023-05-08,4,21,75,2,0.0,310.28
5110,2023-09-26,19,9,386,1,0.0,14.86
5111,2023-04-25,6,24,188,1,0.2,156.29
5112,2024-02-27,11,7,73,2,0.0,301.46
5113,2023-09-06,16,4,108,2,0.0,441.34
5114,2023-09-28,4,16,169,1,0.0,99.12
5115,2024-10-19,3,17,235,1,0.0,115.98
5116,2024-12-27,8,10,388,2,0.2,228.4
5117,2023-09-24,11,13,152,1,0.0,191.56
5118,2024-12-06,15,15,359,1,0.0,62.21
5119,2023-09-22,19,14,141,1,0.0,49.79
5120,2024-08-31,2,17,390,1,0.0,115.98
5121,2023-05-24,5,5,268,1,0.2,26.94
5122,2023-10-23,1,16,114,1,0.0,99.12
5123,2024-01-15,19,19,186,3,0.0,398.85
5124,2024-12-23,6,1,291,1,0.0,122.39
5125,2024-10-11,10,1,244,3,0.0,367.17
5126,2024-12-31,10,1,80,1,0.0,122.39
5127,2024-12-20,10,10,440,1,0.0,142.75
5128,2024-01-29,9,1,327,2,0.0,244.78
5129,2023-08-22,1,17,436,1,0.0,115.98
5130,2023-08-05,19,2,156,1,0.0,14.78
5131,2023-06-01,19,10,7,1,0.0,142.75
5132,2023-09-23,12,4,370,1,0.0,220.67
5133,2024-06-04,17,19,208,1,0.0,132.95
5134,2024-05-03,20,3,461,1,0.0,84.52
5135,2023-06-24,12,22,330,1,0.0,297.41
5136,2023-06-09,19,1,437,1,0.0,122.39
5137,2024-05-28,11,22,268,1,0.2,237.93
5138,2024-01-19,13,13,444,1,0.0,191.56
5139,2024-05-11,6,17,446,1,0.0,115.98
5140,2024-06-21,16,1,90,1,0.0,122.39
5141,2024-05-10,13,5,8,2,0.0,67.36
5142,2024-11-15,11,2,116,1,0.0,14.78
5143,2023-11-05,9,20,312,1,0.0,176.04
5144,2023-05-03,7,4,183,1,0.0,220.67
5145,2024-05-25,15,21,292,1,0.0,155.14
5146,2024-10-15,1,25,431,1,0.0,144.03
5147,2024-06-20,8,2,380,4,0.0,59.12
5148,2023-07-27,12,17,341,2,0.0,231.96
5149,2023-02-03,13,2,321,3,0.0,44.34
5150,2023-04-12,11,15,260,1,0.0,62.21
5151,2023-03-10,9,18,284,1,0.0,216.73
5152,2024-07-01,18,25,447,1,0.0,144.03
5153,2023-03-23,2,14,229,1,0.0,49.79
5154,2024-08-03,17,3,127,1,0.0,84.52
5155,2023-09-08,9,6,409,2,0.0,264.2
5156,2023-07-07,8,21,117,2,0.0,310.28
5157,2024-12-07,6,13,21,1,0.0,191.56
5158,2024-09-15,9,2,283,1,0.0,14.78
5159,2023-10-12,3,2,381,1,0.0,14.78
5160,2023-07-14,3,19,464,1,0.1,119.65
5161,2023-05-16,17,22,156,2,0.0,594.82
5162,2023-03-04,7,14,117,1,0.0,49.79
5163,2023-09-07,19,10,390,1,0.0,142.75
5164,2024-08-18,16,13,238,2,0.0,383.12
5165,2023-04-11,18,12,452,1,0.0,76.5
5166,2023-02-22,11,20,405,1,0.0,176.04
5167,2024-10-11,3,11,101,1,0.0,11.04
5168,2024-05-04,4,6,227,1,0.0,132.1
5169,2023-03-27,16,2,102,1,0.0,14.78
5170,2023-04-13,18,24,302,1,0.0,195.36
5171,2023-08-09,20,12,250,1,0.0,76.5
5172,2023-11-04,19,9,221,1,0.0,14.86
5173,2023-04-25,15,25,399,1,0.0,144.03
5174,2024-10-20,7,6,302,1,0.0,132.1
5175,2024-10-12,20,12,387,1,0.0,76.5
5176,2024-04-12,1,25,129,2,0.0,288.06
5177,2024-02-21,20,4,139,1,0.15,187.57
5178,2024-05-19,6,9,169,1,0.1,13.37
5179,2024-06-03,16,8,264,3,0.0,530.25
5180,2023-10-18,10,3,136,3,0.0,253.56
5181,2024-06-28,8,5,175,1,0.0,33.68
5182,2023-10-09,18,24,258,1,0.0,195.36
5183,2023-11-13,4,20,388,2,0.0,352.08
5184,2023-07-06,16,6,4,1,0.0,132.1
5185,2023-11-23,17,2,241,1,0.2,11.82
5186,2024-05-22,6,23,92,2,0.0,404.86
5187,2023-03-09,14,25,345,2,0.1,259.25
5188,2023-11-28,15,15,176,1,0.0,62.21
5189,2024-10-15,18,4,422,2,0.0,441.34
5190,2023-07-07,7,13,399,1,0.0,191.56
5191,2023-04-22,8,4,110,1,0.0,220.67
5192,2023-11-11,11,18,393,1,0.0,216.73
5193,2024-06-27,16,14,53,2,0.0,99.58
5194,2024-12-20,7,4,293,1,0.0,220.67
5195,2024-11-06,7,4,393,1,0.1,198.6
5196,2024-02-10,6,1,437,1,0.0,122.39
5197,2023-06-11,20,5,340,1,0.0,33.68
5198,2023-06-10,11,11,490,1,0.0,11.04
5199,2024-06-12,16,24,335,1,0.0,195.36
5200,2024-09-01,14,10,400,1,0.0,142.75
5201,2023-10-03,8,15,478,2,0.0,124.42
5202,2023-09-27,16,14,479,2,0.1,89.62
5203,2023-11-10,11,24,373,2,0.0,390.72
5204,2023-12-29,11,1,231,1,0.0,122.39
5205,2023-11-12,13,4,391,1,0.0,220.67
5206,2024-03-03,1,8,391,1,0.0,176.75
5207,2024-02-18,2,18,496,1,0.0,216.73
5208,2024-02-23,12,5,331,1,0.0,33.68
5209,2023-05-24,15,7,393,1,0.0,150.73
5210,2023-10-08,1,6,420,2,0.0,264.2
5211,2024-12-22,9,25,151,1,0.0,144.03
5212,2024-01-18,1,20,165,1,0.15,149.63
5213,2024-03-13,13,13,167,2,0.0,383.12
5214,2024-07-25,18,13,379,1,0.0,191.56
5215,2023-07-24,7,22,317,1,0.0,297.41
5216,2024-05-30,15,17,439,2,0.0,231.96
5217,2023-10-08,4,10,39,2,0.15,242.68
5218,2023-09-06,6,8,167,2,0.0,353.5
5219,2024-05-06,19,23,241,2,0.0,404.86
5220,2023-02-17,13,19,353,1,0.0,132.95
5221,2024-12-24,9,7,311,2,0.0,301.46
5222,2024-08-23,13,14,31,1,0.15,42.32
5223,2023-04-14,2,25,328,1,0.0,144.03
5224,2023-12-12,15,16,473,3,0.2,237.89
5225,2023-10-19,4,4,242,1,0.0,220.67
5226,2023-05-18,3,2,167,1,0.0,14.78
5227,2024-02-28,5,15,448,2,0.0,124.42
5228,2023-06-04,19,16,154,1,0.0,99.12
5229,2024-08-10,7,13,288,3,0.0,574.68
5230,2023-04-01,15,17,126,1,0.0,115.98
5231,2023-12-02,9,2,286,1,0.0,14.78
5232,2024-06-27,10,15,354,2,0.0,124.42
5233,2023-01-23,5,17,396,1,0.0,115.98
5234,2023-03-11,11,9,491,1,0.15,12.63
5235,2024-01-05,15,8,383,1,0.0,176.75
5236,2023-08-08,6,4,165,1,0.0,220.67
5237,2024-04-24,8,18,236,2,0.0,433.46
5238,2024-01-06,11,20,102,2,0.0,352.08
5239,2024-11-24,9,9,131,1,0.0,14.86
5240,2024-09-10,1,4,72,2,0.2,353.07
5241,2023-05-03,14,3,219,2,0.15,143.68
5242,2024-02-10,16,20,409,1,0.15,149.63
5243,2023-02-19,17,24,31,3,0.0,586.08
5244,2024-06-08,12,4,9,2,0.0,441.34
5245,2024-08-02,14,19,17,1,0.0,132.95
5246,2024-05-31,11,11,405,1,0.1,9.94
5247,2024-07-05,16,20,145,1,0.0,176.04
5248,2024-08-11,11,24,325,1,0.0,195.36
5249,2023-03-10,3,6,290,1,0.0,132.1
5250,2023-04-05,18,20,400,1,0.0,176.04
5251,2023-04-26,18,18,82,2,0.0,433.46
5252,2024-06-09,3,25,294,2,0.15,244.85
5253,2024-04-24,20,2,333,1,0.0,14.78
5254,2023-07-15,3,6,393,1,0.1,118.89
5255,2024-12-01,9,17,239,1,0.0,115.98
5256,2024-04-07,5,13,334,1,0.0,191.56
5257,2023-12-21,19,7,174,2,0.0,301.46
5258,2024-04-09,17,11,400,1,0.1,9.94
5259,2024-12-10,14,9,456,2,0.15,25.26
5260,2023-01-22,13,22,295,2,0.0,594.82
5261,2023-10-28,1,15,320,1,0.0,62.21
5262,2024-02-04,1,14,5,1,0.0,49.79
5263,2023-08-19,11,17,219,2,0.0,231.96
5264,2023-06-04,9,15,439,2,0.0,124.42
5265,2023-08-17,19,23,346,1,0.1,182.19
5266,2023-12-01,7,23,395,1,0.0,202.43
5267,2024-08-11,12,15,458,1,0.0,62.21
5268,2024-08-13,5,21,97,2,0.0,310.28
5269,2023-06-01,7,22,158,1,0.0,297.41
5270,2023-07-05,4,20,14,2,0.2,281.66
5271,2024-06-30,20,19,484,1,0.0,132.95
5272,2023-02-10,5,23,277,1,0.15,172.07
5273,2023-12-23,11,10,446,1,0.0,142.75
5274,2023-11-19,7,14,104,1,0.15,42.32
5275,2023-11-09,8,3,480,1,0.1,76.07
5276,2023-08-11,12,23,14,1,0.0,202.43
5277,2023-05-21,15,6,64,1,0.0,132.1
5278,2024-01-20,1,3,228,1,0.0,84.52
5279,2023-08-02,13,22,26,1,0.0,297.41
5280,2024-04-02,15,2,205,2,0.1,26.6
5281,2023-07-23,7,12,395,1,0.0,76.5
5282,2024-01-25,19,19,418,1,0.0,132.95
5283,2023-05-08,3,5,497,1,0.0,33.68
5284,2023-06-29,17,9,468,1,0.0,14.86
5285,2024-08-15,17,18,63,1,0.0,216.73
5286,2023-06-16,7,5,62,2,0.15,57.26
5287,2024-05-15,20,3,184,1,0.0,84.52
5288,2023-11-21,7,12,47,1,0.0,76.5
5289,2024-06-03,12,6,245,2,0.0,264.2
5290,2023-09-19,17,2,58,1,0.0,14.78
5291,2024-04-12,1,11,4,1,0.0,11.04
5292,2024-01-25,14,13,205,2,0.0,383.12
5293,2023-04-13,12,22,185,1,0.0,297.41
5294,2023-11-14,14,20,485,1,0.0,176.04
5295,2024-10-29,10,5,118,1,0.0,33.68
5296,2024-12-21,13,5,449,1,0.1,30.31
5297,2024-04-27,1,24,488,1,0.0,195.36
5298,2023-10-09,11,13,24,2,0.0,383.12
5299,2023-05-25,8,21,91,1,0.0,155.14
5300,2024-08-01,1,22,66,2,0.0,594.82
5301,2024-06-15,5,16,72,3,0.0,297.36
5302,2024-12-12,2,2,32,1,0.0,14.78
5303,2024-09-02,7,20,444,1,0.0,176.04
5304,2024-11-20,14,6,422,1,0.0,132.1
5305,2023-06-11,14,1,89,1,0.0,122.39
5306,2023-06-28,17,16,495,1,0.0,99.12
5307,2023-06-05,6,12,187,1,0.1,68.85
5308,2023-04-23,6,2,16,2,0.0,29.56
5309,2024-05-24,7,21,157,2,0.0,310.28
5310,2024-02-18,12,9,466,3,0.15,37.89
5311,2023-09-29,20,10,165,1,0.0,142.75
5312,2023-01-30,1,18,170,1,0.0,216.73
5313,2023-01-30,16,24,18,1,0.0,195.36
5314,2023-05-28,14,5,24,2,0.0,67.36
5315,2024-07-06,13,6,391,1,0.0,132.1
5316,2024-09-04,17,23,87,1,0.0,202.43
5317,2023-06-11,4,8,8,1,0.0,176.75
5318,2023-12-24,3,15,215,1,0.0,62.21
5319,2023-03-09,4,4,496,2,0.0,441.34
5320,2024-05-02,15,19,213,3,0.15,339.02
5321,2024-07-03,15,16,69,1,0.0,99.12
5322,2024-09-09,1,5,160,3,0.0,101.04
5323,2024-05-02,16,18,461,1,0.0,216.73
5324,2023-09-21,5,24,166,1,0.0,195.36
5325,2024-11-03,20,25,343,2,0.0,288.06
5326,2023-04-09,16,2,253,1,0.1,13.3
5327,2024-08-07,7,5,65,2,0.0,67.36
5328,2023-08-13,17,21,67,1,0.0,155.14
5329,2023-05-27,8,15,338,2,0.0,124.42
5330,2023-03-26,4,1,368,1,0.0,122.39
5331,2024-02-18,10,11,455,1,0.0,11.04
5332,2024-09-21,4,7,128,1,0.0,150.73
5333,2023-08-20,9,9,95,2,0.0,29.72
5334,2024-11-23,15,14,343,1,0.0,49.79
5335,2024-08-27,17,12,265,1,0.0,76.5
5336,2024-08-14,9,22,390,1,0.0,297.41
5337,2023-05-15,11,24,217,1,0.0,195.36
5338,2024-01-19,5,17,297,1,0.0,115.98
5339,2023-02-05,13,23,324,2,0.0,404.86
5340,2023-02-19,7,18,94,2,0.0,433.46
5341,2023-01-15,5,23,325,1,0.0,202.43
5342,2023-02-04,8,11,83,1,0.0,11.04
5343,2024-02-11,11,25,6,1,0.0,144.03
5344,2024-08-08,16,4,248,1,0.2,176.54
5345,2023-12-28,19,1,208,3,0.0,367.17
5346,2024-04-07,7,13,233,1,0.0,191.56
5347,2024-09-28,9,10,280,1,0.1,128.48
5348,2024-03-26,4,16,382,1,0.0,99.12
5349,2023-10-14,17,12,474,2,0.0,153.0
5350,2023-12-06,9,3,175,1,0.1,76.07
5351,2024-05-14,18,24,234,1,0.0,195.36
5352,2024-11-28,11,17,391,2,0.15,197.17
5353,2024-06-15,9,4,33,3,0.0,662.01
5354,2024-01-10,14,4,329,1,0.15,187.57
5355,2023-01-27,18,19,65,1,0.2,106.36
5356,2023-04-07,8,24,500,1,0.0,195.36
5357,2024-04-13,4,20,62,1,0.1,158.44
5358,2024-07-17,10,10,65,2,0.0,285.5
5359,2023-12-14,18,21,482,1,0.0,155.14
5360,2023-03-26,17,8,94,1,0.0,176.75
5361,2024-02-12,17,15,100,1,0.0,62.21
5362,2023-05-26,8,13,398,1,0.1,172.4
5363,2023-01-18,7,13,376,1,0.0,191.56
5364,2023-12-29,5,5,289,2,0.0,67.36
5365,2024-06-27,17,8,25,1,0.0,176.75
5366,2024-06-29,12,7,277,1,0.15,128.12
5367,2023-08-24,17,9,86,2,0.2,23.78
5368,2024-01-19,6,1,52,1,0.0,122.39
5369,2024-11-21,20,12,116,1,0.15,65.02
5370,2023-06-05,18,18,483,2,0.0,433.46
5371,2024-09-16,14,19,440,1,0.0,132.95
5372,2023-07-27,9,18,26,1,0.0,216.73
5373,2024-02-15,10,19,200,1,0.0,132.95
5374,2024-06-18,14,12,458,2,0.0,153.0
5375,2024-05-02,15,12,165,1,0.0,76.5
5376,2023-05-20,10,14,1,1,0.0,49.79
5377,2023-03-18,9,19,363,1,0.1,119.65
5378,2024-07-23,10,2,107,1,0.0,14.78
5379,2024-09-19,20,16,492,2,0.0,198.24
5380,2023-03-10,2,6,387,4,0.2,422.72
5381,2024-02-25,5,16,74,1,0.1,89.21
5382,2024-05-07,6,5,392,1,0.0,33.68
5383,2023-09-06,13,14,403,1,0.0,49.79
5384,2023-06-13,14,9,201,1,0.0,14.86
5385,2024-08-28,7,9,128,3,0.0,44.58
5386,2023-12-09,5,4,458,1,0.1,198.6
5387,2024-02-16,4,4,372,2,0.0,441.34
5388,2024-08-22,5,12,106,1,0.0,76.5
5389,2024-03-30,5,4,345,1,0.0,220.67
5390,2023-10-10,11,19,6,1,0.0,132.95
5391,2024-10-14,4,25,267,1,0.0,144.03
5392,2023-11-15,20,25,242,1,0.0,144.03
5393,2023-08-26,15,17,153,1,0.0,115.98
5394,2023-05-08,18,25,381,1,0.2,115.22
5395,2024-09-16,15,16,79,1,0.0,99.12
5396,2023-03-14,11,21,449,2,0.0,310.28
5397,2023-10-06,2,6,196,1,0.0,132.1
5398,2023-09-19,4,2,321,2,0.2,23.65
5399,2024-04-22,14,19,300,3,0.0,398.85
5400,2023-06-22,16,11,389,1,0.0,11.04
5401,2023-10-26,8,5,268,2,0.1,60.62
5402,2023-04-16,3,23,375,1,0.0,202.43
5403,2024-09-09,20,15,443,2,0.0,124.42
5404,2024-01-07,8,3,446,1,0.0,84.52
5405,2024-11-11,14,11,216,1,0.0,11.04
5406,2023-02-28,4,3,443,1,0.0,84.52
5407,2023-10-14,9,14,464,1,0.0,49.79
5408,2023-09-15,17,17,169,1,0.0,115.98
5409,2024-03-05,9,22,183,1,0.0,297.41
5410,2023-03-27,1,3,52,1,0.0,84.52
5411,2024-12-31,8,13,300,1,0.0,191.56
5412,2024-05-21,8,9,303,1,0.0,14.86
5413,2024-03-20,9,16,54,1,0.2,79.3
5414,2024-12-26,20,22,429,1,0.0,297.41
5415,2024-08-02,13,15,311,1,0.1,55.99
5416,2024-06-15,13,6,22,1,0.0,132.1
5417,2024-09-08,4,8,303,1,0.1,159.08
5418,2024-10-20,4,16,295,1,0.15,84.25
5419,2023-04-08,4,21,495,1,0.0,155.14
5420,2023-09-02,12,12,298,2,0.15,130.05
5421,2024-11-19,20,20,216,1,0.15,149.63
5422,2024-02-08,2,17,178,2,0.0,231.96
5423,2024-10-24,15,4,437,1,0.1,198.6
5424,2024-04-16,19,4,443,1,0.0,220.67
5425,2024-06-19,2,4,482,1,0.0,220.67
5426,2024-02-13,14,17,343,2,0.0,231.96
5427,2023-01-27,7,14,291,1,0.0,49.79
5428,2023-07-05,1,9,323,2,0.0,29.72
5429,2023-12-14,1,23,374,1,0.1,182.19
5430,2024-04-12,9,5,184,1,0.0,33.68
5431,2024-11-08,9,9,229,1,0.0,14.86
5432,2023-02-18,11,22,235,1,0.0,297.41
5433,2024-12-16,9,7,394,2,0.0,301.46
5434,2023-06-14,7,5,286,2,0.0,67.36
5435,2024-07-14,11,6,380,1,0.0,132.1
5436,2024-02-15,12,1,400,3,0.0,367.17
5437,2023-06-26,16,19,439,1,0.0,132.95
5438,2023-04-02,11,4,181,1,0.0,220.67
5439,2024-09-23,18,20,379,4,0.0,704.16
5440,2023-08-22,11,14,425,1,0.1,44.81
5441,2023-11-24,3,14,328,1,0.0,49.79
5442,2024-02-20,11,2,319,1,0.0,14.78
5443,2024-05-24,6,20,388,1,0.0,176.04
5444,2024-01-27,7,17,136,1,0.1,104.38
5445,2024-12-25,11,4,413,1,0.0,220.67
5446,2024-03-24,12,20,387,1,0.0,176.04
5447,2023-06-13,6,14,166,2,0.0,99.58
5448,2023-01-17,4,16,98,1,0.0,99.12
5449,2024-08-18,10,20,466,1,0.0,176.04
5450,2024-06-02,18,22,152,4,0.0,1189.64
5451,2024-07-27,18,18,92,1,0.0,216.73
5452,2024-02-12,20,10,357,1,0.0,142.75
5453,2023-03-19,7,17,48,1,0.15,98.58
5454,2023-04-03,20,19,469,1,0.0,132.95
5455,2024-11-10,9,22,75,1,0.0,297.41
5456,2023-12-15,13,9,69,1,0.0,14.86
5457,2024-01-30,4,18,433,1,0.0,216.73
5458,2023-10-28,20,21,292,1,0.0,155.14
5459,2023-03-26,11,8,116,2,0.0,353.5
5460,2024-03-29,2,12,126,1,0.0,76.5
5461,2024-07-15,5,16,342,2,0.0,198.24
5462,2023-10-08,1,4,254,1,0.1,198.6
5463,2023-08-18,8,4,126,2,0.15,375.14
5464,2023-08-20,15,6,332,1,0.0,132.1
5465,2023-08-10,5,13,7,1,0.1,172.4
5466,2023-10-31,8,14,494,1,0.0,49.79
5467,2023-01-22,20,2,248,1,0.1,13.3
5468,2024-03-25,14,1,285,1,0.0,122.39
5469,2024-07-18,19,1,99,1,0.0,122.39
5470,2024-02-27,6,25,435,1,0.0,144.03
5471,2024-06-15,19,8,205,1,0.0,176.75
5472,2024-10-04,19,17,455,1,0.0,115.98
5473,2024-02-01,9,20,362,1,0.0,176.04
5474,2024-01-08,9,12,221,2,0.15,130.05
5475,2024-01-15,12,24,461,2,0.0,390.72
5476,2023-08-29,11,1,277,1,0.1,110.15
5477,2024-01-01,3,8,491,1,0.0,176.75
5478,2024-12-28,8,21,408,1,0.0,155.14
5479,2024-07-05,19,24,66,1,0.0,195.36
5480,2023-04-09,17,12,363,1,0.0,76.5
5481,2024-05-02,18,22,161,1,0.0,297.41
5482,2023-04-18,20,14,117,1,0.0,49.79
5483,2023-12-23,18,10,421,1,0.1,128.48
5484,2023-08-18,15,12,138,1,0.0,76.5
5485,2024-08-11,2,23,236,1,0.0,202.43
5486,2024-09-25,15,12,255,1,0.0,76.5
5487,2024-08-28,14,9,34,2,0.0,29.72
5488,2023-06-25,1,24,287,1,0.2,156.29
5489,2024-04-04,18,23,333,1,0.1,182.19
5490,2023-02-28,12,12,245,1,0.0,76.5
5491,2024-12-22,12,7,34,1,0.0,150.73
5492,2023-10-10,19,13,130,2,0.0,383.12
5493,2023-01-29,20,24,252,4,0.0,781.44
5494,2024-03-17,5,18,203,2,0.0,433.46
5495,2023-08-09,15,9,159,2,0.0,29.72
5496,2024-07-05,10,11,170,2,0.0,22.08
5497,2023-08-27,19,14,409,1,0.0,49.79
5498,2024-06-04,14,5,74,2,0.1,60.62
5499,2024-07-06,19,17,162,1,0.0,115.98
5500,2023-01-07,20,18,28,1,0.0,216.73
5501,2024-12-30,19,19,62,1,0.0,132.95
5502,2023-03-14,20,25,33,1,0.1,129.63
5503,2024-06-26,14,1,374,1,0.1,110.15
5504,2023-06-15,7,15,128,1,0.0,62.21
5505,2024-09-07,6,21,428,1,0.0,155.14
5506,2023-07-05,1,3,333,2,0.15,143.68
5507,2024-05-21,4,24,170,1,0.0,195.36
5508,2023-04-02,4,15,485,2,0.0,124.42
5509,2024-02-18,19,19,359,1,0.0,132.95
5510,2024-12-14,13,10,357,2,0.15,242.68
5511,2024-04-30,5,3,434,1,0.0,84.52
5512,2023-12-10,12,17,91,1,0.0,115.98
5513,2024-12-25,9,14,256,2,0.0,99.58
5514,2023-04-03,6,6,134,1,0.15,112.28
5515,2024-02-16,7,13,117,3,0.0,574.68
5516,2023-12-26,3,19,174,1,0.2,106.36
5517,2024-04-07,4,24,269,1,0.0,195.36
5518,2023-09-21,1,7,451,1,0.0,150.73
5519,2024-09-12,2,1,286,3,0.0,367.17
5520,2023-03-02,12,19,49,2,0.0,265.9
5521,2023-06-22,1,20,494,2,0.0,352.08
5522,2024-06-25,1,23,3,1,0.15,172.07
5523,2023-12-01,19,21,289,1,0.0,155.14
5524,2024-01-19,3,25,490,3,0.0,432.09
5525,2023-06-26,7,3,326,1,0.0,84.52
5526,2024-09-27,16,8,94,1,0.0,176.75
5527,2024-07-02,7,14,500,1,0.0,49.79
5528,2023-12-22,5,14,308,2,0.0,99.58
5529,2024-01-19,19,17,91,1,0.0,115.98
5530,2024-03-27,6,4,260,2,0.0,441.34
5531,2023-06-02,15,5,16,2,0.0,67.36
5532,2024-09-29,2,2,479,3,0.1,39.91
5533,2024-07-04,4,9,414,1,0.0,14.86
5534,2023-11-16,4,17,179,1,0.15,98.58
5535,2024-11-17,6,11,461,1,0.0,11.04
5536,2023-04-13,16,8,99,1,0.0,176.75
5537,2024-09-09,5,17,314,1,0.0,115.98
5538,2023-12-12,18,21,426,1,0.0,155.14
5539,2024-02-03,15,25,484,1,0.2,115.22
5540,2023-04-30,18,5,34,1,0.0,33.68
5541,2023-12-05,8,1,492,1,0.0,122.39
5542,2024-05-17,7,20,407,1,0.0,176.04
5543,2024-02-18,2,24,184,1,0.0,195.36
5544,2023-03-02,16,22,416,1,0.0,297.41
5545,2024-11-06,19,25,51,4,0.0,576.12
5546,2024-06-16,3,4,340,1,0.0,220.67
5547,2024-11-17,19,4,295,1,0.0,220.67
5548,2024-12-20,13,17,388,1,0.0,115.98
5549,2024-07-13,7,9,145,3,0.0,44.58
5550,2023-11-25,7,3,150,4,0.0,338.08
5551,2024-10-03,14,1,207,1,0.0,122.39
5552,2024-03-21,13,25,43,1,0.0,144.03
5553,2024-05-17,1,3,252,2,0.2,135.23
5554,2023-04-17,11,19,288,1,0.0,132.95
5555,2024-05-10,20,17,200,2,0.0,231.96
5556,2023-11-10,10,21,395,1,0.15,131.87
5557,2024-12-01,17,21,426,1,0.0,155.14
5558,2023-02-12,7,1,485,1,0.0,122.39
5559,2023-04-02,10,22,457,1,0.15,252.8
5560,2024-08-24,19,21,278,1,0.1,139.63
5561,2023-06-27,11,16,379,1,0.1,89.21
5562,2023-02-19,18,24,15,1,0.0,195.36
5563,2023-02-18,10,19,198,1,0.0,132.95
5564,2023-07-12,12,24,494,2,0.0,390.72
5565,2024-07-04,2,10,422,1,0.0,142.75
5566,2024-12-01,17,8,269,1,0.0,176.75
5567,2023-07-02,17,20,190,1,0.0,176.04
5568,2024-11-28,7,3,51,1,0.15,71.84
5569,2024-04-13,6,24,457,1,0.0,195.36
5570,2023-08-15,11,7,38,1,0.0,150.73
5571,2023-07-28,16,8,106,1,0.15,150.24
5572,2024-08-07,20,8,8,1,0.0,176.75
5573,2023-02-16,13,13,106,2,0.0,383.12
5574,2024-12-10,1,18,464,1,0.0,216.73
5575,2023-09-04,11,12,91,1,0.0,76.5
5576,2024-02-04,8,13,191,1,0.1,172.4
5577,2024-02-16,2,15,80,2,0.0,124.42
5578,2023-05-26,20,7,127,3,0.0,452.19
5579,2024-09-28,9,12,452,1,0.2,61.2
5580,2024-03-08,19,21,364,2,0.0,310.28
5581,2024-10-03,10,3,105,1,0.0,84.52
5582,2024-10-31,9,12,210,1,0.0,76.5
5583,2024-12-27,14,16,194,1,0.0,99.12
5584,2023-10-12,7,3,419,2,0.0,169.04
5585,2024-05-14,9,23,308,1,0.15,172.07
5586,2023-01-11,13,19,22,1,0.0,132.95
5587,2024-12-13,5,17,340,1,0.0,115.98
5588,2024-12-21,4,23,60,1,0.0,202.43
5589,2023-06-12,16,15,35,1,0.0,62.21
5590,2023-07-07,18,20,168,2,0.0,352.08
5591,2023-06-21,9,3,490,1,0.0,84.52
5592,2024-11-28,13,15,146,1,0.0,62.21
5593,2024-07-03,10,1,146,1,0.0,122.39
5594,2024-08-06,9,11,56,3,0.0,33.12
5595,2023-05-03,13,21,422,1,0.0,155.14
5596,2023-07-26,3,9,285,1,0.0,14.86
5597,2024-05-24,7,24,66,2,0.0,390.72
5598,2024-06-14,2,8,241,1,0.0,176.75
5599,2024-05-05,4,4,58,1,0.0,220.67
5600,2023-08-23,2,16,427,1,0.15,84.25
5601,2024-02-02,6,3,43,1,0.0,84.52
5602,2024-12-11,8,15,224,1,0.0,62.21
5603,2024-09-22,12,1,225,1,0.0,122.39
5604,2023-05-27,15,23,306,1,0.1,182.19
5605,2023-02-12,17,6,393,1,0.0,132.1
5606,2023-07-13,7,22,372,2,0.0,594.82
5607,2023-11-01,5,2,175,1,0.2,11.82
5608,2023-09-14,6,6,180,1,0.0,132.1
5609,2024-04-18,7,19,462,2,0.1,239.31
5610,2024-10-21,2,9,201,1,0.0,14.86
5611,2024-01-25,5,17,485,1,0.0,115.98
5612,2023-10-26,17,25,33,1,0.0,144.03
5613,2023-08-19,6,3,322,1,0.15,71.84
5614,2023-07-19,11,23,337,3,0.0,607.29
5615,2024-03-25,1,12,447,1,0.0,76.5
5616,2024-03-27,3,9,432,1,0.0,14.86
5617,2023-09-09,20,9,271,2,0.0,29.72
5618,2023-10-22,18,13,83,1,0.15,162.83
5619,2023-05-27,18,22,494,1,0.0,297.41
5620,2023-11-22,3,8,210,1,0.0,176.75
5621,2024-06-14,18,19,9,2,0.0,265.9
5622,2024-09-25,6,17,371,1,0.0,115.98
5623,2023-11-05,4,20,351,2,0.15,299.27
5624,2023-08-28,1,25,196,2,0.0,288.06
5625,2023-01-04,19,10,30,1,0.0,142.75
5626,2024-02-01,19,11,62,1,0.2,8.83
5627,2023-08-18,2,14,289,4,0.0,199.16
5628,2024-07-12,3,13,11,2,0.0,383.12
5629,2024-10-26,16,15,480,2,0.0,124.42
5630,2024-08-08,13,17,145,3,0.0,347.94
5631,2024-12-03,15,24,467,1,0.0,195.36
5632,2023-09-01,16,12,314,1,0.0,76.5
5633,2023-09-14,12,5,326,1,0.0,33.68
5634,2024-04-10,16,15,471,3,0.0,186.63
5635,2023-06-06,15,17,275,1,0.1,104.38
5636,2024-01-04,8,1,74,1,0.0,122.39
5637,2023-10-21,6,22,494,1,0.0,297.41
5638,2024-02-02,9,24,452,1,0.0,195.36
5639,2023-06-14,12,13,379,1,0.0,191.56
5640,2023-01-22,14,2,413,1,0.0,14.78
5641,2023-11-15,14,21,364,1,0.0,155.14
5642,2024-07-08,8,22,206,1,0.15,252.8
5643,2023-05-09,12,6,107,1,0.0,132.1
5644,2024-02-20,14,23,453,1,0.0,202.43
5645,2024-03-03,15,14,376,1,0.15,42.32
5646,2024-04-08,15,17,488,1,0.0,115.98
5647,2024-02-02,15,9,187,3,0.1,40.12
5648,2023-12-13,5,22,371,1,0.0,297.41
5649,2024-06-26,7,9,126,1,0.0,14.86
5650,2023-08-11,7,7,292,1,0.0,150.73
5651,2023-07-19,20,18,187,1,0.0,216.73
5652,2024-04-19,18,9,442,2,0.0,29.72
5653,2024-02-23,12,4,330,1,0.0,220.67
5654,2023-11-05,16,13,56,1,0.0,191.56
5655,2024-07-09,15,22,154,1,0.0,297.41
5656,2024-09-30,14,9,27,1,0.0,14.86
5657,2023-07-24,7,7,173,2,0.0,301.46
5658,2024-07-18,6,25,338,1,0.0,144.03
5659,2024-01-29,17,24,222,1,0.0,195.36
5660,2023-07-04,15,20,13,1,0.0,176.04
5661,2024-12-19,6,4,140,2,0.15,375.14
5662,2024-11-27,5,20,329,2,0.1,316.87
5663,2024-02-16,19,6,401,2,0.0,264.2
5664,2023-07-22,5,18,211,1,0.0,216.73
5665,2023-11-21,5,5,391,1,0.0,33.68
5666,2024-05-13,11,18,313,2,0.0,433.46
5667,2024-09-19,17,15,377,1,0.0,62.21
5668,2024-10-05,2,4,347,1,0.1,198.6
5669,2023-04-10,3,20,44,1,0.0,176.04
5670,2023-01-22,1,10,472,1,0.0,142.75
5671,2023-02-24,11,6,437,2,0.1,237.78
5672,2023-04-03,11,16,477,1,0.0,99.12
5673,2024-01-01,7,4,381,2,0.0,441.34
5674,2023-06-04,7,23,158,2,0.0,404.86
5675,2023-03-09,12,19,320,2,0.1,239.31
5676,2023-11-20,15,4,244,1,0.1,198.6
5677,2023-12-13,10,16,156,1,0.0,99.12
5678,2023-04-14,18,1,82,1,0.0,122.39
5679,2023-06-05,6,13,213,1,0.0,191.56
5680,2023-05-02,18,7,467,1,0.0,150.73
5681,2024-09-25,14,24,82,1,0.1,175.82
5682,2024-07-29,18,13,322,2,0.1,344.81
5683,2024-04-25,9,3,354,1,0.0,84.52
5684,2023-09-13,4,14,340,1,0.0,49.79
5685,2023-05-31,15,10,50,1,0.0,142.75
5686,2023-02-10,5,12,451,1,0.0,76.5
5687,2024-01-26,16,12,195,2,0.0,153.0
5688,2024-05-03,6,24,393,2,0.0,390.72
5689,2023-01-21,19,25,353,1,0.0,144.03
5690,2024-01-07,15,24,300,1,0.0,195.36
5691,2024-08-08,6,23,230,2,0.0,404.86
5692,2023-01-21,16,6,485,1,0.0,132.1
5693,2024-11-18,11,13,44,1,0.0,191.56
5694,2024-01-14,3,20,91,1,0.1,158.44
5695,2023-05-19,20,10,154,1,0.0,142.75
5696,2024-11-05,4,22,479,1,0.0,297.41
5697,2024-11-21,11,21,150,2,0.0,310.28
5698,2024-12-29,3,20,182,3,0.0,528.12
5699,2024-09-09,16,23,9,2,0.0,404.86
5700,2024-09-28,19,19,214,1,0.2,106.36
5701,2023-06-23,12,10,436,2,0.0,285.5
5702,2023-09-16,7,19,263,1,0.0,132.95
5703,2023-10-14,17,13,463,1,0.0,191.56
5704,2023-01-25,16,7,164,2,0.0,301.46
5705,2023-06-20,2,1,333,1,0.1,110.15
5706,2023-09-02,10,22,135,1,0.0,297.41
5707,2024-04-04,14,13,173,2,0.0,383.12
5708,2023-02-11,9,24,384,3,0.0,586.08
5709,2024-11-03,3,7,171,1,0.0,150.73
5710,2024-07-18,2,11,67,1,0.0,11.04
5711,2024-10-01,1,18,377,1,0.1,195.06
5712,2024-08-10,1,5,155,1,0.1,30.31
5713,2024-01-25,7,9,464,1,0.0,14.86
5714,2024-04-26,13,5,199,2,0.1,60.62
5715,2023-02-06,9,19,357,1,0.0,132.95
5716,2024-01-20,11,16,188,1,0.0,99.12
5717,2024-06-08,14,1,209,1,0.0,122.39
5718,2024-12-12,9,14,283,3,0.1,134.43
5719,2023-07-17,16,17,145,1,0.1,104.38
5720,2023-10-01,3,11,468,1,0.0,11.04
5721,2024-04-05,3,18,413,2,0.0,433.46
5722,2024-11-13,17,14,459,1,0.0,49.79
5723,2023-04-27,1,9,416,2,0.2,23.78
5724,2023-05-12,4,10,125,1,0.2,114.2
5725,2023-03-18,6,21,192,4,0.0,620.56
5726,2023-03-08,5,14,293,1,0.0,49.79
5727,2023-08-31,3,4,443,1,0.0,220.67
5728,2023-03-19,1,6,371,2,0.1,237.78
5729,2023-01-14,11,16,446,1,0.0,99.12
5730,2024-09-24,3,21,80,1,0.0,155.14
5731,2024-08-19,15,17,324,2,0.0,231.96
5732,2023-12-05,4,9,314,2,0.0,29.72
5733,2023-05-05,2,20,361,1,0.0,176.04
5734,2023-05-23,7,2,471,1,0.0,14.78
5735,2023-03-25,6,14,47,1,0.0,49.79
5736,2023-04-04,1,22,222,1,0.0,297.41
5737,2024-12-02,3,19,199,2,0.0,265.9
5738,2023-11-25,7,24,244,2,0.0,390.72
5739,2023-07-22,16,22,310,1,0.0,297.41
5740,2024-12-10,19,25,443,1,0.0,144.03
5741,2023-03-04,15,6,95,1,0.0,132.1
5742,2024-06-03,1,9,41,1,0.0,14.86
5743,2023-06-30,7,10,135,1,0.0,142.75
5744,2023-05-28,18,11,295,2,0.0,22.08
5745,2023-07-13,4,17,360,1,0.1,104.38
5746,2023-03-19,7,4,96,1,0.0,220.67
5747,2023-11-26,8,22,84,1,0.0,297.41
5748,2024-02-09,19,24,152,1,0.0,195.36
5749,2024-09-07,14,20,260,1,0.0,176.04
5750,2024-10-17,10,9,112,1,0.0,14.86
5751,2024-03-12,9,20,423,2,0.0,352.08
5752,2023-12-20,17,16,4,1,0.0,99.12
5753,2024-11-01,9,15,145,2,0.1,111.98
5754,2023-06-15,3,20,32,1,0.0,176.04
5755,2023-03-06,16,9,177,1,0.0,14.86
5756,2023-03-03,20,21,387,1,0.1,139.63
5757,2024-03-16,3,5,346,1,0.0,33.68
5758,2024-04-01,1,14,382,1,0.1,44.81
5759,2024-11-19,12,22,358,2,0.0,594.82
5760,2024-11-28,3,7,292,2,0.0,301.46
5761,2023-09-26,11,3,231,1,0.0,84.52
5762,2024-01-02,16,12,190,2,0.0,153.0
5763,2024-05-26,10,4,391,2,0.0,441.34
5764,2024-05-15,11,8,280,1,0.0,176.75
5765,2023-07-14,8,15,301,1,0.15,52.88
5766,2023-06-24,2,19,354,1,0.0,132.95
5767,2023-12-28,15,5,167,1,0.0,33.68
5768,2024-02-17,15,16,445,1,0.1,89.21
5769,2024-04-20,15,13,79,1,0.0,191.56
5770,2023-05-26,13,13,215,1,0.0,191.56
5771,2023-01-26,5,22,404,1,0.0,297.41
5772,2023-11-28,5,3,205,3,0.0,253.56
5773,2024-01-10,1,12,223,1,0.15,65.02
5774,2024-11-08,5,2,304,1,0.0,14.78
5775,2023-07-08,7,9,49,1,0.15,12.63
5776,2023-01-17,13,1,242,1,0.0,122.39
5777,2023-06-03,9,24,173,1,0.15,166.06
5778,2023-07-22,1,4,255,1,0.2,176.54
5779,2024-02-06,6,14,156,1,0.0,49.79
5780,2024-07-16,9,14,117,1,0.0,49.79
5781,2023-07-14,16,1,311,1,0.0,122.39
5782,2024-05-26,14,8,223,2,0.1,318.15
5783,2023-06-13,16,20,497,1,0.0,176.04
5784,2024-11-04,3,11,488,1,0.0,11.04
5785,2023-11-28,20,17,149,2,0.0,231.96
5786,2023-05-25,8,1,266,1,0.0,122.39
5787,2024-05-21,7,4,214,1,0.0,220.67
5788,2024-05-17,1,16,490,1,0.0,99.12
5789,2023-11-12,11,5,323,1,0.0,33.68
5790,2023-11-15,14,13,314,2,0.0,383.12
5791,2023-05-05,20,16,67,1,0.0,99.12
5792,2024-06-26,10,16,175,1,0.0,99.12
5793,2024-01-18,5,8,190,2,0.1,318.15
5794,2024-08-01,16,16,33,1,0.0,99.12
5795,2023-01-19,15,7,190,2,0.1,271.31
5796,2024-03-03,8,3,108,1,0.0,84.52
5797,2023-12-01,11,19,325,1,0.0,132.95
5798,2024-05-02,9,2,285,1,0.0,14.78
5799,2023-12-15,11,12,358,1,0.0,76.5
5800,2023-07-19,5,9,495,3,0.15,37.89
5801,2023-11-26,19,9,498,1,0.0,14.86
5802,2023-08-23,19,12,313,2,0.0,153.0
5803,2023-08-31,8,21,251,1,0.0,155.14
5804,2024-07-30,16,10,456,1,0.0,142.75
5805,2023-01-20,11,24,262,1,0.1,175.82
5806,2023-04-08,13,22,385,1,0.0,297.41
5807,2023-06-01,20,12,165,4,0.0,306.0
5808,2023-03-25,17,22,252,1,0.0,297.41
5809,2024-04-18,20,8,462,1,0.0,176.75
5810,2023-09-30,3,13,231,2,0.2,306.5
5811,2024-02-03,7,1,406,2,0.0,244.78
5812,2023-10-10,5,15,187,2,0.0,124.42
5813,2023-03-02,16,22,127,2,0.0,594.82
5814,2023-08-17,1,21,168,1,0.0,155.14
5815,2023-12-31,16,10,288,1,0.0,142.75
5816,2023-05-30,9,15,490,2,0.0,124.42
5817,2023-11-24,11,2,310,4,0.15,50.25
5818,2024-07-03,7,3,422,1,0.0,84.52
5819,2024-10-23,7,13,491,1,0.0,191.56
5820,2024-09-03,20,8,62,3,0.1,477.22
5821,2023-10-30,2,22,377,1,0.0,297.41
5822,2023-07-19,17,18,410,3,0.0,650.19
5823,2024-05-31,10,13,128,2,0.0,383.12
5824,2024-01-21,14,9,359,2,0.0,29.72
5825,2023-01-12,10,7,134,1,0.0,150.73
5826,2023-07-29,5,14,152,1,0.0,49.79
5827,2023-01-26,1,20,334,1,0.0,176.04
5828,2024-10-21,14,19,41,1,0.1,119.65
5829,2024-01-13,15,14,398,1,0.0,49.79
5830,2023-06-01,15,8,321,1,0.0,176.75
5831,2024-01-27,18,15,81,1,0.0,62.21
5832,2024-08-31,15,10,389,1,0.0,142.75
5833,2023-11-09,15,13,142,3,0.0,574.68
5834,2023-07-22,20,16,233,2,0.0,198.24
5835,2023-10-19,6,4,301,1,0.2,176.54
5836,2023-05-12,11,15,490,1,0.0,62.21
5837,2023-01-18,4,14,27,1,0.0,49.79
5838,2023-12-01,12,2,73,2,0.0,29.56
5839,2023-11-19,13,20,282,2,0.0,352.08
5840,2023-01-27,14,10,331,4,0.0,571.0
5841,2023-11-11,20,18,429,2,0.0,433.46
5842,2023-02-05,10,23,166,2,0.1,364.37
5843,2024-08-02,19,8,21,1,0.0,176.75
5844,2024-06-07,2,11,371,4,0.0,44.16
5845,2024-12-03,3,21,72,2,0.0,310.28
5846,2023-06-05,4,25,268,2,0.0,288.06
5847,2023-06-17,8,21,48,1,0.0,155.14
5848,2024-01-04,12,19,174,1,0.0,132.95
5849,2023-03-25,14,5,176,1,0.0,33.68
5850,2023-03-13,16,4,206,4,0.0,882.68
5851,2024-07-12,2,23,269,1,0.1,182.19
5852,2024-03-02,13,4,356,1,0.0,220.67
5853,2023-06-08,18,6,422,3,0.0,396.3
5854,2023-04-02,7,18,230,1,0.1,195.06
5855,2023-06-12,4,15,391,1,0.0,62.21
5856,2023-09-25,8,10,123,1,0.0,142.75
5857,2023-02-27,18,3,13,2,0.0,169.04
5858,2023-02-23,8,2,246,1,0.0,14.78
5859,2023-02-13,2,10,113,1,0.15,121.34
5860,2023-08-27,5,12,489,1,0.0,76.5
5861,2023-05-21,17,5,164,1,0.0,33.68
5862,2023-11-21,13,20,10,2,0.0,352.08
5863,2024-06-06,10,10,253,1,0.0,142.75
5864,2023-01-25,14,10,282,1,0.0,142.75
5865,2023-03-11,2,5,103,1,0.0,33.68
5866,2024-08-26,2,3,107,2,0.0,169.04
5867,2023-08-24,19,15,252,1,0.0,62.21
5868,2023-01-08,12,11,360,1,0.0,11.04
5869,2023-03-24,19,7,452,2,0.0,301.46
5870,2024-01-12,17,15,461,1,0.0,62.21
5871,2023-06-18,13,1,109,2,0.0,244.78
5872,2023-06-05,18,10,4,2,0.0,285.5
5873,2024-10-04,20,7,145,1,0.1,135.66
5874,2023-09-30,18,7,192,1,0.1,135.66
5875,2024-06-07,13,25,82,2,0.0,288.06
5876,2023-07-26,20,15,132,1,0.0,62.21
5877,2023-12-09,13,1,62,1,0.0,122.39
5878,2024-10-28,10,21,232,2,0.0,310.28
5879,2023-01-30,15,6,309,1,0.0,132.1
5880,2024-10-29,17,25,395,1,0.15,122.43
5881,2024-02-20,7,20,95,1,0.0,176.04
5882,2023-04-26,2,7,199,2,0.0,301.46
5883,2023-04-20,7,14,103,2,0.0,99.58
5884,2024-08-06,10,12,427,1,0.0,76.5
5885,2024-12-07,19,3,419,1,0.0,84.52
5886,2023-11-02,8,20,291,3,0.0,528.12
5887,2023-09-16,7,21,262,1,0.15,131.87
5888,2023-01-25,10,9,7,1,0.0,14.86
5889,2023-08-10,6,3,441,4,0.0,338.08
5890,2023-12-24,13,7,369,1,0.15,128.12
5891,2023-12-02,13,10,309,1,0.1,128.48
5892,2023-06-19,16,8,246,1,0.1,159.08
5893,2024-07-28,20,2,147,2,0.0,29.56
5894,2024-11-14,8,20,40,1,0.0,176.04
5895,2024-09-23,4,15,453,1,0.2,49.77
5896,2023-01-01,1,22,318,2,0.0,594.82
5897,2023-02-21,1,6,485,1,0.0,132.1
5898,2023-10-08,1,19,156,1,0.0,132.95
5899,2024-03-31,13,13,374,1,0.0,191.56
5900,2024-08-04,6,21,50,1,0.0,155.14
5901,2023-02-24,12,24,111,1,0.0,195.36
5902,2024-10-23,7,4,498,1,0.0,220.67
5903,2024-03-09,12,9,39,2,0.0,29.72
5904,2023-10-14,14,5,335,1,0.0,33.68
5905,2023-01-23,10,7,395,1,0.0,150.73
5906,2023-02-05,4,17,155,1,0.0,115.98
5907,2023-05-26,9,6,234,1,0.0,132.1
5908,2023-07-29,4,1,471,1,0.0,122.39
5909,2024-10-13,1,18,451,1,0.0,216.73
5910,2024-05-02,6,24,8,2,0.1,351.65
5911,2023-04-26,3,6,372,1,0.0,132.1
5912,2023-08-29,15,12,446,1,0.0,76.5
5913,2024-08-16,18,21,140,1,0.0,155.14
5914,2023-10-04,1,14,360,1,0.0,49.79
5915,2024-07-30,16,10,33,1,0.0,142.75
5916,2024-12-03,13,22,348,3,0.0,892.23
5917,2024-01-22,1,10,20,1,0.0,142.75
5918,2024-05-24,14,8,426,3,0.0,530.25
5919,2024-04-21,14,25,90,1,0.0,144.03
5920,2023-01-14,19,14,460,1,0.0,49.79
5921,2023-02-15,3,1,492,1,0.15,104.03
5922,2023-10-15,10,18,369,1,0.0,216.73
5923,2024-05-05,7,8,411,1,0.2,141.4
5924,2023-10-01,1,19,344,1,0.0,132.95
5925,2023-10-06,7,19,121,1,0.0,132.95
5926,2024-12-07,1,11,333,3,0.0,33.12
5927,2023-02-15,19,14,428,1,0.0,49.79
5928,2024-03-21,18,21,488,1,0.0,155.14
5929,2024-12-20,8,1,367,3,0.0,367.17
5930,2023-02-18,10,10,187,2,0.0,285.5
5931,2023-04-01,20,3,189,2,0.0,169.04
5932,2024-04-12,16,14,279,1,0.1,44.81
5933,2023-06-17,12,13,338,2,0.2,306.5
5934,2024-01-16,18,18,277,1,0.0,216.73
5935,2023-05-30,11,17,377,1,0.0,115.98
5936,2024-10-16,12,22,209,3,0.0,892.23
5937,2023-06-28,19,15,206,2,0.2,99.54
5938,2024-01-17,15,19,178,1,0.0,132.95
5939,2023-10-27,5,21,417,1,0.0,155.14
5940,2024-11-19,16,6,346,1,0.0,132.1
5941,2024-07-09,14,11,185,1,0.0,11.04
5942,2024-03-18,3,6,309,2,0.0,264.2
5943,2023-09-17,5,20,171,2,0.0,352.08
5944,2024-01-03,15,14,231,2,0.0,99.58
5945,2024-07-06,6,1,456,1,0.0,122.39
5946,2023-02-13,11,18,260,1,0.0,216.73
5947,2024-10-02,5,24,307,1,0.15,166.06
5948,2023-12-16,6,14,436,1,0.0,49.79
5949,2024-08-10,5,14,418,2,0.0,99.58
5950,2023-07-30,13,7,42,1,0.0,150.73
5951,2024-03-05,4,12,257,2,0.0,153.0
5952,2024-07-11,2,25,267,2,0.0,288.06
5953,2023-04-17,19,11,3,1,0.0,11.04
5954,2023-09-18,18,18,341,1,0.0,216.73
5955,2023-06-18,8,11,351,1,0.0,11.04
5956,2024-12-27,16,11,60,2,0.0,22.08
5957,2023-11-30,12,7,281,1,0.0,150.73
5958,2024-02-09,17,5,337,1,0.0,33.68
5959,2024-02-07,8,9,296,1,0.0,14.86
5960,2023-12-26,4,16,116,1,0.0,99.12
5961,2024-10-17,15,7,80,2,0.0,301.46
5962,2024-12-11,7,19,367,1,0.0,132.95
5963,2023-01-01,17,19,410,1,0.0,132.95
5964,2023-04-21,16,20,74,1,0.0,176.04
5965,2023-03-15,10,2,124,1,0.0,14.78
5966,2024-02-20,10,21,423,1,0.0,155.14
5967,2023-08-03,18,7,327,1,0.0,150.73
5968,2023-04-09,7,17,13,2,0.0,231.96
5969,2023-01-17,1,20,152,1,0.0,176.04
5970,2023-05-04,7,20,96,2,0.0,352.08
5971,2024-11-09,15,13,487,1,0.0,191.56
5972,2023-05-02,14,13,484,1,0.0,191.56
5973,2024-01-02,13,24,6,1,0.0,195.36
5974,2024-12-15,11,24,199,1,0.0,195.36
5975,2024-01-19,7,12,156,1,0.0,76.5
5976,2024-03-14,20,2,302,2,0.0,29.56
5977,2024-05-04,20,12,304,1,0.0,76.5
5978,2023-02-12,16,1,17,1,0.0,122.39
5979,2024-05-26,11,12,180,1,0.0,76.5
5980,2023-02-01,9,3,359,2,0.0,169.04
5981,2024-04-29,13,14,386,1,0.0,49.79
5982,2024-07-05,4,3,217,1,0.0,84.52
5983,2024-12-06,12,3,486,1,0.0,84.52
5984,2024-12-02,1,23,195,2,0.0,404.86
5985,2023-02-09,16,3,389,1,0.2,67.62
5986,2023-03-30,16,4,130,1,0.0,220.67
5987,2024-07-10,3,5,43,1,0.0,33.68
5988,2023-09-09,4,17,233,1,0.0,115.98
5989,2024-01-24,11,5,124,1,0.0,33.68
5990,2024-09-10,16,25,18,2,0.0,288.06
5991,2023-11-25,15,10,111,2,0.0,285.5
5992,2024-09-20,14,9,49,1,0.0,14.86
5993,2023-01-11,5,15,304,1,0.0,62.21
5994,2024-11-22,17,16,228,1,0.0,99.12
5995,2023-03-12,17,7,93,1,0.0,150.73
5996,2024-04-19,9,15,357,1,0.0,62.21
5997,2024-08-01,13,16,411,2,0.1,178.42
5998,2024-07-02,2,9,130,1,0.0,14.86
5999,2024-08-22,4,25,358,2,0.0,288.06
6000,2024-06-13,16,1,90,1,0.0,122.39
6001,2024-04-07,10,10,438,1,0.0,142.75
6002,2023-06-16,2,2,149,1,0.0,14.78
6003,2024-09-07,11,3,219,2,0.0,169.04
6004,2023-04-23,5,8,496,2,0.0,353.5
6005,2023-03-20,7,2,247,1,0.1,13.3
6006,2024-05-12,8,6,3,3,0.0,396.3
6007,2024-02-01,6,18,396,1,0.0,216.73
6008,2024-01-21,2,3,155,2,0.15,143.68
6009,2023-07-07,8,14,175,1,0.0,49.79
6010,2024-11-30,16,23,118,1,0.0,202.43
6011,2024-12-31,4,2,52,2,0.0,29.56
6012,2023-06-18,5,24,68,1,0.0,195.36
6013,2024-09-11,19,12,13,2,0.0,153.0
6014,2024-03-24,16,24,188,1,0.0,195.36
6015,2024-12-16,17,7,460,1,0.1,135.66
6016,2024-12-18,4,25,215,1,0.0,144.03
6017,2024-04-30,2,6,143,2,0.0,264.2
6018,2024-03-22,18,3,360,1,0.0,84.52
6019,2024-03-08,3,16,34,1,0.0,99.12
6020,2023-03-31,9,18,450,1,0.0,216.73
6021,2024-11-13,17,17,471,1,0.0,115.98
6022,2023-09-07,5,15,62,2,0.0,124.42
6023,2023-01-25,6,23,45,1,0.0,202.43
6024,2024-08-07,6,2,341,2,0.0,29.56
6025,2023-07-21,15,4,338,1,0.0,220.67
6026,2024-07-13,12,15,286,1,0.0,62.21
6027,2023-09-27,16,9,35,1,0.0,14.86
6028,2024-11-14,4,18,287,1,0.0,216.73
6029,2023-02-10,8,20,104,2,0.0,352.08
6030,2023-05-31,10,17,69,1,0.0,115.98
6031,2024-12-12,2,1,262,3,0.0,367.17
6032,2023-01-13,4,14,269,1,0.1,44.81
6033,2024-11-17,1,8,156,1,0.0,176.75
6034,2023-05-21,11,18,472,2,0.1,390.11
6035,2023-09-07,16,14,411,1,0.0,49.79
6036,2023-08-07,7,5,340,2,0.0,67.36
6037,2024-05-01,16,21,246,1,0.0,155.14
6038,2023-08-08,4,11,89,1,0.0,11.04
6039,2024-02-02,18,22,325,1,0.1,267.67
6040,2024-10-04,18,5,440,2,0.0,67.36
6041,2023-03-14,5,18,342,3,0.0,650.19
6042,2023-05-11,17,4,75,2,0.0,441.34
6043,2023-03-11,16,15,263,1,0.2,49.77
6044,2023-03-16,19,1,85,3,0.0,367.17
6045,2023-09-10,14,18,430,1,0.0,216.73
6046,2024-10-02,12,18,481,1,0.0,216.73
6047,2023-08-19,9,25,209,1,0.0,144.03
6048,2023-03-03,14,6,22,1,0.0,132.1
6049,2023-11-25,1,13,99,1,0.0,191.56
6050,2024-11-18,12,13,201,1,0.0,191.56
6051,2024-04-05,20,13,429,1,0.0,191.56
6052,2023-08-19,5,10,246,2,0.0,285.5
6053,2024-09-21,17,13,456,1,0.0,191.56
6054,2024-02-21,6,24,124,2,0.0,390.72
6055,2024-09-05,17,15,148,1,0.0,62.21
6056,2024-05-24,3,19,222,1,0.0,132.95
6057,2024-09-06,1,23,214,1,0.0,202.43
6058,2023-03-09,18,13,44,2,0.0,383.12
6059,2024-12-22,5,3,396,1,0.0,84.52
6060,2024-10-18,2,12,190,1,0.0,76.5
6061,2023-10-12,13,12,144,2,0.0,153.0
6062,2024-04-20,11,7,156,1,0.0,150.73
6063,2024-07-02,20,9,168,1,0.0,14.86
6064,2023-11-12,16,17,262,1,0.0,115.98
6065,2024-05-14,13,13,388,1,0.0,191.56
6066,2024-12-05,18,7,473,2,0.0,301.46
6067,2024-11-29,19,19,71,1,0.0,132.95
6068,2024-04-25,11,14,47,1,0.0,49.79
6069,2024-12-09,11,16,273,1,0.15,84.25
6070,2024-06-13,20,3,324,2,0.0,169.04
6071,2023-03-06,9,19,323,2,0.0,265.9
6072,2023-10-02,9,14,448,1,0.0,49.79
6073,2023-10-23,20,5,263,2,0.0,67.36
6074,2023-08-22,11,20,475,1,0.1,158.44
6075,2023-11-28,19,6,98,1,0.0,132.1
6076,2023-12-23,7,22,423,1,0.0,297.41
6077,2023-12-10,14,19,143,1,0.15,113.01
6078,2023-09-28,20,20,218,2,0.0,352.08
6079,2024-11-16,20,13,456,2,0.1,344.81
6080,2023-05-23,10,23,98,1,0.0,202.43
6081,2024-12-04,18,21,284,1,0.0,155.14
6082,2023-11-15,19,25,267,2,0.2,230.45
6083,2023-06-27,4,13,371,2,0.0,383.12
6084,2023-10-26,8,2,106,1,0.0,14.78
6085,2024-09-04,11,19,94,1,0.0,132.95
6086,2024-10-25,16,17,192,2,0.15,197.17
6087,2023-09-09,13,24,248,1,0.0,195.36
6088,2023-10-05,19,13,236,1,0.0,191.56
6089,2024-07-04,11,23,75,1,0.0,202.43
6090,2023-09-18,20,2,37,2,0.0,29.56
6091,2023-09-16,4,18,495,1,0.15,184.22
6092,2024-01-21,18,25,202,1,0.0,144.03
6093,2023-01-04,3,15,97,1,0.0,62.21
6094,2023-09-18,16,21,233,1,0.0,155.14
6095,2024-07-17,19,25,421,2,0.0,288.06
6096,2023-10-11,17,20,291,1,0.0,176.04
6097,2024-03-06,7,13,137,2,0.0,383.12
6098,2023-02-22,14,17,322,2,0.1,208.76
6099,2024-05-16,20,8,56,1,0.0,176.75
6100,2024-05-02,14,10,199,1,0.0,142.75
6101,2023-11-06,4,24,186,1,0.15,166.06
6102,2023-02-25,2,9,434,1,0.0,14.86
6103,2023-03-13,9,13,56,1,0.15,162.83
6104,2024-07-15,18,8,138,1,0.0,176.75
6105,2023-05-11,4,14,474,2,0.0,99.58
6106,2024-12-04,2,19,457,1,0.0,132.95
6107,2024-11-07,1,22,58,4,0.0,1189.64
6108,2023-12-12,9,23,146,2,0.0,404.86
6109,2024-03-16,8,13,119,1,0.0,191.56
6110,2023-08-14,20,21,310,1,0.1,139.63
6111,2024-08-07,9,22,476,1,0.0,297.41
6112,2024-07-19,12,4,431,1,0.0,220.67
6113,2023-08-31,5,4,12,1,0.0,220.67
6114,2024-07-20,19,12,163,2,0.2,122.4
6115,2023-08-14,6,3,413,1,0.0,84.52
6116,2024-01-28,7,13,278,1,0.15,162.83
6117,2024-09-23,1,21,489,1,0.0,155.14
6118,2023-06-14,3,18,293,1,0.15,184.22
6119,2024-09-20,9,7,415,1,0.0,150.73
6120,2024-05-12,4,19,49,1,0.0,132.95
6121,2023-09-10,14,13,114,1,0.1,172.4
6122,2023-09-05,15,11,313,1,0.0,11.04
6123,2023-06-19,6,20,470,1,0.0,176.04
6124,2023-08-14,9,3,55,1,0.1,76.07
6125,2023-01-04,8,4,344,3,0.15,562.71
6126,2023-11-12,20,16,435,1,0.0,99.12
6127,2024-01-31,15,9,110,3,0.0,44.58
6128,2023-08-26,4,9,434,1,0.0,14.86
6129,2023-03-25,14,16,365,1,0.15,84.25
6130,2024-03-30,15,17,77,1,0.0,115.98
6131,2024-01-29,20,17,385,1,0.15,98.58
6132,2024-01-25,1,21,278,1,0.0,155.14
6133,2023-10-06,7,21,452,1,0.0,155.14
6134,2024-11-20,17,22,176,2,0.0,594.82
6135,2023-11-17,20,19,199,1,0.0,132.95
6136,2024-03-28,20,2,106,1,0.0,14.78
6137,2024-01-17,5,4,361,2,0.0,441.34
6138,2023-03-21,20,1,429,1,0.0,122.39
6139,2024-12-16,6,13,404,1,0.0,191.56
6140,2024-02-18,7,12,112,1,0.1,68.85
6141,2023-11-09,8,18,367,2,0.0,433.46
6142,2023-10-25,8,5,195,3,0.0,101.04
6143,2024-09-06,16,4,492,1,0.0,220.67
6144,2023-01-25,19,11,125,1,0.1,9.94
6145,2024-10-22,3,7,232,1,0.0,150.73
6146,2024-12-31,13,19,293,1,0.1,119.65
6147,2023-12-01,16,7,224,1,0.0,150.73
6148,2024-04-01,14,19,46,1,0.0,132.95
6149,2024-03-23,9,22,179,2,0.0,594.82
6150,2023-08-23,9,11,188,2,0.0,22.08
6151,2023-09-24,16,16,81,3,0.0,297.36
6152,2023-06-22,8,19,438,2,0.1,239.31
6153,2024-08-22,17,13,307,1,0.15,162.83
6154,2024-06-27,7,20,434,2,0.15,299.27
6155,2023-02-07,13,7,187,1,0.0,150.73
6156,2023-02-19,8,22,47,1,0.15,252.8
6157,2024-12-25,3,20,316,1,0.0,176.04
6158,2024-12-13,9,16,41,1,0.0,99.12
6159,2024-06-21,9,14,232,1,0.0,49.79
6160,2023-06-02,10,12,73,1,0.0,76.5
6161,2024-03-22,9,1,446,1,0.1,110.15
6162,2023-07-10,8,7,210,2,0.0,301.46
6163,2023-11-03,8,17,447,1,0.1,104.38
6164,2023-04-05,20,17,27,1,0.0,115.98
6165,2024-08-09,6,17,148,1,0.0,115.98
6166,2024-07-15,16,13,483,2,0.15,325.65
6167,2024-03-09,6,10,121,1,0.0,142.75
6168,2023-01-18,7,7,309,2,0.0,301.46
6169,2024-12-25,4,7,138,1,0.0,150.73
6170,2023-07-03,18,15,64,1,0.0,62.21
6171,2024-04-18,18,15,390,2,0.0,124.42
6172,2024-01-13,6,13,79,3,0.0,574.68
6173,2024-06-30,6,18,126,1,0.0,216.73
6174,2023-01-09,11,16,438,2,0.15,168.5
6175,2023-06-25,9,17,263,1,0.0,115.98
6176,2023-01-22,17,5,259,1,0.0,33.68
6177,2023-02-28,13,1,70,4,0.0,489.56
6178,2023-06-21,2,12,241,2,0.0,153.0
6179,2023-06-09,5,9,124,1,0.0,14.86
6180,2024-09-15,12,10,294,1,0.0,142.75
6181,2023-10-13,15,16,126,2,0.0,198.24
6182,2024-04-10,6,25,364,1,0.1,129.63
6183,2023-04-23,8,20,83,1,0.15,149.63
6184,2024-10-17,20,20,387,2,0.0,352.08
6185,2023-02-13,3,17,194,2,0.0,231.96
6186,2023-05-20,1,8,148,1,0.2,141.4
6187,2024-04-16,17,4,410,1,0.0,220.67
6188,2024-05-16,13,10,282,2,0.1,256.95
6189,2024-07-08,13,9,456,1,0.0,14.86
6190,2024-06-21,15,12,493,1,0.0,76.5
6191,2024-10-24,17,16,182,1,0.0,99.12
6192,2024-09-12,19,15,368,1,0.0,62.21
6193,2024-02-19,9,20,269,2,0.0,352.08
6194,2024-02-22,6,4,258,3,0.0,662.01
6195,2024-05-26,5,20,413,1,0.0,176.04
6196,2023-02-07,7,12,38,1,0.0,76.5
6197,2024-09-06,12,14,432,1,0.1,44.81
6198,2023-11-14,13,20,193,2,0.0,352.08
6199,2023-11-11,16,8,102,1,0.0,176.75
6200,2023-01-17,7,14,223,2,0.0,99.58
6201,2024-10-15,5,24,231,1,0.0,195.36
6202,2024-08-27,5,3,333,1,0.0,84.52
6203,2023-11-05,1,1,462,2,0.15,208.06
6204,2023-08-21,15,15,130,1,0.0,62.21
6205,2024-05-13,13,6,239,1,0.0,132.1
6206,2024-12-30,7,11,238,2,0.1,19.87
6207,2023-05-14,14,16,492,1,0.1,89.21
6208,2023-02-22,8,15,486,2,0.0,124.42
6209,2023-05-30,4,2,152,2,0.0,29.56
6210,2024-01-19,2,14,180,1,0.0,49.79
6211,2024-04-21,13,24,455,1,0.0,195.36
6212,2024-10-31,14,10,40,4,0.0,571.0
6213,2024-09-04,10,23,182,2,0.15,344.13
6214,2024-06-08,18,25,245,1,0.0,144.03
6215,2023-02-11,16,5,35,1,0.0,33.68
6216,2023-12-10,17,15,85,1,0.0,62.21
6217,2023-01-12,4,10,75,1,0.0,142.75
6218,2024-12-29,2,7,13,1,0.0,150.73
6219,2024-06-05,7,18,323,1,0.0,216.73
6220,2024-06-17,12,3,13,1,0.15,71.84
6221,2024-04-04,13,19,172,2,0.0,265.9
6222,2024-09-19,15,24,178,1,0.2,156.29
6223,2024-09-28,11,10,146,1,0.0,142.75
6224,2024-01-12,2,6,411,3,0.0,396.3
6225,2024-06-13,19,10,64,2,0.2,228.4
6226,2024-03-24,16,16,222,2,0.0,198.24
6227,2024-06-10,2,8,342,2,0.0,353.5
6228,2024-07-15,19,16,260,1,0.15,84.25
6229,2023-03-10,5,16,478,2,0.0,198.24
6230,2024-01-22,11,5,339,1,0.1,30.31
6231,2024-03-26,9,15,74,2,0.0,124.42
6232,2023-05-26,7,5,48,2,0.0,67.36
6233,2024-09-23,13,18,142,1,0.0,216.73
6234,2024-02-08,8,10,22,1,0.0,142.75
6235,2023-02-15,10,2,7,2,0.1,26.6
6236,2023-05-17,7,4,215,1,0.2,176.54
6237,2024-08-05,7,5,214,1,0.0,33.68
6238,2023-06-05,14,15,281,1,0.0,62.21
6239,2024-08-04,9,14,470,2,0.0,99.58
6240,2023-08-04,1,25,34,1,0.0,144.03
6241,2023-06-17,2,13,136,1,0.0,191.56
6242,2024-05-09,3,24,113,1,0.1,175.82
6243,2024-04-24,6,3,474,2,0.0,169.04
6244,2024-11-19,3,21,343,1,0.0,155.14
6245,2024-04-15,11,8,316,1,0.15,150.24
6246,2024-01-17,16,23,490,1,0.0,202.43
6247,2023-09-22,19,16,286,1,0.0,99.12
6248,2024-07-15,11,11,324,1,0.0,11.04
6249,2024-11-05,19,24,267,1,0.0,195.36
6250,2024-11-20,8,5,116,1,0.0,33.68
6251,2023-01-23,14,2,248,1,0.1,13.3
6252,2023-10-06,11,9,482,1,0.0,14.86
6253,2024-06-05,10,8,256,1,0.0,176.75
6254,2024-02-19,2,5,488,1,0.0,33.68
6255,2024-08-28,10,24,411,2,0.0,390.72
6256,2023-09-21,4,24,422,3,0.0,586.08
6257,2023-06-01,18,10,115,1,0.0,142.75
6258,2023-08-13,8,16,238,1,0.1,89.21
6259,2023-06-06,4,22,358,1,0.15,252.8
6260,2024-07-09,17,21,186,1,0.0,155.14
6261,2024-02-27,13,7,215,1,0.0,150.73
6262,2024-08-03,11,21,154,1,0.0,155.14
6263,2023-03-25,8,13,84,2,0.0,383.12
6264,2024-09-30,16,16,486,1,0.15,84.25
6265,2024-11-11,2,22,224,1,0.15,252.8
6266,2024-02-20,14,4,79,2,0.15,375.14
6267,2024-02-29,16,16,16,1,0.0,99.12
6268,2023-12-08,4,1,158,2,0.0,244.78
6269,2023-08-30,16,21,451,2,0.0,310.28
6270,2024-05-18,13,5,302,1,0.15,28.63
6271,2023-08-08,13,7,221,2,0.0,301.46
6272,2023-08-29,10,21,125,2,0.0,310.28
6273,2024-09-17,6,19,173,1,0.0,132.95
6274,2023-06-13,20,10,168,1,0.0,142.75
6275,2024-08-30,13,7,437,2,0.15,256.24
6276,2023-03-26,4,22,43,1,0.0,297.41
6277,2023-03-26,1,6,77,1,0.0,132.1
6278,2024-07-07,14,22,253,1,0.0,297.41
6279,2023-04-05,5,4,27,1,0.0,220.67
6280,2023-01-03,16,23,91,1,0.0,202.43
6281,2023-02-03,5,6,150,1,0.15,112.28
6282,2024-01-11,12,4,342,1,0.0,220.67
6283,2024-08-08,3,6,21,1,0.0,132.1
6284,2023-06-19,10,20,170,1,0.0,176.04
6285,2023-04-13,2,15,299,2,0.0,124.42
6286,2023-03-26,2,17,315,2,0.0,231.96
6287,2023-01-01,7,8,405,1,0.0,176.75
6288,2023-06-24,13,20,422,1,0.0,176.04
6289,2024-05-17,4,25,137,4,0.0,576.12
6290,2024-08-30,10,18,316,1,0.0,216.73
6291,2024-06-22,3,13,426,1,0.0,191.56
6292,2024-09-19,10,4,71,3,0.0,662.01
6293,2023-03-08,15,23,311,1,0.0,202.43
6294,2023-09-24,6,20,330,1,0.1,158.44
6295,2024-12-17,16,9,311,2,0.0,29.72
6296,2023-08-18,10,25,17,1,0.1,129.63
6297,2024-02-07,11,16,341,1,0.0,99.12
6298,2023-06-16,16,15,415,2,0.0,124.42
6299,2024-04-08,12,4,488,1,0.0,220.67
6300,2024-06-05,10,7,151,2,0.0,301.46
6301,2024-10-31,13,3,215,1,0.0,84.52
6302,2023-08-29,10,23,342,3,0.0,607.29
6303,2023-12-15,5,19,361,1,0.0,132.95
6304,2023-06-08,2,4,41,1,0.2,176.54
6305,2023-03-02,19,1,449,2,0.0,244.78
6306,2023-05-01,5,20,56,1,0.0,176.04
6307,2024-04-04,5,4,77,1,0.1,198.6
6308,2023-03-17,10,13,395,1,0.0,191.56
6309,2023-12-07,19,22,123,1,0.0,297.41
6310,2024-05-08,14,20,210,3,0.1,475.31
6311,2023-05-06,18,14,374,2,0.0,99.58
6312,2024-08-24,10,1,480,1,0.0,122.39
6313,2024-12-16,2,14,187,1,0.0,49.79
6314,2023-06-10,13,23,99,1,0.0,202.43
6315,2023-12-02,9,13,200,2,0.0,383.12
6316,2023-07-11,16,21,238,1,0.0,155.14
6317,2024-11-05,11,12,231,1,0.0,76.5
6318,2023-05-17,11,15,382,2,0.0,124.42
6319,2024-12-25,11,17,491,1,0.15,98.58
6320,2024-08-03,6,19,4,1,0.0,132.95
6321,2023-06-18,9,11,213,1,0.0,11.04
6322,2023-04-06,16,24,449,1,0.0,195.36
6323,2023-12-05,8,5,263,1,0.0,33.68
6324,2024-09-10,16,14,491,1,0.0,49.79
6325,2023-10-12,7,12,370,1,0.1,68.85
6326,2023-07-04,14,17,20,2,0.0,231.96
6327,2023-01-10,12,7,365,1,0.0,150.73
6328,2023-12-18,12,3,173,1,0.0,84.52
6329,2023-01-03,4,22,248,2,0.0,594.82
6330,2024-05-28,7,7,109,1,0.0,150.73
6331,2023-06-01,11,23,349,1,0.0,202.43
6332,2024-11-05,17,2,141,1,0.0,14.78
6333,2024-06-27,13,13,456,1,0.0,191.56
6334,2024-06-25,19,2,314,1,0.0,14.78
6335,2024-09-18,7,14,223,2,0.2,79.66
6336,2023-02-10,15,20,494,2,0.0,352.08
6337,2024-08-28,18,7,149,1,0.15,128.12
6338,2024-07-05,15,20,23,1,0.0,176.04
6339,2023-10-19,11,13,10,1,0.0,191.56
6340,2024-02-22,19,15,322,1,0.0,62.21
6341,2023-03-06,16,9,425,1,0.0,14.86
6342,2024-03-03,15,22,469,4,0.15,1011.19
6343,2024-09-15,19,1,119,1,0.0,122.39
6344,2023-11-19,8,23,231,1,0.0,202.43
6345,2023-09-29,10,6,457,1,0.0,132.1
6346,2024-10-29,2,6,419,2,0.0,264.2
6347,2023-08-23,19,24,131,2,0.15,332.11
6348,2024-02-09,9,2,3,1,0.0,14.78
6349,2024-06-27,8,8,21,1,0.0,176.75
6350,2023-08-16,15,2,123,2,0.0,29.56
6351,2024-02-11,1,11,221,2,0.15,18.77
6352,2023-02-18,3,14,411,1,0.0,49.79
6353,2023-10-08,18,2,417,1,0.1,13.3
6354,2024-07-13,14,12,9,2,0.0,153.0
6355,2024-05-28,10,12,394,3,0.0,229.5
6356,2024-09-06,2,8,255,2,0.0,353.5
6357,2024-08-17,7,18,274,1,0.1,195.06
6358,2024-11-08,4,7,438,2,0.0,301.46
6359,2023-08-29,13,18,288,1,0.0,216.73
6360,2023-12-21,7,13,8,2,0.0,383.12
6361,2024-12-02,11,22,332,1,0.0,297.41
6362,2023-09-09,16,24,11,1,0.0,195.36
6363,2023-04-12,5,13,477,1,0.0,191.56
6364,2023-09-22,6,14,337,3,0.1,134.43
6365,2023-10-27,9,17,213,1,0.0,115.98
6366,2023-06-15,14,11,105,2,0.0,22.08
6367,2023-06-17,12,5,50,1,0.0,33.68
6368,2023-10-23,10,3,278,1,0.1,76.07
6369,2024-12-09,3,21,40,2,0.0,310.28
6370,2023-06-09,4,24,437,1,0.0,195.36
6371,2023-01-04,8,22,34,1,0.0,297.41
6372,2023-10-04,6,14,59,2,0.0,99.58
6373,2024-04-07,11,9,63,1,0.0,14.86
6374,2024-05-27,18,22,239,1,0.0,297.41
6375,2024-06-07,4,1,247,1,0.0,122.39
6376,2024-11-15,3,15,183,1,0.0,62.21
6377,2023-04-05,12,1,91,1,0.0,122.39
6378,2024-02-02,7,10,280,1,0.1,128.48
6379,2023-09-14,1,3,467,2,0.0,169.04
6380,2024-09-27,3,15,33,1,0.0,62.21
6381,2023-06-16,5,20,176,1,0.0,176.04
6382,2023-06-14,17,22,418,1,0.0,297.41
6383,2024-12-07,16,9,474,1,0.0,14.86
6384,2024-10-08,12,17,16,2,0.15,197.17
6385,2023-12-15,14,3,54,1,0.0,84.52
6386,2024-06-08,13,8,109,1,0.0,176.75
6387,2023-06-21,7,14,318,2,0.15,84.64
6388,2024-10-14,16,10,397,2,0.0,285.5
6389,2024-08-23,3,6,500,2,0.0,264.2
6390,2023-08-21,16,14,286,1,0.0,49.79
6391,2024-04-13,13,16,165,1,0.1,89.21
6392,2024-10-19,12,22,102,1,0.0,297.41
6393,2023-02-12,2,6,232,2,0.0,264.2
6394,2023-07-12,1,18,293,1,0.0,216.73
6395,2023-12-22,12,11,333,1,0.0,11.04
6396,2023-12-13,1,24,497,1,0.0,195.36
6397,2023-11-19,3,21,69,2,0.0,310.28
6398,2023-04-09,20,8,267,1,0.0,176.75
6399,2024-07-28,4,9,304,2,0.0,29.72
6400,2023-05-20,16,4,254,1,0.0,220.67
6401,2024-07-20,18,21,372,1,0.0,155.14
6402,2023-12-26,2,12,403,3,0.0,229.5
6403,2024-10-15,11,20,126,1,0.0,176.04
6404,2023-11-16,14,1,151,1,0.0,122.39
6405,2023-02-09,4,13,29,1,0.0,191.56
6406,2023-11-04,5,6,357,4,0.0,528.4
6407,2023-09-22,13,25,79,1,0.0,144.03
6408,2023-10-15,11,3,436,1,0.15,71.84
6409,2024-02-26,3,21,500,2,0.0,310.28
6410,2024-06-27,12,7,39,1,0.1,135.66
6411,2024-05-25,10,25,379,1,0.0,144.03
6412,2023-11-04,1,3,146,2,0.0,169.04
6413,2023-12-03,5,23,477,1,0.0,202.43
6414,2024-06-21,20,7,307,1,0.0,150.73
6415,2023-04-13,12,14,59,1,0.0,49.79
6416,2023-04-08,9,12,394,1,0.15,65.02
6417,2023-12-04,6,2,296,1,0.0,14.78
6418,2023-08-06,19,17,410,1,0.0,115.98
6419,2023-03-22,8,3,26,1,0.0,84.52
6420,2023-10-11,10,8,431,1,0.0,176.75
6421,2024-07-17,18,5,468,1,0.0,33.68
6422,2023-03-23,18,3,479,1,0.15,71.84
6423,2024-08-14,18,13,153,1,0.1,172.4
6424,2024-07-19,10,7,52,1,0.0,150.73
6425,2024-02-18,2,4,160,1,0.0,220.67
6426,2024-03-06,3,6,337,2,0.0,264.2
6427,2023-12-02,5,11,36,1,0.0,11.04
6428,2023-04-07,19,20,3,2,0.1,316.87
6429,2023-04-20,16,6,22,4,0.0,528.4
6430,2024-04-25,12,24,208,1,0.0,195.36
6431,2024-07-08,4,9,136,1,0.0,14.86
6432,2023-06-12,19,16,482,2,0.0,198.24
6433,2024-07-28,8,8,42,1,0.0,176.75
6434,2023-12-21,19,17,359,1,0.0,115.98
6435,2023-04-17,1,19,241,2,0.0,265.9
6436,2023-08-12,5,15,87,2,0.15,105.76
6437,2024-11-29,14,24,3,1,0.15,166.06
6438,2024-11-28,9,3,296,1,0.0,84.52
6439,2023-07-12,16,3,281,1,0.0,84.52
6440,2023-09-01,2,3,221,1,0.0,84.52
6441,2023-08-05,20,13,342,1,0.15,162.83
6442,2024-02-02,7,4,423,2,0.0,441.34
6443,2024-06-24,10,3,177,1,0.0,84.52
6444,2023-05-20,13,10,499,2,0.0,285.5
6445,2024-08-27,14,1,467,1,0.0,122.39
6446,2024-08-15,10,8,138,2,0.1,318.15
6447,2023-09-13,20,15,439,4,0.0,248.84
6448,2023-05-08,14,9,131,1,0.0,14.86
6449,2024-10-25,20,13,255,1,0.0,191.56
6450,2023-01-02,4,6,208,1,0.0,132.1
6451,2024-08-27,7,5,383,1,0.0,33.68
6452,2023-09-17,5,15,296,1,0.0,62.21
6453,2023-07-08,19,18,62,1,0.2,173.38
6454,2024-11-23,2,13,119,1,0.0,191.56
6455,2023-09-13,2,11,375,2,0.0,22.08
6456,2023-03-15,13,2,69,2,0.0,29.56
6457,2023-08-12,9,18,492,1,0.15,184.22
6458,2023-04-26,19,15,2,1,0.0,62.21
6459,2024-10-29,7,21,368,2,0.0,310.28
6460,2023-04-24,1,7,212,1,0.0,150.73
6461,2023-04-20,11,5,106,1,0.0,33.68
6462,2024-04-02,5,10,76,1,0.1,128.48
6463,2024-10-25,4,2,445,1,0.0,14.78
6464,2024-01-13,11,16,211,1,0.0,99.12
6465,2024-01-23,17,6,349,1,0.0,132.1
6466,2023-10-09,15,17,340,3,0.0,347.94
6467,2023-07-26,5,5,106,1,0.0,33.68
6468,2024-02-03,12,8,97,1,0.0,176.75
6469,2024-11-12,8,5,251,1,0.0,33.68
6470,2024-05-15,9,11,224,1,0.0,11.04
6471,2023-02-20,9,9,2,1,0.0,14.86
6472,2024-03-19,15,14,82,1,0.0,49.79
6473,2023-03-04,2,12,384,1,0.1,68.85
6474,2024-04-14,17,23,149,2,0.0,404.86
6475,2023-07-28,14,6,57,2,0.0,264.2
6476,2023-10-22,5,3,146,1,0.1,76.07
6477,2023-10-14,6,17,219,1,0.0,115.98
6478,2023-01-15,16,6,403,1,0.0,132.1
6479,2024-06-26,3,2,301,1,0.0,14.78
6480,2024-04-10,12,22,156,1,0.0,297.41
6481,2024-10-21,8,21,231,1,0.0,155.14
6482,2023-07-25,9,4,430,1,0.15,187.57
6483,2024-05-03,13,19,139,1,0.0,132.95
6484,2023-06-14,16,9,113,1,0.0,14.86
6485,2024-03-24,5,3,9,2,0.0,169.04
6486,2023-08-29,16,19,197,1,0.0,132.95
6487,2023-08-13,18,2,261,2,0.0,29.56
6488,2024-10-19,5,7,57,1,0.0,150.73
6489,2023-10-02,12,25,268,1,0.0,144.03
6490,2023-09-18,4,16,140,1,0.0,99.12
6491,2024-11-05,10,14,383,1,0.0,49.79
6492,2024-02-18,1,19,33,1,0.0,132.95
6493,2024-08-03,4,11,124,1,0.0,11.04
6494,2023-10-17,9,9,415,1,0.15,12.63
6495,2023-09-08,18,8,439,1,0.0,176.75
6496,2024-09-20,19,14,410,1,0.0,49.79
6497,2024-06-26,6,5,322,1,0.0,33.68
6498,2024-05-23,17,6,2,2,0.0,264.2
6499,2023-06-02,1,6,168,1,0.0,132.1
6500,2024-12-07,14,3,291,2,0.0,169.04
6501,2023-12-07,6,22,56,2,0.0,594.82
6502,2023-11-10,14,5,129,1,0.0,33.68
6503,2024-12-13,19,22,103,2,0.0,594.82
6504,2024-10-05,13,16,343,1,0.0,99.12
6505,2024-09-08,19,10,289,2,0.0,285.5
6506,2024-01-01,4,2,195,1,0.0,14.78
6507,2024-04-28,20,18,101,2,0.2,346.77
6508,2023-09-08,11,2,24,1,0.0,14.78
6509,2023-12-25,8,18,273,1,0.0,216.73
6510,2023-12-08,14,21,491,2,0.0,310.28
6511,2024-07-29,1,18,354,1,0.0,216.73
6512,2023-03-20,4,14,290,1,0.0,49.79
6513,2023-05-21,8,14,211,1,0.0,49.79
6514,2023-02-14,7,1,240,1,0.0,122.39
6515,2024-02-27,18,7,379,1,0.0,150.73
6516,2023-03-16,4,3,349,1,0.15,71.84
6517,2024-07-15,15,7,368,2,0.0,301.46
6518,2023-05-19,8,5,378,1,0.0,33.68
6519,2023-08-08,7,6,190,4,0.0,528.4
6520,2023-04-10,2,16,132,1,0.0,99.12
6521,2023-01-12,19,12,210,1,0.0,76.5
6522,2023-05-04,9,11,330,2,0.2,17.66
6523,2024-08-25,15,21,458,1,0.15,131.87
6524,2023-08-03,3,16,175,3,0.0,297.36
6525,2023-08-31,20,19,61,1,0.0,132.95
6526,2023-04-06,9,9,406,1,0.15,12.63
6527,2024-09-04,18,23,383,1,0.0,202.43
6528,2024-10-06,8,22,23,2,0.0,594.82
6529,2024-05-02,9,2,278,1,0.0,14.78
6530,2023-06-21,1,11,475,1,0.0,11.04
6531,2024-05-16,7,13,408,1,0.0,191.56
6532,2024-02-26,11,16,52,2,0.0,198.24
6533,2023-04-01,17,21,299,3,0.0,465.42
6534,2023-08-23,19,24,143,2,0.0,390.72
6535,2023-01-01,14,4,357,1,0.0,220.67
6536,2023-12-24,15,9,285,3,0.0,44.58
6537,2024-12-24,4,21,322,3,0.0,465.42
6538,2024-08-08,1,7,342,1,0.0,150.73
6539,2023-10-09,7,8,89,2,0.0,353.5
6540,2023-06-10,8,6,378,1,0.0,132.1
6541,2023-02-16,6,13,101,1,0.0,191.56
6542,2023-08-03,7,15,68,1,0.0,62.21
6543,2023-10-30,15,24,32,1,0.0,195.36
6544,2024-11-08,20,19,69,3,0.0,398.85
6545,2023-02-02,4,14,372,1,0.0,49.79
6546,2023-07-29,12,5,322,1,0.0,33.68
6547,2023-11-03,14,12,79,1,0.0,76.5
6548,2024-12-06,16,3,194,1,0.0,84.52
6549,2023-01-08,6,12,192,2,0.0,153.0
6550,2023-02-05,18,13,90,1,0.15,162.83
6551,2024-12-01,14,6,56,1,0.0,132.1
6552,2023-03-28,6,17,109,1,0.1,104.38
6553,2023-03-16,5,2,213,2,0.0,29.56
6554,2023-04-22,14,1,118,1,0.0,122.39
6555,2024-12-17,9,3,366,1,0.0,84.52
6556,2024-06-16,18,17,453,2,0.0,231.96
6557,2024-11-24,19,10,461,1,0.0,142.75
6558,2024-08-22,11,24,454,1,0.0,195.36
6559,2024-04-08,6,13,425,1,0.0,191.56
6560,2024-08-31,18,17,339,1,0.0,115.98
6561,2024-08-03,7,21,489,2,0.0,310.28
6562,2024-04-04,14,9,89,2,0.0,29.72
6563,2024-09-17,15,17,143,1,0.0,115.98
6564,2023-11-07,1,23,101,1,0.1,182.19
6565,2024-02-20,10,17,193,2,0.0,231.96
6566,2024-07-02,15,6,475,1,0.0,132.1
6567,2023-04-04,19,2,60,1,0.0,14.78
6568,2024-12-02,8,13,378,1,0.0,191.56
6569,2024-12-18,4,8,287,2,0.0,353.5
6570,2024-05-05,13,2,466,1,0.0,14.78
6571,2024-10-27,19,6,365,3,0.15,336.85
6572,2023-05-19,2,20,266,1,0.0,176.04
6573,2023-07-04,18,23,449,1,0.1,182.19
6574,2023-08-26,5,4,124,2,0.2,353.07
6575,2023-02-21,17,8,440,1,0.0,176.75
6576,2024-09-13,18,21,453,1,0.1,139.63
6577,2023-03-17,8,25,276,1,0.0,144.03
6578,2024-07-19,3,2,174,2,0.0,29.56
6579,2024-06-21,18,11,48,1,0.0,11.04
6580,2023-09-23,9,3,171,1,0.0,84.52
6581,2024-07-16,5,8,424,1,0.0,176.75
6582,2023-07-02,2,5,219,4,0.0,134.72
6583,2024-05-17,7,16,72,1,0.0,99.12
6584,2023-08-14,3,21,266,1,0.0,155.14
6585,2023-06-01,20,12,227,1,0.0,76.5
6586,2023-03-15,14,14,370,1,0.0,49.79
6587,2024-10-11,18,21,42,1,0.0,155.14
6588,2023-11-26,9,5,434,1,0.1,30.31
6589,2023-12-25,1,5,400,1,0.0,33.68
6590,2023-01-28,1,25,442,3,0.1,388.88
6591,2023-02-01,3,22,166,1,0.0,297.41
6592,2023-06-18,19,3,42,1,0.0,84.52
6593,2023-03-26,7,5,247,1,0.0,33.68
6594,2023-04-11,15,1,402,1,0.0,122.39
6595,2024-07-05,12,18,30,2,0.0,433.46
6596,2024-10-07,20,24,14,1,0.0,195.36
6597,2023-06-03,12,5,161,2,0.0,67.36
6598,2024-01-24,4,18,407,1,0.0,216.73
6599,2024-05-31,10,17,386,1,0.0,115.98
6600,2023-10-27,9,18,82,1,0.1,195.06
6601,2023-03-29,18,8,417,1,0.0,176.75
6602,2023-06-01,20,16,343,1,0.1,89.21
6603,2024-08-13,18,15,245,2,0.0,124.42
6604,2023-10-22,16,9,268,1,0.0,14.86
6605,2023-03-20,5,20,90,1,0.0,176.04
6606,2023-10-23,17,8,319,2,0.0,353.5
6607,2023-02-13,11,20,195,2,0.0,352.08
6608,2024-04-25,2,19,260,1,0.0,132.95
6609,2024-03-21,15,2,14,2,0.0,29.56
6610,2023-02-15,20,2,26,1,0.0,14.78
6611,2023-01-03,9,6,454,1,0.0,132.1
6612,2023-09-09,13,16,177,1,0.2,79.3
6613,2024-10-13,11,2,46,1,0.0,14.78
6614,2024-01-06,17,19,141,3,0.0,398.85
6615,2024-06-26,5,13,208,2,0.0,383.12
6616,2024-01-22,19,25,63,1,0.1,129.63
6617,2023-08-30,14,15,77,2,0.0,124.42
6618,2023-10-03,17,20,117,1,0.0,176.04
6619,2023-11-02,12,5,159,1,0.0,33.68
6620,2023-06-24,19,6,193,1,0.0,132.1
6621,2023-02-12,18,21,366,1,0.0,155.14
6622,2023-02-10,16,18,28,1,0.0,216.73
6623,2024-02-21,7,24,124,1,0.0,195.36
6624,2024-02-25,20,13,439,1,0.0,191.56
6625,2024-09-20,18,17,236,2,0.15,197.17
6626,2024-09-24,12,2,403,2,0.0,29.56
6627,2023-01-18,20,12,399,1,0.0,76.5
6628,2024-10-13,17,10,95,1,0.15,121.34
6629,2023-05-09,3,20,32,1,0.0,176.04
6630,2023-10-02,2,4,476,2,0.0,441.34
6631,2023-05-06,13,18,130,2,0.0,433.46
6632,2024-06-25,4,12,456,1,0.0,76.5
6633,2024-07-23,17,18,379,1,0.0,216.73
6634,2023-01-06,9,24,321,2,0.0,390.72
6635,2023-09-22,6,23,281,1,0.0,202.43
6636,2024-04-30,16,20,451,1,0.0,176.04
6637,2023-09-12,17,13,100,1,0.1,172.4
6638,2024-01-23,7,24,271,1,0.0,195.36
6639,2024-10-25,3,11,205,2,0.15,18.77
6640,2023-10-02,8,13,80,1,0.0,191.56
6641,2024-11-23,13,10,317,1,0.15,121.34
6642,2024-11-06,17,12,293,2,0.15,130.05
6643,2024-10-22,10,13,209,1,0.0,191.56
6644,2023-11-08,14,3,388,1,0.1,76.07
6645,2023-05-14,12,13,370,3,0.0,574.68
6646,2024-06-25,14,18,110,1,0.0,216.73
6647,2023-04-17,10,23,492,1,0.0,202.43
6648,2023-09-15,3,1,237,1,0.0,122.39
6649,2023-02-11,13,11,150,2,0.0,22.08
6650,2024-10-08,13,11,81,1,0.2,8.83
6651,2023-12-30,12,10,388,1,0.0,142.75
6652,2023-10-25,2,10,96,1,0.0,142.75
6653,2024-02-17,8,10,370,1,0.0,142.75
6654,2024-11-18,6,3,151,1,0.0,84.52
6655,2023-07-16,1,23,343,1,0.0,202.43
6656,2023-03-28,16,8,194,4,0.0,707.0
6657,2023-11-12,9,23,442,1,0.0,202.43
6658,2023-10-25,17,12,295,2,0.0,153.0
6659,2024-06-27,17,23,470,2,0.0,404.86
6660,2023-01-24,8,4,375,2,0.0,441.34
6661,2023-04-22,12,15,124,4,0.2,199.07
6662,2024-07-23,17,21,266,2,0.0,310.28
6663,2023-07-02,9,7,170,1,0.0,150.73
6664,2023-05-18,15,19,313,1,0.0,132.95
6665,2024-12-23,11,8,20,1,0.0,176.75
6666,2023-10-24,2,10,437,1,0.2,114.2
6667,2023-10-26,8,18,105,2,0.0,433.46
6668,2023-08-10,7,1,497,1,0.0,122.39
6669,2023-12-17,9,18,301,1,0.0,216.73
6670,2023-11-19,4,23,203,2,0.1,364.37
6671,2023-08-16,5,10,413,1,0.0,142.75
6672,2023-04-15,3,14,49,1,0.0,49.79
6673,2024-12-29,17,21,239,2,0.15,263.74
6674,2023-05-07,18,18,25,1,0.1,195.06
6675,2024-09-13,7,11,124,1,0.0,11.04
6676,2024-08-30,3,14,324,1,0.0,49.79
6677,2024-11-07,5,3,208,2,0.0,169.04
6678,2024-10-21,11,17,116,1,0.0,115.98
6679,2023-02-10,14,7,438,1,0.0,150.73
6680,2023-02-05,3,22,490,1,0.0,297.41
6681,2023-03-27,20,17,390,1,0.0,115.98
6682,2024-06-01,16,3,389,1,0.0,84.52
6683,2023-12-02,4,20,237,1,0.0,176.04
6684,2024-05-27,14,1,399,1,0.0,122.39
6685,2024-07-19,17,20,457,1,0.0,176.04
6686,2023-01-09,1,4,467,1,0.0,220.67
6687,2023-07-09,7,3,421,1,0.1,76.07
6688,2023-01-28,1,18,301,1,0.0,216.73
6689,2023-04-20,11,25,399,1,0.0,144.03
6690,2024-02-29,4,23,282,1,0.1,182.19
6691,2023-05-11,20,13,269,1,0.1,172.4
6692,2023-01-14,8,7,353,2,0.0,301.46
6693,2024-01-22,11,1,242,1,0.1,110.15
6694,2024-10-14,16,5,136,1,0.0,33.68
6695,2023-10-18,20,1,62,1,0.15,104.03
6696,2024-03-01,1,20,452,2,0.0,352.08
6697,2024-09-27,7,16,201,2,0.0,198.24
6698,2024-01-12,20,23,406,1,0.0,202.43
6699,2023-12-02,3,14,160,2,0.0,99.58
6700,2024-09-10,3,11,414,1,0.0,11.04
6701,2023-05-07,17,13,328,1,0.2,153.25
6702,2024-08-11,10,11,56,2,0.0,22.08
6703,2024-07-06,10,20,116,1,0.1,158.44
6704,2023-08-25,13,11,272,1,0.0,11.04
6705,2024-05-03,11,1,430,2,0.1,220.3
6706,2023-01-28,19,3,72,1,0.0,84.52
6707,2024-02-22,7,19,88,1,0.15,113.01
6708,2023-06-11,7,19,311,2,0.0,265.9
6709,2024-09-08,17,12,76,1,0.0,76.5
6710,2023-03-17,8,8,232,3,0.0,530.25
6711,2023-10-09,11,18,173,1,0.0,216.73
6712,2024-03-04,3,9,48,1,0.0,14.86
6713,2023-09-19,2,6,357,3,0.1,356.67
6714,2023-10-29,5,16,267,2,0.1,178.42
6715,2024-07-02,14,18,482,1,0.2,173.38
6716,2023-02-13,12,24,323,1,0.0,195.36
6717,2023-01-22,11,3,122,1,0.0,84.52
6718,2024-05-19,13,24,220,2,0.2,312.58
6719,2024-03-21,2,22,266,2,0.0,594.82
6720,2024-12-24,5,13,219,1,0.0,191.56
6721,2023-01-19,2,6,484,1,0.0,132.1
6722,2023-07-17,2,7,267,1,0.0,150.73
6723,2023-07-28,12,19,200,1,0.0,132.95
6724,2024-02-12,20,24,46,1,0.0,195.36
6725,2023-01-28,13,14,79,1,0.1,44.81
6726,2024-12-02,11,8,482,2,0.0,353.5
6727,2023-08-06,4,25,488,1,0.0,144.03
6728,2023-06-29,7,11,131,2,0.0,22.08
6729,2023-12-27,14,13,261,1,0.15,162.83
6730,2024-07-17,6,18,224,1,0.15,184.22
6731,2024-08-08,4,15,249,1,0.0,62.21
6732,2024-10-03,16,8,218,1,0.0,176.75
6733,2024-07-28,5,4,319,1,0.0,220.67
6734,2023-08-04,17,1,426,1,0.0,122.39
6735,2023-09-28,10,25,384,1,0.0,144.03
6736,2023-02-11,4,25,124,1,0.0,144.03
6737,2023-11-08,1,14,407,1,0.0,49.79
6738,2024-06-24,15,12,400,1,0.0,76.5
6739,2023-07-18,11,10,153,2,0.0,285.5
6740,2023-09-01,16,23,442,2,0.0,404.86
6741,2024-11-14,17,18,70,2,0.0,433.46
6742,2024-02-22,2,19,109,1,0.0,132.95
6743,2023-08-28,12,15,315,1,0.0,62.21
6744,2023-05-08,2,19,53,1,0.0,132.95
6745,2024-11-23,1,13,311,1,0.15,162.83
6746,2023-02-18,17,25,189,1,0.2,115.22
6747,2024-08-01,19,10,363,1,0.1,128.48
6748,2023-03-08,10,19,147,1,0.0,132.95
6749,2024-08-10,6,25,479,1,0.0,144.03
6750,2023-01-17,15,5,131,1,0.0,33.68
6751,2024-08-19,6,13,207,1,0.0,191.56
6752,2024-09-04,19,9,320,1,0.15,12.63
6753,2024-10-02,14,19,393,2,0.2,212.72
6754,2024-10-01,19,15,414,1,0.0,62.21
6755,2024-01-20,10,16,426,1,0.2,79.3
6756,2024-07-19,20,4,389,1,0.0,220.67
6757,2024-09-06,15,16,46,3,0.0,297.36
6758,2024-06-18,10,1,75,1,0.0,122.39
6759,2024-07-02,12,13,297,1,0.0,191.56
6760,2024-01-29,19,25,128,1,0.0,144.03
6761,2023-05-31,11,7,290,1,0.0,150.73
6762,2023-04-16,10,4,11,1,0.0,220.67
6763,2024-05-27,10,17,292,1,0.0,115.98
6764,2024-09-25,7,17,489,3,0.0,347.94
6765,2023-06-29,7,20,56,1,0.0,176.04
6766,2023-07-09,8,6,151,1,0.0,132.1
6767,2023-05-25,14,14,207,1,0.0,49.79
6768,2024-07-31,18,22,492,1,0.0,297.41
6769,2023-02-26,14,10,319,1,0.0,142.75
6770,2024-12-18,16,22,80,1,0.0,297.41
6771,2024-02-12,4,21,235,1,0.0,155.14
6772,2024-03-03,1,21,329,1,0.2,124.11
6773,2024-03-28,6,7,384,1,0.0,150.73
6774,2023-08-10,10,3,288,1,0.1,76.07
6775,2023-08-22,17,17,311,1,0.0,115.98
6776,2023-08-14,11,2,344,1,0.0,14.78
6777,2024-11-09,12,13,333,1,0.0,191.56
6778,2023-09-07,17,22,71,1,0.0,297.41
6779,2024-11-04,1,20,429,1,0.1,158.44
6780,2023-10-19,1,2,460,3,0.2,35.47
6781,2023-12-19,4,12,73,1,0.0,76.5
6782,2024-12-12,14,16,175,1,0.0,99.12
6783,2023-01-31,18,16,412,1,0.0,99.12
6784,2023-05-31,13,2,303,1,0.0,14.78
6785,2024-01-03,18,19,347,1,0.0,132.95
6786,2023-05-31,14,2,339,1,0.0,14.78
6787,2023-09-30,3,3,402,2,0.0,169.04
6788,2024-07-17,13,9,294,1,0.0,14.86
6789,2024-01-23,12,19,209,1,0.0,132.95
6790,2024-10-07,3,19,473,2,0.0,265.9
6791,2023-08-10,1,4,288,1,0.0,220.67
6792,2024-05-08,14,10,51,1,0.1,128.48
6793,2024-11-19,5,3,393,2,0.0,169.04
6794,2023-07-14,17,2,161,3,0.0,44.34
6795,2024-08-08,11,3,473,1,0.1,76.07
6796,2023-05-04,9,5,432,3,0.1,90.94
6797,2023-07-16,9,3,205,1,0.0,84.52
6798,2024-07-08,5,21,124,1,0.0,155.14
6799,2024-08-24,10,25,436,1,0.0,144.03
6800,2024-06-05,9,25,321,2,0.0,288.06
6801,2023-02-11,1,18,427,2,0.0,433.46
6802,2023-06-18,16,17,386,1,0.0,115.98
6803,2023-08-18,1,6,4,1,0.0,132.1
6804,2024-11-14,14,17,308,1,0.0,115.98
6805,2024-02-05,13,23,33,2,0.1,364.37
6806,2023-02-26,4,13,427,1,0.0,191.56
6807,2024-02-01,17,14,104,3,0.15,126.96
6808,2023-03-18,3,17,343,1,0.0,115.98
6809,2023-07-17,20,21,172,3,0.1,418.88
6810,2023-01-27,2,14,485,1,0.0,49.79
6811,2023-03-09,13,3,271,4,0.15,287.37
6812,2023-02-27,20,3,332,1,0.1,76.07
6813,2023-10-13,3,14,151,4,0.0,199.16
6814,2024-10-06,20,17,38,1,0.0,115.98
6815,2023-11-14,6,3,442,2,0.0,169.04
6816,2024-10-06,17,16,101,1,0.0,99.12
6817,2024-08-19,15,22,329,2,0.0,594.82
6818,2024-02-26,5,19,26,1,0.0,132.95
6819,2024-01-13,8,8,327,1,0.0,176.75
6820,2023-10-14,9,25,9,1,0.0,144.03
6821,2024-05-22,15,2,227,1,0.0,14.78
6822,2024-09-05,10,8,201,1,0.0,176.75
6823,2023-06-16,2,10,366,2,0.0,285.5
6824,2024-04-04,5,10,372,1,0.0,142.75
6825,2024-02-17,14,17,344,1,0.0,115.98
6826,2023-05-14,20,3,71,1,0.1,76.07
6827,2023-12-26,3,5,382,1,0.0,33.68
6828,2024-05-18,16,22,473,1,0.0,297.41
6829,2024-01-29,2,5,83,3,0.0,101.04
6830,2024-08-01,20,7,35,3,0.0,452.19
6831,2023-09-27,1,7,204,1,0.0,150.73
6832,2024-06-20,18,22,135,2,0.0,594.82
6833,2023-03-10,7,3,102,1,0.0,84.52
6834,2023-07-27,15,9,119,1,0.0,14.86
6835,2023-04-02,5,2,489,2,0.0,29.56
6836,2023-11-06,7,19,177,1,0.0,132.95
6837,2024-02-15,4,12,240,1,0.0,76.5
6838,2024-07-11,3,7,238,1,0.0,150.73
6839,2023-01-11,7,1,435,2,0.0,244.78
6840,2023-06-18,4,25,41,1,0.0,144.03
6841,2024-09-09,6,8,1,1,0.0,176.75
6842,2024-01-24,4,16,113,3,0.1,267.62
6843,2024-03-08,8,12,423,1,0.0,76.5
6844,2024-06-09,11,23,68,1,0.1,182.19
6845,2024-04-23,16,19,280,1,0.0,132.95
6846,2024-08-10,12,13,193,2,0.0,383.12
6847,2023-05-05,7,25,112,2,0.0,288.06
6848,2024-04-03,3,15,457,1,0.0,62.21
6849,2024-11-14,10,21,136,1,0.0,155.14
6850,2024-08-29,2,4,372,1,0.0,220.67
6851,2023-06-22,19,4,166,2,0.0,441.34
6852,2023-02-18,5,5,443,1,0.0,33.68
6853,2024-02-10,10,16,262,2,0.0,198.24
6854,2023-02-14,4,22,221,1,0.2,237.93
6855,2023-10-10,10,19,28,1,0.0,132.95
6856,2023-08-31,15,9,105,2,0.0,29.72
6857,2024-11-04,13,20,241,1,0.1,158.44
6858,2024-07-01,4,4,475,1,0.1,198.6
6859,2023-05-26,15,7,380,2,0.0,301.46
6860,2024-05-26,17,1,88,1,0.0,122.39
6861,2023-07-11,3,10,8,1,0.0,142.75
6862,2023-06-15,3,20,450,1,0.0,176.04
6863,2024-05-18,19,18,275,1,0.0,216.73
6864,2023-07-06,4,22,322,1,0.0,297.41
6865,2023-07-18,9,14,266,1,0.1,44.81
6866,2024-03-05,6,7,294,2,0.15,256.24
6867,2024-07-13,11,17,377,1,0.0,115.98
6868,2024-05-18,20,15,225,2,0.0,124.42
6869,2023-08-28,14,16,444,2,0.0,198.24
6870,2023-08-26,18,8,125,1,0.0,176.75
6871,2023-04-28,17,20,91,2,0.0,352.08
6872,2024-07-10,11,10,210,1,0.1,128.48
6873,2023-01-30,11,6,118,1,0.0,132.1
6874,2024-08-09,15,7,492,1,0.0,150.73
6875,2023-01-24,16,17,403,1,0.0,115.98
6876,2024-12-20,14,12,207,1,0.0,76.5
6877,2024-11-28,4,1,233,1,0.15,104.03
6878,2024-05-04,2,1,207,2,0.2,195.82
6879,2024-05-23,8,25,461,2,0.0,288.06
6880,2024-02-19,17,18,400,2,0.0,433.46
6881,2023-05-31,1,4,187,1,0.0,220.67
6882,2023-01-03,13,12,277,3,0.0,229.5
6883,2023-05-28,3,10,338,1,0.0,142.75
6884,2023-06-25,6,16,115,1,0.0,99.12
6885,2024-10-06,12,2,168,1,0.2,11.82
6886,2024-11-13,12,4,8,1,0.0,220.67
6887,2023-12-10,15,7,480,1,0.0,150.73
6888,2023-04-18,9,25,208,1,0.0,144.03
6889,2024-08-06,5,14,376,1,0.0,49.79
6890,2023-03-16,17,13,334,1,0.0,191.56
6891,2023-06-28,3,9,293,1,0.0,14.86
6892,2023-05-23,11,3,291,1,0.15,71.84
6893,2024-02-12,15,6,387,1,0.0,132.1
6894,2024-08-31,2,12,286,1,0.1,68.85
6895,2024-08-27,18,14,396,1,0.0,49.79
6896,2024-11-14,20,6,312,2,0.0,264.2
6897,2024-07-08,10,5,402,1,0.0,33.68
6898,2024-07-13,1,16,488,1,0.1,89.21
6899,2023-06-12,5,1,457,1,0.15,104.03
6900,2023-02-08,11,22,409,1,0.0,297.41
6901,2023-02-04,20,6,355,1,0.15,112.28
6902,2023-08-24,18,22,222,2,0.0,594.82
6903,2024-09-04,9,20,260,1,0.0,176.04
6904,2023-10-26,5,3,153,1,0.0,84.52
6905,2024-09-12,11,20,434,1,0.0,176.04
6906,2024-09-16,17,24,284,1,0.0,195.36
6907,2024-10-06,3,17,332,1,0.0,115.98
6908,2023-03-28,10,3,178,1,0.0,84.52
6909,2024-04-07,18,7,260,2,0.0,301.46
6910,2024-04-13,2,3,356,1,0.0,84.52
6911,2024-11-01,12,4,473,1,0.0,220.67
6912,2023-07-03,8,13,459,1,0.0,191.56
6913,2024-07-11,13,16,230,1,0.0,99.12
6914,2024-02-04,16,12,101,1,0.0,76.5
6915,2024-07-06,6,24,14,1,0.0,195.36
6916,2024-09-22,15,12,141,1,0.0,76.5
6917,2024-01-25,3,9,494,1,0.0,14.86
6918,2024-09-20,3,10,369,1,0.0,142.75
6919,2024-10-04,15,16,254,2,0.0,198.24
6920,2024-09-17,18,12,253,1,0.1,68.85
6921,2024-01-29,18,8,77,1,0.0,176.75
6922,2024-09-30,19,9,469,1,0.0,14.86
6923,2024-03-22,17,15,255,1,0.0,62.21
6924,2023-06-07,5,22,164,2,0.0,594.82
6925,2024-06-12,19,15,101,1,0.0,62.21
6926,2024-05-20,2,15,405,2,0.1,111.98
6927,2024-10-20,18,11,163,1,0.15,9.38
6928,2024-11-28,13,4,330,1,0.0,220.67
6929,2023-07-10,8,18,189,1,0.0,216.73
6930,2023-02-23,9,6,453,1,0.0,132.1
6931,2023-01-31,12,15,387,1,0.1,55.99
6932,2024-02-04,13,9,373,2,0.0,29.72
6933,2024-09-26,11,14,352,1,0.1,44.81
6934,2024-04-12,19,9,20,2,0.0,29.72
6935,2023-02-01,4,25,86,1,0.2,115.22
6936,2023-10-14,18,25,91,1,0.0,144.03
6937,2023-12-17,9,17,129,1,0.0,115.98
6938,2023-07-06,17,20,202,1,0.0,176.04
6939,2024-04-16,19,21,202,1,0.1,139.63
6940,2023-07-20,5,5,181,1,0.0,33.68
6941,2024-09-18,10,23,96,1,0.0,202.43
6942,2024-10-15,8,6,325,2,0.1,237.78
6943,2023-05-17,18,23,379,2,0.0,404.86
6944,2024-08-12,9,2,405,1,0.0,14.78
6945,2024-02-05,8,20,444,2,0.0,352.08
6946,2023-07-19,18,3,492,2,0.0,169.04
6947,2024-08-09,4,4,175,2,0.0,441.34
6948,2024-02-19,6,3,134,1,0.0,84.52
6949,2023-03-23,11,19,96,1,0.0,132.95
6950,2024-06-29,11,14,370,1,0.0,49.79
6951,2024-05-09,6,10,468,1,0.0,142.75
6952,2023-12-19,6,13,207,1,0.0,191.56
6953,2024-08-26,8,1,445,2,0.0,244.78
6954,2024-12-17,20,25,401,1,0.0,144.03
6955,2024-12-08,17,1,55,1,0.0,122.39
6956,2024-07-27,13,4,190,1,0.1,198.6
6957,2024-01-10,1,11,488,2,0.0,22.08
6958,2024-10-23,16,6,266,2,0.0,264.2
6959,2023-09-27,13,20,487,1,0.1,158.44
6960,2024-07-26,11,10,9,1,0.0,142.75
6961,2024-09-16,11,23,388,2,0.0,404.86
6962,2024-05-14,10,25,423,1,0.0,144.03
6963,2023-09-25,8,23,4,1,0.0,202.43
6964,2023-07-18,10,24,322,1,0.0,195.36
6965,2024-09-30,4,23,450,1,0.0,202.43
6966,2024-11-22,19,24,39,1,0.1,175.82
6967,2023-04-26,16,14,307,1,0.2,39.83
6968,2024-05-10,6,16,25,1,0.0,99.12
6969,2023-07-23,17,21,427,2,0.0,310.28
6970,2024-12-08,9,5,407,1,0.0,33.68
6971,2023-02-08,3,10,430,1,0.0,142.75
6972,2024-01-08,7,23,202,1,0.0,202.43
6973,2023-11-10,15,19,56,3,0.0,398.85
6974,2023-12-01,7,16,55,1,0.2,79.3
6975,2023-08-10,6,2,188,1,0.0,14.78
6976,2024-09-26,7,23,419,1,0.1,182.19
6977,2024-03-05,16,18,373,1,0.2,173.38
6978,2024-06-21,4,11,122,2,0.2,17.66
6979,2024-03-12,15,8,436,1,0.0,176.75
6980,2023-11-20,9,10,488,1,0.0,142.75
6981,2023-06-03,4,22,146,1,0.0,297.41
6982,2023-03-31,2,16,398,1,0.0,99.12
6983,2023-12-13,20,1,271,2,0.0,244.78
6984,2023-05-05,19,4,269,2,0.0,441.34
6985,2024-04-29,18,22,31,1,0.0,297.41
6986,2024-09-11,5,2,388,2,0.0,29.56
6987,2024-05-04,1,9,140,1,0.15,12.63
6988,2024-01-05,5,7,121,1,0.1,135.66
6989,2024-06-10,17,5,286,1,0.0,33.68
6990,2023-12-23,5,15,479,1,0.0,62.21
6991,2023-12-05,14,18,214,1,0.1,195.06
6992,2023-03-01,11,7,443,1,0.0,150.73
6993,2024-08-20,17,3,213,2,0.0,169.04
6994,2024-04-05,18,18,227,1,0.0,216.73
6995,2023-10-14,10,1,442,1,0.0,122.39
6996,2023-06-21,5,21,253,1,0.0,155.14
6997,2024-12-11,9,25,278,1,0.0,144.03
6998,2024-10-09,11,15,376,1,0.0,62.21
6999,2024-08-25,14,3,494,1,0.0,84.52
7000,2024-01-08,11,18,404,1,0.15,184.22
7001,2024-12-30,10,1,92,1,0.0,122.39
7002,2024-05-29,5,5,156,2,0.15,57.26
7003,2024-09-21,4,20,496,1,0.0,176.04
7004,2023-03-26,14,20,171,1,0.15,149.63
7005,2023-01-27,5,21,478,2,0.0,310.28
7006,2023-01-07,2,22,22,2,0.0,594.82
7007,2023-06-09,10,16,191,1,0.2,79.3
7008,2024-10-16,8,1,301,1,0.0,122.39
7009,2024-10-24,8,7,38,1,0.0,150.73
7010,2023-08-31,5,10,330,1,0.0,142.75
7011,2023-04-29,11,5,445,1,0.0,33.68
7012,2023-11-01,11,3,175,2,0.0,169.04
7013,2024-05-07,2,12,268,1,0.0,76.5
7014,2023-07-28,14,6,285,1,0.0,132.1
7015,2023-07-06,4,2,146,1,0.0,14.78
7016,2023-11-17,17,24,316,1,0.0,195.36
7017,2024-01-28,13,22,301,1,0.0,297.41
7018,2024-09-26,16,3,74,1,0.0,84.52
7019,2024-05-26,8,21,217,1,0.0,155.14
7020,2024-04-04,15,11,369,1,0.0,11.04
7021,2023-10-27,14,16,77,2,0.0,198.24
7022,2023-01-07,5,5,188,2,0.0,67.36
7023,2024-06-11,6,3,471,1,0.0,84.52
7024,2024-01-13,10,2,108,1,0.0,14.78
7025,2023-03-13,17,24,112,1,0.0,195.36
7026,2023-06-27,18,6,414,2,0.0,264.2
7027,2023-04-19,5,22,98,1,0.0,297.41
7028,2023-03-06,5,22,103,1,0.0,297.41
7029,2024-09-13,5,10,450,1,0.0,142.75
7030,2024-10-22,1,4,321,1,0.0,220.67
7031,2023-11-09,2,10,194,2,0.0,285.5
7032,2023-01-09,3,4,267,1,0.15,187.57
7033,2023-09-08,14,11,135,1,0.0,11.04
7034,2024-05-16,6,13,105,1,0.0,191.56
7035,2024-07-20,15,15,177,1,0.0,62.21
7036,2023-01-25,18,1,85,1,0.0,122.39
7037,2024-04-27,13,12,266,1,0.0,76.5
7038,2024-12-15,6,14,403,1,0.0,49.79
7039,2023-07-05,12,17,246,1,0.0,115.98
7040,2024-04-20,11,10,134,2,0.2,228.4
7041,2024-01-07,18,19,322,1,0.2,106.36
7042,2023-09-30,16,4,70,1,0.1,198.6
7043,2024-01-24,5,9,442,3,0.0,44.58
7044,2024-08-07,2,7,167,2,0.0,301.46
7045,2023-05-26,20,1,47,1,0.2,97.91
7046,2024-06-07,15,4,196,1,0.15,187.57
7047,2024-11-04,4,13,201,1,0.15,162.83
7048,2023-02-24,18,3,445,1,0.0,84.52
7049,2023-07-06,15,9,492,1,0.1,13.37
7050,2023-05-04,16,24,90,1,0.15,166.06
7051,2023-03-06,15,22,352,1,0.0,297.41
7052,2023-08-09,7,9,227,1,0.0,14.86
7053,2023-08-11,19,20,336,1,0.1,158.44
7054,2024-08-19,6,21,490,2,0.0,310.28
7055,2023-01-30,11,6,94,1,0.0,132.1
7056,2023-06-26,5,18,296,1,0.0,216.73
7057,2024-08-03,20,10,110,1,0.0,142.75
7058,2024-02-26,6,3,490,1,0.0,84.52
7059,2023-04-14,14,12,410,2,0.0,153.0
7060,2023-12-01,19,1,39,2,0.0,244.78
7061,2024-10-17,10,15,121,2,0.2,99.54
7062,2024-07-20,18,7,74,1,0.0,150.73
7063,2023-08-31,6,13,167,2,0.15,325.65
7064,2024-10-30,12,19,360,1,0.0,132.95
7065,2023-09-08,19,17,439,3,0.2,278.35
7066,2024-07-07,7,10,164,1,0.0,142.75
7067,2024-07-23,10,24,137,3,0.0,586.08
7068,2024-03-03,4,8,251,1,0.0,176.75
7069,2024-10-22,15,12,378,1,0.0,76.5
7070,2024-05-19,8,25,83,1,0.0,144.03
7071,2024-02-07,10,17,127,1,0.1,104.38
7072,2023-01-21,19,7,171,1,0.0,150.73
7073,2023-09-25,9,22,296,1,0.0,297.41
7074,2024-05-25,20,15,367,2,0.0,124.42
7075,2023-04-30,6,8,458,2,0.0,353.5
7076,2024-04-02,20,6,423,1,0.0,132.1
7077,2024-08-19,15,14,2,1,0.0,49.79
7078,2023-07-11,19,6,90,1,0.0,132.1
7079,2024-03-26,3,15,83,1,0.2,49.77
7080,2023-02-26,11,13,127,2,0.2,306.5
7081,2024-11-13,15,6,389,1,0.0,132.1
7082,2024-06-23,16,20,369,1,0.2,140.83
7083,2023-04-26,7,13,252,1,0.0,191.56
7084,2024-12-25,11,1,71,1,0.0,122.39
7085,2024-08-16,18,13,485,1,0.0,191.56
7086,2024-06-15,8,14,67,4,0.0,199.16
7087,2023-06-02,1,3,416,1,0.0,84.52
7088,2024-11-22,4,22,69,2,0.0,594.82
7089,2024-01-09,13,14,374,1,0.0,49.79
7090,2023-02-25,18,17,97,1,0.1,104.38
7091,2023-06-27,2,6,453,1,0.0,132.1
7092,2023-02-15,9,18,390,1,0.0,216.73
7093,2024-07-21,16,11,311,1,0.0,11.04
7094,2024-12-03,17,11,258,1,0.0,11.04
7095,2024-06-02,19,6,225,1,0.1,118.89
7096,2023-12-24,12,17,342,1,0.0,115.98
7097,2024-06-10,12,16,95,1,0.0,99.12
7098,2023-08-31,18,15,202,1,0.0,62.21
7099,2023-03-04,2,16,104,2,0.0,198.24
7100,2023-01-18,9,7,155,2,0.0,301.46
7101,2023-08-30,13,24,331,2,0.0,390.72
7102,2023-03-25,19,6,438,1,0.0,132.1
7103,2024-08-10,11,7,57,1,0.0,150.73
7104,2024-04-16,3,24,178,1,0.0,195.36
7105,2023-06-16,7,25,447,2,0.0,288.06
7106,2024-08-07,3,19,12,1,0.0,132.95
7107,2023-06-02,19,1,86,1,0.0,122.39
7108,2024-08-23,12,24,340,3,0.2,468.86
7109,2023-01-25,3,8,156,1,0.0,176.75
7110,2023-07-23,16,6,142,1,0.0,132.1
7111,2024-10-31,17,14,99,1,0.0,49.79
7112,2023-02-28,20,16,422,1,0.15,84.25
7113,2023-07-21,1,13,296,1,0.0,191.56
7114,2024-03-01,16,7,43,1,0.0,150.73
7115,2023-08-04,19,16,256,1,0.0,99.12
7116,2023-04-06,20,8,496,2,0.0,353.5
7117,2023-04-28,5,14,204,1,0.0,49.79
7118,2023-02-19,5,8,375,1,0.0,176.75
7119,2023-06-05,4,6,107,1,0.0,132.1
7120,2023-06-11,4,24,444,1,0.1,175.82
7121,2024-12-04,15,6,210,1,0.0,132.1
7122,2024-04-22,5,9,28,1,0.1,13.37
7123,2023-04-28,20,25,395,1,0.0,144.03
7124,2024-11-04,13,4,207,1,0.0,220.67
7125,2023-04-18,5,5,468,1,0.15,28.63
7126,2023-07-05,2,23,62,1,0.0,202.43
7127,2024-09-24,2,1,229,1,0.0,122.39
7128,2023-05-20,11,23,339,1,0.0,202.43
7129,2024-06-25,15,9,478,2,0.0,29.72
7130,2023-09-12,7,12,474,1,0.0,76.5
7131,2024-09-29,7,13,19,3,0.0,574.68
7132,2023-10-28,19,23,99,1,0.0,202.43
7133,2024-03-17,13,18,173,2,0.0,433.46
7134,2023-08-02,18,19,7,1,0.0,132.95
7135,2024-11-21,10,15,398,2,0.0,124.42
7136,2024-06-17,4,9,77,1,0.0,14.86
7137,2023-10-16,6,3,52,1,0.0,84.52
7138,2023-04-03,10,9,12,2,0.15,25.26
7139,2024-07-25,13,12,321,2,0.0,153.0
7140,2024-06-21,5,1,473,2,0.0,244.78
7141,2023-12-12,19,17,341,2,0.0,231.96
7142,2023-12-01,5,17,306,1,0.0,115.98
7143,2023-10-21,13,18,66,3,0.0,650.19
7144,2023-01-18,19,11,100,1,0.1,9.94
7145,2024-12-18,12,10,370,1,0.0,142.75
7146,2024-01-25,3,11,415,1,0.1,9.94
7147,2024-11-07,19,22,306,1,0.0,297.41
7148,2023-12-23,19,25,255,1,0.0,144.03
7149,2023-01-18,4,22,118,1,0.2,237.93
7150,2024-04-09,4,7,73,1,0.0,150.73
7151,2023-10-10,7,17,218,1,0.0,115.98
7152,2024-01-03,18,3,168,1,0.0,84.52
7153,2024-07-06,12,14,199,1,0.0,49.79
7154,2023-11-11,5,3,109,1,0.0,84.52
7155,2023-01-28,9,9,483,1,0.0,14.86
7156,2023-03-18,5,4,14,1,0.0,220.67
7157,2023-05-25,16,13,477,4,0.0,766.24
7158,2023-02-25,14,11,64,1,0.0,11.04
7159,2024-01-06,20,11,83,2,0.0,22.08
7160,2024-05-05,8,24,286,2,0.0,390.72
7161,2024-05-21,9,13,31,1,0.0,191.56
7162,2023-06-20,20,18,318,2,0.0,433.46
7163,2023-03-04,15,11,369,1,0.1,9.94
7164,2023-03-29,14,5,219,1,0.0,33.68
7165,2024-08-27,1,10,212,2,0.0,285.5
7166,2023-08-22,5,22,65,2,0.0,594.82
7167,2023-10-16,17,18,333,2,0.0,433.46
7168,2023-04-20,11,1,164,1,0.0,122.39
7169,2023-09-25,6,12,424,4,0.1,275.4
7170,2024-12-01,1,23,114,2,0.0,404.86
7171,2024-12-19,10,11,17,1,0.0,11.04
7172,2023-09-13,2,24,64,2,0.0,390.72
7173,2023-01-18,20,4,186,1,0.0,220.67
7174,2024-02-20,16,7,289,2,0.0,301.46
7175,2024-10-17,15,3,189,1,0.15,71.84
7176,2024-03-09,10,25,319,1,0.0,144.03
7177,2023-03-08,12,10,227,1,0.0,142.75
7178,2024-08-27,12,5,191,1,0.0,33.68
7179,2023-10-19,14,12,432,1,0.0,76.5
7180,2023-06-26,8,3,129,1,0.15,71.84
7181,2024-05-06,4,7,71,1,0.0,150.73
7182,2023-09-15,15,13,223,1,0.1,172.4
7183,2023-01-03,4,20,23,1,0.0,176.04
7184,2024-07-22,2,19,394,1,0.0,132.95
7185,2023-05-02,17,2,63,2,0.0,29.56
7186,2023-02-09,7,6,14,1,0.1,118.89
7187,2024-02-27,18,7,118,2,0.0,301.46
7188,2023-04-13,15,14,205,1,0.0,49.79
7189,2023-10-10,3,7,251,1,0.0,150.73
7190,2023-06-15,14,7,265,2,0.0,301.46
7191,2023-02-13,18,25,7,1,0.0,144.03
7192,2024-06-13,4,5,416,2,0.0,67.36
7193,2024-11-04,5,9,304,1,0.0,14.86
7194,2023-02-01,4,13,499,1,0.0,191.56
7195,2023-12-17,15,22,44,1,0.0,297.41
7196,2023-07-20,17,3,22,4,0.0,338.08
7197,2024-02-23,15,19,53,2,0.0,265.9
7198,2023-09-10,2,21,237,1,0.0,155.14
7199,2024-12-03,2,21,417,1,0.1,139.63
7200,2023-10-22,12,23,497,2,0.0,404.86
7201,2024-06-27,9,22,252,1,0.1,267.67
7202,2023-11-13,6,14,59,1,0.0,49.79
7203,2024-12-01,19,19,223,1,0.1,119.65
7204,2023-07-06,12,25,273,1,0.0,144.03
7205,2024-06-24,12,23,229,1,0.0,202.43
7206,2024-03-12,14,9,306,1,0.0,14.86
7207,2023-09-17,16,1,16,1,0.0,122.39
7208,2023-07-29,4,11,288,2,0.0,22.08
7209,2023-01-06,11,5,102,1,0.0,33.68
7210,2024-11-18,7,12,311,1,0.0,76.5
7211,2024-02-17,6,5,422,1,0.0,33.68
7212,2024-03-26,9,15,430,1,0.1,55.99
7213,2024-03-23,13,10,224,1,0.0,142.75
7214,2023-06-02,3,18,181,2,0.0,433.46
7215,2024-08-22,3,13,269,1,0.0,191.56
7216,2023-09-04,5,10,359,2,0.0,285.5
7217,2024-05-01,1,9,17,1,0.0,14.86
7218,2023-02-28,9,6,207,1,0.0,132.1
7219,2024-02-29,14,23,52,1,0.0,202.43
7220,2023-11-15,19,5,13,1,0.0,33.68
7221,2023-03-11,4,7,26,1,0.0,150.73
7222,2024-04-02,19,10,249,1,0.0,142.75
7223,2024-11-13,9,22,20,2,0.0,594.82
7224,2023-01-21,9,13,300,1,0.2,153.25
7225,2023-08-30,18,15,394,2,0.0,124.42
7226,2024-07-19,3,23,421,1,0.15,172.07
7227,2024-07-30,9,21,294,2,0.0,310.28
7228,2023-01-04,11,6,128,2,0.0,264.2
7229,2024-11-14,3,10,163,2,0.0,285.5
7230,2023-06-26,2,22,131,1,0.1,267.67
7231,2024-09-17,20,14,257,1,0.0,49.79
7232,2023-02-08,19,12,153,2,0.0,153.0
7233,2024-10-24,20,16,421,2,0.2,158.59
7234,2024-05-23,13,13,402,1,0.0,191.56
7235,2024-09-12,17,9,253,2,0.0,29.72
7236,2024-10-16,8,19,332,1,0.0,132.95
7237,2023-03-08,7,23,238,1,0.0,202.43
7238,2024-08-27,15,14,351,2,0.15,84.64
7239,2023-05-04,14,12,196,1,0.2,61.2
7240,2024-09-09,18,17,384,1,0.0,115.98
7241,2023-10-27,4,20,211,4,0.0,704.16
7242,2024-01-27,4,23,77,1,0.0,202.43
7243,2023-08-10,16,19,147,1,0.1,119.65
7244,2023-02-20,16,15,246,1,0.0,62.21
7245,2024-08-07,9,3,128,2,0.0,169.04
7246,2023-08-27,6,1,391,1,0.0,122.39
7247,2023-11-27,7,16,378,1,0.0,99.12
7248,2024-12-06,19,24,305,1,0.0,195.36
7249,2023-10-24,19,15,292,3,0.0,186.63
7250,2023-04-27,20,7,229,1,0.0,150.73
7251,2023-01-16,3,10,365,1,0.1,128.48
7252,2023-09-28,6,3,453,1,0.0,84.52
7253,2024-03-17,5,3,14,2,0.0,169.04
7254,2023-08-08,15,10,27,1,0.0,142.75
7255,2024-06-11,15,12,420,2,0.1,137.7
7256,2024-07-07,6,18,55,1,0.0,216.73
7257,2023-04-02,14,8,29,1,0.0,176.75
7258,2023-06-12,1,16,323,1,0.1,89.21
7259,2024-11-07,4,14,436,1,0.1,44.81
7260,2024-07-12,3,1,121,1,0.1,110.15
7261,2024-01-14,20,6,293,1,0.1,118.89
7262,2024-06-09,20,5,259,1,0.1,30.31
7263,2024-08-21,15,11,462,1,0.0,11.04
7264,2023-05-31,4,21,43,1,0.0,155.14
7265,2024-03-31,1,10,375,1,0.0,142.75
7266,2024-07-04,17,6,321,1,0.1,118.89
7267,2024-08-24,10,12,476,1,0.0,76.5
7268,2024-11-08,3,23,497,1,0.0,202.43
7269,2024-07-13,13,23,458,1,0.1,182.19
7270,2023-09-24,10,11,274,2,0.1,19.87
7271,2023-05-22,6,11,389,1,0.0,11.04
7272,2023-05-04,15,21,485,1,0.0,155.14
7273,2023-12-31,8,7,293,2,0.0,301.46
7274,2024-03-26,17,16,192,3,0.0,297.36
7275,2024-03-24,1,25,277,2,0.0,288.06
7276,2023-06-26,2,4,416,1,0.0,220.67
7277,2023-01-27,9,5,277,2,0.0,67.36
7278,2023-02-17,14,16,243,1,0.0,99.12
7279,2023-11-24,3,16,425,1,0.15,84.25
7280,2023-07-04,7,5,195,3,0.1,90.94
7281,2024-07-30,3,5,154,2,0.0,67.36
7282,2024-09-01,13,10,47,2,0.0,285.5
7283,2024-10-25,3,13,479,1,0.0,191.56
7284,2023-06-11,17,14,457,1,0.0,49.79
7285,2024-05-26,19,7,139,1,0.0,150.73
7286,2023-06-19,20,25,344,1,0.0,144.03
7287,2024-03-09,18,8,463,1,0.0,176.75
7288,2024-05-31,5,20,238,1,0.0,176.04
7289,2024-02-06,19,11,483,1,0.0,11.04
7290,2024-11-17,16,21,341,1,0.0,155.14
7291,2024-10-12,2,19,137,1,0.0,132.95
7292,2023-02-14,19,23,182,2,0.15,344.13
7293,2023-08-23,4,20,133,1,0.0,176.04
7294,2023-04-01,19,13,217,1,0.0,191.56
7295,2023-04-26,12,21,219,1,0.0,155.14
7296,2023-02-15,16,22,461,1,0.0,297.41
7297,2024-07-19,8,14,91,1,0.15,42.32
7298,2024-05-14,10,3,346,1,0.0,84.52
7299,2024-12-08,8,14,171,1,0.0,49.79
7300,2024-01-22,12,20,55,1,0.15,149.63
7301,2024-04-16,19,16,409,1,0.0,99.12
7302,2024-11-05,13,12,94,1,0.0,76.5
7303,2023-10-27,2,24,454,1,0.15,166.06
7304,2024-09-11,14,24,360,2,0.0,390.72
7305,2024-10-17,10,23,428,2,0.15,344.13
7306,2024-09-16,13,12,197,1,0.0,76.5
7307,2024-07-13,8,16,369,2,0.0,198.24
7308,2023-09-29,20,25,220,2,0.0,288.06
7309,2023-01-27,9,8,232,1,0.0,176.75
7310,2024-06-07,10,1,78,1,0.0,122.39
7311,2023-03-08,15,8,6,1,0.0,176.75
7312,2023-06-06,18,1,174,1,0.0,122.39
7313,2023-04-15,13,9,73,1,0.0,14.86
7314,2023-06-13,12,22,297,1,0.0,297.41
7315,2023-09-06,14,5,141,1,0.0,33.68
7316,2024-07-09,18,3,65,1,0.0,84.52
7317,2023-01-01,17,23,496,1,0.0,202.43
7318,2024-08-10,8,6,137,2,0.0,264.2
7319,2024-07-01,13,17,273,2,0.0,231.96
7320,2024-12-14,20,22,22,2,0.0,594.82
7321,2024-03-22,5,21,133,2,0.0,310.28
7322,2024-02-09,16,1,78,2,0.1,220.3
7323,2024-06-23,15,10,309,1,0.0,142.75
7324,2024-08-12,3,6,218,1,0.0,132.1
7325,2023-01-23,20,11,427,1,0.0,11.04
7326,2023-03-06,3,11,154,1,0.0,11.04
7327,2023-03-17,7,17,425,1,0.0,115.98
7328,2023-04-26,19,6,459,1,0.0,132.1
7329,2023-09-12,12,6,339,2,0.15,224.57
7330,2024-09-06,6,13,421,1,0.1,172.4
7331,2023-07-29,14,2,56,1,0.0,14.78
7332,2023-08-27,7,18,244,1,0.0,216.73
7333,2024-02-22,1,19,175,1,0.0,132.95
7334,2023-07-11,8,16,23,1,0.0,99.12
7335,2023-09-18,11,13,285,2,0.0,383.12
7336,2024-06-07,4,11,206,1,0.0,11.04
7337,2023-12-07,1,20,466,1,0.0,176.04
7338,2023-06-19,12,17,465,1,0.0,115.98
7339,2023-10-13,10,4,254,1,0.0,220.67
7340,2023-05-29,9,21,64,1,0.0,155.14
7341,2024-09-23,4,9,220,2,0.1,26.75
7342,2023-11-22,7,16,357,1,0.0,99.12
7343,2023-10-24,9,9,15,1,0.0,14.86
7344,2024-08-03,14,11,206,1,0.0,11.04
7345,2023-03-06,16,12,387,1,0.1,68.85
7346,2024-05-10,3,18,396,1,0.0,216.73
7347,2024-06-12,5,6,359,2,0.0,264.2
7348,2023-09-22,20,18,276,1,0.0,216.73
7349,2024-08-09,18,15,323,2,0.0,124.42
7350,2023-02-12,18,10,278,1,0.15,121.34
7351,2023-01-03,13,3,237,1,0.0,84.52
7352,2024-07-18,5,12,50,1,0.2,61.2
7353,2023-10-06,3,16,227,1,0.0,99.12
7354,2023-10-05,14,20,265,2,0.1,316.87
7355,2023-04-18,8,8,430,3,0.0,530.25
7356,2023-12-01,13,21,321,2,0.1,279.25
7357,2024-01-21,9,25,280,1,0.0,144.03
7358,2024-03-08,20,18,340,1,0.1,195.06
7359,2024-07-05,20,6,413,2,0.0,264.2
7360,2023-09-12,19,18,203,1,0.0,216.73
7361,2024-12-14,15,1,160,1,0.0,122.39
7362,2024-06-02,13,22,291,2,0.0,594.82
7363,2023-11-16,3,25,168,1,0.0,144.03
7364,2023-12-15,11,18,412,2,0.0,433.46
7365,2024-11-04,20,18,70,1,0.15,184.22
7366,2024-09-05,6,16,30,2,0.0,198.24
7367,2024-12-04,12,13,127,1,0.0,191.56
7368,2024-12-14,2,22,180,1,0.1,267.67
7369,2023-04-27,3,5,243,1,0.0,33.68
7370,2023-03-22,14,4,350,1,0.2,176.54
7371,2023-03-05,8,23,427,4,0.0,809.72
7372,2024-09-02,18,25,386,1,0.0,144.03
7373,2024-07-22,13,5,107,1,0.0,33.68
7374,2024-03-07,11,17,128,1,0.0,115.98
7375,2024-02-25,5,9,52,1,0.0,14.86
7376,2024-06-11,19,7,134,1,0.1,135.66
7377,2023-12-02,13,16,249,1,0.0,99.12
7378,2023-01-08,2,4,13,1,0.0,220.67
7379,2024-08-31,19,7,155,1,0.0,150.73
7380,2023-05-20,10,22,272,1,0.0,297.41
7381,2024-08-17,9,14,92,1,0.15,42.32
7382,2023-02-18,10,13,472,2,0.0,383.12
7383,2024-01-21,13,11,350,1,0.2,8.83
7384,2023-10-08,18,2,315,4,0.0,59.12
7385,2024-03-21,14,13,255,1,0.0,191.56
7386,2024-02-25,2,22,168,1,0.15,252.8
7387,2024-03-22,9,19,83,2,0.0,265.9
7388,2023-01-15,10,4,162,1,0.0,220.67
7389,2024-03-09,12,22,251,4,0.0,1189.64
7390,2024-03-29,11,16,276,1,0.0,99.12
7391,2023-01-30,19,9,231,1,0.0,14.86
7392,2023-11-12,8,21,99,1,0.0,155.14
7393,2024-06-02,20,17,15,4,0.0,463.92
7394,2024-03-11,5,22,125,1,0.1,267.67
7395,2024-01-14,9,3,410,1,0.0,84.52
7396,2024-02-19,13,16,402,1,0.1,89.21
7397,2023-05-14,6,11,395,1,0.0,11.04
7398,2024-03-04,11,16,359,2,0.0,198.24
7399,2023-10-24,2,18,56,2,0.0,433.46
7400,2024-02-11,11,21,310,1,0.0,155.14
7401,2024-09-14,12,6,118,1,0.0,132.1
7402,2023-02-24,1,23,356,1,0.1,182.19
7403,2024-11-22,6,18,61,1,0.15,184.22
7404,2023-06-29,5,18,151,1,0.0,216.73
7405,2023-07-05,15,1,220,1,0.0,122.39
7406,2024-05-04,16,2,160,1,0.0,14.78
7407,2024-02-15,5,9,392,1,0.0,14.86
7408,2023-11-20,13,3,15,1,0.15,71.84
7409,2023-04-17,3,23,91,2,0.0,404.86
7410,2023-10-15,4,16,48,1,0.0,99.12
7411,2024-01-17,17,9,418,1,0.0,14.86
7412,2023-09-15,18,12,409,1,0.0,76.5
7413,2024-06-13,13,6,31,1,0.0,132.1
7414,2023-01-07,18,1,8,1,0.0,122.39
7415,2023-04-21,16,17,302,1,0.0,115.98
7416,2024-06-12,13,25,247,1,0.0,144.03
7417,2024-12-29,18,7,66,1,0.0,150.73
7418,2023-07-20,3,22,89,2,0.0,594.82
7419,2024-08-14,20,6,452,1,0.0,132.1
7420,2024-01-02,15,14,477,1,0.0,49.79
7421,2023-01-14,9,20,229,1,0.0,176.04
7422,2023-05-19,14,24,406,3,0.1,527.47
7423,2023-09-27,6,4,327,1,0.0,220.67
7424,2024-03-11,3,19,76,1,0.1,119.65
7425,2023-04-24,6,3,28,1,0.0,84.52
7426,2023-07-28,17,25,129,1,0.0,144.03
7427,2023-08-23,16,13,176,2,0.15,325.65
7428,2023-08-22,14,21,178,1,0.0,155.14
7429,2024-12-14,13,21,444,2,0.0,310.28
7430,2024-06-29,2,13,237,1,0.0,191.56
7431,2024-07-21,12,25,499,1,0.0,144.03
7432,2024-10-12,6,22,189,1,0.0,297.41
7433,2023-09-29,17,6,90,4,0.0,528.4
7434,2023-11-22,18,4,356,1,0.1,198.6
7435,2023-08-27,17,6,167,1,0.0,132.1
7436,2023-09-17,12,11,409,3,0.0,33.12
7437,2023-10-02,2,11,17,1,0.0,11.04
7438,2024-11-23,9,15,157,3,0.0,186.63
7439,2024-10-30,12,4,147,1,0.0,220.67
7440,2024-10-29,15,19,174,1,0.0,132.95
7441,2023-05-30,7,13,433,1,0.0,191.56
7442,2023-03-20,4,21,72,1,0.0,155.14
7443,2023-07-18,5,23,479,1,0.0,202.43
7444,2024-12-31,10,12,395,1,0.0,76.5
7445,2024-07-04,20,22,392,1,0.2,237.93
7446,2024-05-18,20,10,376,1,0.0,142.75
7447,2023-03-28,15,1,225,1,0.0,122.39
7448,2024-02-12,7,20,125,2,0.0,352.08
7449,2024-11-21,6,20,251,2,0.0,352.08
7450,2023-06-23,1,10,99,1,0.0,142.75
7451,2024-07-22,18,22,195,1,0.0,297.41
7452,2024-12-03,16,1,182,1,0.2,97.91
7453,2023-01-13,18,22,32,1,0.1,267.67
7454,2023-03-10,20,25,402,1,0.0,144.03
7455,2024-02-01,8,21,424,1,0.0,155.14
7456,2023-02-12,9,6,169,1,0.0,132.1
7457,2024-10-12,7,12,17,2,0.0,153.0
7458,2024-01-31,20,15,406,1,0.0,62.21
7459,2023-08-24,11,2,369,1,0.0,14.78
7460,2024-07-12,17,22,425,1,0.0,297.41
7461,2023-05-29,9,8,320,1,0.0,176.75
7462,2023-08-23,11,11,435,2,0.0,22.08
7463,2023-08-24,10,9,7,1,0.0,14.86
7464,2023-02-06,4,23,264,2,0.0,404.86
7465,2023-03-12,13,4,226,2,0.0,441.34
7466,2024-04-30,17,19,147,1,0.15,113.01
7467,2024-06-10,3,14,432,1,0.0,49.79
7468,2024-03-11,12,13,89,1,0.0,191.56
7469,2023-10-13,9,11,131,1,0.1,9.94
7470,2024-11-17,9,3,135,1,0.0,84.52
7471,2024-03-13,2,25,423,3,0.0,432.09
7472,2024-06-28,7,5,420,2,0.0,67.36
7473,2024-07-01,12,18,353,1,0.0,216.73
7474,2023-03-09,16,17,309,1,0.0,115.98
7475,2024-09-26,7,8,231,1,0.0,176.75
7476,2024-12-22,4,25,8,2,0.0,288.06
7477,2024-10-19,11,1,124,1,0.1,110.15
7478,2024-10-21,20,2,64,4,0.0,59.12
7479,2023-05-31,18,7,234,3,0.15,384.36
7480,2024-05-29,17,15,339,1,0.2,49.77
7481,2023-09-19,18,22,377,1,0.1,267.67
7482,2024-01-31,20,6,291,1,0.0,132.1
7483,2024-08-16,14,7,301,1,0.0,150.73
7484,2024-06-24,17,4,398,1,0.0,220.67
7485,2023-06-08,20,16,32,2,0.0,198.24
7486,2023-11-10,11,21,247,1,0.0,155.14
7487,2024-08-15,5,15,429,1,0.0,62.21
7488,2024-05-05,4,3,141,1,0.0,84.52
7489,2024-04-05,5,8,130,1,0.0,176.75
7490,2024-01-21,8,14,19,2,0.0,99.58
7491,2023-04-02,20,7,277,3,0.0,452.19
7492,2024-01-26,9,22,90,1,0.15,252.8
7493,2023-10-02,5,11,464,2,0.0,22.08
7494,2023-07-28,18,7,333,1,0.15,128.12
7495,2023-08-20,19,20,231,1,0.0,176.04
7496,2023-06-16,17,12,121,2,0.0,153.0
7497,2023-09-01,19,9,406,1,0.0,14.86
7498,2023-04-16,5,18,500,2,0.0,433.46
7499,2023-04-26,18,8,256,1,0.1,159.08
7500,2023-01-31,13,4,472,1,0.0,220.67
7501,2023-06-10,19,17,108,1,0.0,115.98
7502,2023-06-26,17,18,444,2,0.0,433.46
7503,2024-06-11,2,3,365,1,0.0,84.52
7504,2024-08-14,18,15,474,1,0.0,62.21
7505,2023-08-06,6,24,75,1,0.0,195.36
7506,2023-05-05,2,17,418,3,0.0,347.94
7507,2023-04-30,1,2,95,1,0.0,14.78
7508,2023-08-24,6,4,456,1,0.0,220.67
7509,2023-01-03,1,23,33,1,0.0,202.43
7510,2024-12-09,15,11,223,1,0.1,9.94
7511,2024-01-24,4,6,24,1,0.15,112.28
7512,2023-01-31,17,13,431,1,0.0,191.56
7513,2024-10-08,20,5,344,3,0.0,101.04
7514,2024-07-25,16,25,367,2,0.1,259.25
7515,2024-01-31,4,20,6,1,0.1,158.44
7516,2024-07-14,3,20,419,2,0.1,316.87
7517,2023-10-30,7,12,191,1,0.15,65.02
7518,2024-01-28,3,24,148,1,0.0,195.36
7519,2023-03-05,8,15,460,1,0.1,55.99
7520,2024-07-20,10,21,476,1,0.2,124.11
7521,2023-11-23,3,19,302,1,0.0,132.95
7522,2024-06-06,2,4,403,1,0.15,187.57
7523,2024-05-09,9,8,216,2,0.1,318.15
7524,2024-07-17,5,13,100,1,0.0,191.56
7525,2023-11-28,19,6,162,1,0.0,132.1
7526,2024-11-23,2,4,2,1,0.0,220.67
7527,2023-07-23,1,6,235,2,0.0,264.2
7528,2024-02-18,6,24,2,1,0.0,195.36
7529,2024-01-14,9,25,484,2,0.1,259.25
7530,2023-12-04,19,18,195,1,0.1,195.06
7531,2024-03-24,3,13,170,1,0.0,191.56
7532,2023-01-21,2,25,224,1,0.0,144.03
7533,2024-03-19,13,10,217,1,0.0,142.75
7534,2023-10-03,3,17,38,2,0.0,231.96
7535,2023-01-14,13,25,470,3,0.0,432.09
7536,2024-01-15,10,15,445,1,0.0,62.21
7537,2023-03-30,3,13,361,3,0.0,574.68
7538,2023-08-19,10,17,1,1,0.2,92.78
7539,2024-04-02,18,23,166,2,0.0,404.86
7540,2023-04-13,13,19,315,2,0.0,265.9
7541,2024-08-28,9,1,396,1,0.1,110.15
7542,2024-09-25,16,20,22,1,0.0,176.04
7543,2024-06-19,20,7,8,1,0.0,150.73
7544,2024-01-12,18,5,390,1,0.0,33.68
7545,2023-07-19,14,19,215,2,0.0,265.9
7546,2024-07-15,7,1,151,1,0.1,110.15
7547,2024-07-21,5,5,194,1,0.0,33.68
7548,2024-07-01,19,24,290,1,0.0,195.36
7549,2024-09-28,13,11,82,1,0.0,11.04
7550,2024-02-02,20,1,236,1,0.0,122.39
7551,2023-01-16,17,21,120,2,0.0,310.28
7552,2024-07-06,14,24,286,4,0.0,781.44
7553,2024-07-22,17,24,460,1,0.15,166.06
7554,2024-10-12,19,4,61,1,0.0,220.67
7555,2024-04-28,17,17,350,1,0.0,115.98
7556,2024-11-07,20,10,38,1,0.0,142.75
7557,2024-01-08,1,5,190,1,0.0,33.68
7558,2024-08-28,14,16,93,1,0.0,99.12
7559,2024-01-07,15,1,433,1,0.0,122.39
7560,2023-03-21,19,8,233,1,0.0,176.75
7561,2024-01-22,1,17,355,1,0.0,115.98
7562,2024-08-31,8,13,65,1,0.1,172.4
7563,2023-01-23,3,22,68,2,0.0,594.82
7564,2024-03-17,12,24,233,1,0.1,175.82
7565,2024-10-08,17,23,296,2,0.0,404.86
7566,2024-07-26,6,7,195,2,0.0,301.46
7567,2023-01-16,10,13,41,1,0.0,191.56
7568,2024-07-20,1,25,390,1,0.0,144.03
7569,2024-08-08,12,5,479,1,0.0,33.68
7570,2023-05-23,3,9,402,1,0.0,14.86
7571,2024-04-17,12,17,172,1,0.0,115.98
7572,2024-06-06,11,25,498,1,0.15,122.43
7573,2023-05-01,15,9,250,1,0.0,14.86
7574,2024-04-12,10,19,362,1,0.0,132.95
7575,2023-04-03,5,13,250,1,0.0,191.56
7576,2023-10-31,13,1,309,1,0.0,122.39
7577,2023-07-09,3,22,50,2,0.0,594.82
7578,2024-07-08,18,17,75,2,0.0,231.96
7579,2023-10-15,3,11,312,2,0.0,22.08
7580,2024-12-30,5,4,224,1,0.0,220.67
7581,2023-09-30,6,15,84,2,0.0,124.42
7582,2023-05-25,20,9,483,2,0.0,29.72
7583,2024-05-03,11,14,263,1,0.0,49.79
7584,2024-08-24,3,5,231,1,0.15,28.63
7585,2023-02-24,9,15,370,1,0.0,62.21
7586,2024-01-11,9,15,470,1,0.15,52.88
7587,2023-05-16,4,8,422,1,0.0,176.75
7588,2024-07-20,12,2,349,1,0.0,14.78
7589,2023-10-28,12,1,249,1,0.0,122.39
7590,2023-02-16,11,9,223,1,0.15,12.63
7591,2024-06-01,5,15,2,1,0.0,62.21
7592,2024-08-14,5,22,65,2,0.1,535.34
7593,2024-01-11,16,23,426,1,0.0,202.43
7594,2023-01-01,19,18,10,2,0.0,433.46
7595,2023-02-20,3,18,324,1,0.0,216.73
7596,2024-02-13,8,17,474,2,0.0,231.96
7597,2024-12-22,14,20,141,1,0.0,176.04
7598,2023-02-24,15,7,88,1,0.0,150.73
7599,2023-08-05,5,25,143,1,0.0,144.03
7600,2024-04-26,6,8,258,1,0.0,176.75
7601,2023-06-16,18,13,313,1,0.0,191.56
7602,2023-12-02,9,15,3,2,0.0,124.42
7603,2023-03-01,3,9,249,3,0.0,44.58
7604,2024-06-16,17,7,94,1,0.0,150.73
7605,2023-06-14,9,25,368,2,0.0,288.06
7606,2024-04-08,8,10,47,3,0.0,428.25
7607,2023-05-20,14,5,38,1,0.0,33.68
7608,2024-02-03,18,24,474,3,0.0,586.08
7609,2024-01-18,1,7,247,1,0.0,150.73
7610,2023-03-09,2,21,403,1,0.0,155.14
7611,2023-12-26,2,9,47,1,0.0,14.86
7612,2023-04-29,19,16,191,2,0.1,178.42
7613,2023-01-02,20,11,92,2,0.15,18.77
7614,2024-04-19,4,17,418,1,0.0,115.98
7615,2024-11-06,14,23,42,1,0.0,202.43
7616,2023-02-14,12,11,117,2,0.0,22.08
7617,2024-03-27,2,22,421,1,0.0,297.41
7618,2024-08-06,5,16,103,1,0.0,99.12
7619,2023-02-14,2,14,237,1,0.0,49.79
7620,2023-03-14,14,1,304,1,0.0,122.39
7621,2023-11-18,1,5,490,1,0.0,33.68
7622,2024-05-10,9,14,464,1,0.0,49.79
7623,2024-12-18,3,1,450,2,0.0,244.78
7624,2024-05-31,19,14,403,1,0.0,49.79
7625,2023-11-16,11,10,358,1,0.2,114.2
7626,2023-10-28,8,7,416,1,0.15,128.12
7627,2024-10-23,5,20,409,1,0.0,176.04
7628,2024-08-04,17,24,240,2,0.0,390.72
7629,2024-02-28,19,21,285,2,0.15,263.74
7630,2024-08-09,7,20,443,1,0.0,176.04
7631,2024-02-27,12,6,68,1,0.2,105.68
7632,2024-09-01,9,12,143,2,0.0,153.0
7633,2024-04-28,4,21,212,1,0.0,155.14
7634,2023-04-01,20,23,407,3,0.1,546.56
7635,2024-06-11,5,2,243,1,0.0,14.78
7636,2023-07-27,10,13,416,1,0.0,191.56
7637,2024-07-05,3,12,110,1,0.0,76.5
7638,2023-03-14,2,4,133,1,0.0,220.67
7639,2023-12-12,18,19,340,3,0.0,398.85
7640,2024-09-17,13,5,114,1,0.0,33.68
7641,2024-12-15,10,12,110,1,0.0,76.5
7642,2024-01-04,15,23,132,1,0.0,202.43
7643,2024-06-20,8,25,173,2,0.1,259.25
7644,2023-06-05,14,6,272,2,0.0,264.2
7645,2023-03-03,13,16,442,2,0.0,198.24
7646,2023-10-07,18,12,223,1,0.0,76.5
7647,2023-02-09,14,21,230,2,0.0,310.28
7648,2023-07-18,19,19,281,3,0.0,398.85
7649,2023-08-13,9,15,457,1,0.0,62.21
7650,2023-11-03,17,20,100,1,0.2,140.83
7651,2024-07-14,10,11,496,1,0.0,11.04
7652,2023-07-01,11,7,410,1,0.1,135.66
7653,2023-08-22,13,25,472,1,0.15,122.43
7654,2024-10-07,10,10,208,3,0.0,428.25
7655,2023-05-22,18,11,25,4,0.0,44.16
7656,2023-12-15,15,7,475,1,0.0,150.73
7657,2023-10-11,2,11,202,1,0.0,11.04
7658,2024-01-04,15,2,318,2,0.1,26.6
7659,2023-12-12,13,10,82,1,0.0,142.75
7660,2023-07-30,19,25,94,1,0.0,144.03
7661,2023-01-10,20,25,18,1,0.1,129.63
7662,2024-07-07,11,12,462,1,0.0,76.5
7663,2023-11-16,10,24,375,1,0.0,195.36
7664,2023-01-29,20,6,53,4,0.0,528.4
7665,2023-08-28,4,21,487,2,0.0,310.28
7666,2023-03-27,4,4,237,1,0.0,220.67
7667,2024-06-03,13,19,49,1,0.0,132.95
7668,2024-09-07,1,1,73,3,0.0,367.17
7669,2023-12-03,15,20,350,1,0.0,176.04
7670,2024-02-03,2,20,352,1,0.0,176.04
7671,2024-12-21,1,25,208,2,0.0,288.06
7672,2024-09-27,12,13,471,1,0.0,191.56
7673,2023-08-28,11,6,419,1,0.15,112.28
7674,2023-10-02,3,17,350,2,0.0,231.96
7675,2023-07-01,1,9,458,2,0.0,29.72
7676,2023-03-26,5,5,94,1,0.0,33.68
7677,2024-03-24,11,10,402,1,0.0,142.75
7678,2024-08-02,12,14,447,2,0.15,84.64
7679,2023-03-02,1,10,81,1,0.0,142.75
7680,2024-03-03,2,17,41,1,0.0,115.98
7681,2023-11-07,6,8,465,1,0.0,176.75
7682,2023-12-22,19,14,133,1,0.0,49.79
7683,2024-03-26,20,8,174,1,0.0,176.75
7684,2023-02-02,15,24,145,1,0.0,195.36
7685,2023-02-14,16,11,52,1,0.0,11.04
7686,2024-03-29,7,5,433,1,0.0,33.68
7687,2023-05-13,15,6,305,1,0.0,132.1
7688,2024-07-17,2,8,477,3,0.1,477.22
7689,2023-12-29,19,13,346,2,0.0,383.12
7690,2024-01-10,1,7,468,1,0.0,150.73
7691,2023-08-25,3,15,25,4,0.0,248.84
7692,2023-01-10,13,20,148,4,0.0,704.16
7693,2024-11-24,10,21,396,1,0.0,155.14
7694,2023-01-13,7,18,354,1,0.0,216.73
7695,2024-08-15,4,7,2,1,0.0,150.73
7696,2023-10-12,12,24,65,3,0.0,586.08
7697,2023-02-02,7,17,220,2,0.0,231.96
7698,2023-02-16,17,10,314,1,0.0,142.75
7699,2024-12-16,10,25,33,1,0.0,144.03
7700,2023-03-15,18,18,154,1,0.0,216.73
7701,2024-10-03,20,16,466,1,0.0,99.12
7702,2023-04-07,8,19,335,1,0.0,132.95
7703,2023-12-11,20,17,457,1,0.0,115.98
7704,2023-06-28,18,9,184,1,0.15,12.63
7705,2023-12-21,8,17,466,1,0.15,98.58
7706,2024-01-18,19,5,175,1,0.0,33.68
7707,2023-05-31,2,10,186,1,0.0,142.75
7708,2024-02-02,3,25,18,1,0.0,144.03
7709,2023-03-02,14,4,494,1,0.0,220.67
7710,2024-05-13,19,3,482,1,0.0,84.52
7711,2024-08-14,1,13,330,1,0.0,191.56
7712,2023-01-20,13,17,293,1,0.0,115.98
7713,2024-03-14,18,12,31,2,0.0,153.0
7714,2023-03-17,18,22,199,1,0.0,297.41
7715,2024-03-25,16,18,135,1,0.1,195.06
7716,2023-02-15,8,22,246,1,0.0,297.41
7717,2024-05-27,9,17,356,2,0.0,231.96
7718,2024-11-07,7,19,292,1,0.15,113.01
7719,2023-10-23,10,12,298,1,0.0,76.5
7720,2024-12-16,12,9,442,1,0.0,14.86
7721,2023-08-19,1,5,2,2,0.0,67.36
7722,2024-02-07,16,15,235,1,0.1,55.99
7723,2024-01-22,6,6,172,1,0.0,132.1
7724,2023-12-06,12,4,425,1,0.15,187.57
7725,2023-01-12,3,10,253,1,0.0,142.75
7726,2023-08-06,13,14,161,1,0.0,49.79
7727,2023-09-19,5,19,461,1,0.0,132.95
7728,2024-02-05,6,12,147,2,0.0,153.0
7729,2023-04-19,15,4,276,2,0.0,441.34
7730,2023-09-18,6,10,299,3,0.0,428.25
7731,2023-03-04,6,18,339,1,0.15,184.22
7732,2024-08-09,5,25,113,1,0.0,144.03
7733,2023-08-15,10,13,170,1,0.0,191.56
7734,2023-04-08,3,6,8,1,0.0,132.1
7735,2023-02-02,19,4,21,1,0.0,220.67
7736,2024-10-20,14,1,430,1,0.0,122.39
7737,2024-11-08,1,5,327,1,0.0,33.68
7738,2024-07-07,18,4,468,1,0.0,220.67
7739,2024-02-28,17,21,130,2,0.0,310.28
7740,2023-09-06,1,19,78,1,0.0,132.95
7741,2023-04-30,3,9,197,1,0.0,14.86
7742,2024-02-07,15,2,113,1,0.0,14.78
7743,2023-05-20,20,18,475,1,0.15,184.22
7744,2023-01-07,10,12,459,1,0.15,65.02
7745,2024-11-15,11,4,387,2,0.0,441.34
7746,2024-07-30,18,15,405,1,0.0,62.21
7747,2024-07-10,15,17,166,1,0.0,115.98
7748,2024-08-02,6,10,45,3,0.0,428.25
7749,2023-06-25,19,10,378,2,0.0,285.5
7750,2024-08-30,14,7,160,1,0.0,150.73
7751,2023-06-21,13,9,24,1,0.0,14.86
7752,2023-08-25,8,7,215,2,0.0,301.46
7753,2024-11-18,6,8,409,2,0.0,353.5
7754,2023-01-09,5,17,235,2,0.15,197.17
7755,2024-01-14,12,24,267,1,0.0,195.36
7756,2023-07-11,3,23,131,1,0.0,202.43
7757,2024-04-18,15,4,456,1,0.0,220.67
7758,2023-01-26,20,13,65,2,0.1,344.81
7759,2023-01-02,15,4,59,1,0.15,187.57
7760,2023-04-04,12,8,432,1,0.0,176.75
7761,2023-06-15,8,21,366,1,0.0,155.14
7762,2024-07-17,1,11,93,1,0.0,11.04
7763,2023-07-13,14,19,359,2,0.0,265.9
7764,2023-06-22,4,10,332,2,0.0,285.5
7765,2024-09-14,6,15,35,1,0.0,62.21
7766,2023-12-28,17,10,403,1,0.0,142.75
7767,2023-05-08,17,10,294,1,0.0,142.75
7768,2024-05-15,1,20,352,2,0.0,352.08
7769,2024-01-10,19,11,49,1,0.0,11.04
7770,2024-03-20,4,10,396,1,0.0,142.75
7771,2023-04-25,17,25,224,1,0.0,144.03
7772,2023-08-05,18,16,191,1,0.0,99.12
7773,2023-12-07,3,1,374,1,0.0,122.39
7774,2024-08-25,11,17,292,2,0.0,231.96
7775,2024-04-19,16,25,86,1,0.0,144.03
7776,2024-12-21,13,15,285,3,0.0,186.63
7777,2024-06-13,2,7,363,1,0.0,150.73
7778,2023-02-21,11,14,470,1,0.0,49.79
7779,2023-08-31,16,20,274,2,0.0,352.08
7780,2024-12-17,7,23,35,1,0.1,182.19
7781,2024-07-14,13,4,312,2,0.0,441.34
7782,2023-06-08,17,6,466,3,0.0,396.3
7783,2024-08-18,16,6,461,1,0.0,132.1
7784,2023-06-26,17,25,142,2,0.15,244.85
7785,2023-12-06,10,19,444,1,0.0,132.95
7786,2023-02-24,4,6,264,1,0.2,105.68
7787,2023-05-22,6,12,370,1,0.15,65.02
7788,2024-05-03,6,5,1,1,0.0,33.68
7789,2023-02-25,6,2,283,1,0.0,14.78
7790,2023-08-07,20,19,151,1,0.0,132.95
7791,2024-07-03,5,22,321,2,0.0,594.82
7792,2023-08-23,5,11,340,2,0.0,22.08
7793,2023-06-09,2,22,130,1,0.15,252.8
7794,2023-04-01,9,8,143,2,0.1,318.15
7795,2024-05-13,9,3,336,2,0.0,169.04
7796,2023-08-05,5,24,474,1,0.0,195.36
7797,2024-06-21,4,16,34,1,0.0,99.12
7798,2024-03-07,12,15,296,1,0.0,62.21
7799,2024-09-08,7,6,359,1,0.0,132.1
7800,2023-01-11,5,18,377,1,0.0,216.73
7801,2024-10-04,1,24,66,2,0.0,390.72
7802,2023-02-06,7,20,26,2,0.0,352.08
7803,2023-10-11,5,25,113,2,0.1,259.25
7804,2023-05-15,5,21,368,1,0.0,155.14
7805,2024-03-25,16,22,184,2,0.0,594.82
7806,2023-05-11,4,14,125,1,0.0,49.79
7807,2024-01-17,7,4,22,1,0.1,198.6
7808,2023-05-14,17,3,48,2,0.0,169.04
7809,2024-03-03,11,14,454,2,0.0,99.58
7810,2023-02-18,14,20,130,1,0.0,176.04
7811,2024-02-10,7,1,2,2,0.2,195.82
7812,2024-11-29,2,17,177,1,0.0,115.98
7813,2024-09-01,8,19,479,1,0.0,132.95
7814,2024-03-26,15,10,236,2,0.0,285.5
7815,2023-12-19,4,23,313,2,0.0,404.86
7816,2024-07-04,8,6,68,1,0.0,132.1
7817,2023-03-14,1,22,334,1,0.1,267.67
7818,2023-06-15,20,7,46,1,0.0,150.73
7819,2024-03-01,3,21,241,2,0.0,310.28
7820,2023-11-20,2,11,441,2,0.0,22.08
7821,2023-06-12,19,4,384,1,0.15,187.57
7822,2024-06-27,7,7,62,3,0.0,452.19
7823,2023-01-30,9,17,127,1,0.0,115.98
7824,2024-07-08,9,22,35,1,0.15,252.8
7825,2024-09-26,13,9,201,2,0.0,29.72
7826,2023-06-16,5,8,291,1,0.0,176.75
7827,2023-03-25,7,5,481,1,0.0,33.68
7828,2023-05-02,14,15,250,1,0.0,62.21
7829,2023-01-15,17,7,29,1,0.0,150.73
7830,2024-01-11,13,20,286,1,0.0,176.04
7831,2024-01-13,14,21,431,2,0.1,279.25
7832,2024-02-07,15,14,489,1,0.0,49.79
7833,2023-02-11,13,11,120,1,0.0,11.04
7834,2024-12-05,3,7,293,2,0.0,301.46
7835,2024-06-08,13,2,186,1,0.0,14.78
7836,2024-01-06,2,11,156,1,0.0,11.04
7837,2024-08-18,10,13,399,1,0.1,172.4
7838,2023-09-18,10,8,336,1,0.0,176.75
7839,2023-02-07,15,13,495,2,0.0,383.12
7840,2024-03-17,13,19,101,1,0.15,113.01
7841,2024-12-25,7,13,368,2,0.0,383.12
7842,2023-08-19,19,22,214,1,0.0,297.41
7843,2023-12-21,20,24,193,2,0.1,351.65
7844,2023-06-21,15,2,98,1,0.1,13.3
7845,2023-05-13,6,21,198,1,0.15,131.87
7846,2023-05-18,14,23,452,1,0.0,202.43
7847,2023-05-01,3,20,152,2,0.0,352.08
7848,2023-05-31,9,25,111,1,0.15,122.43
7849,2024-02-25,5,13,471,1,0.0,191.56
7850,2023-12-18,18,7,357,1,0.0,150.73
7851,2023-11-05,4,15,348,1,0.0,62.21
7852,2024-06-11,17,10,326,4,0.0,571.0
7853,2023-02-10,18,5,377,1,0.0,33.68
7854,2024-05-19,20,15,487,2,0.0,124.42
7855,2024-12-04,20,25,477,1,0.0,144.03
7856,2024-02-22,5,14,328,1,0.0,49.79
7857,2023-09-03,10,4,465,1,0.0,220.67
7858,2024-12-20,19,5,350,1,0.0,33.68
7859,2024-01-25,9,8,113,1,0.0,176.75
7860,2023-07-25,18,15,174,1,0.0,62.21
7861,2023-09-03,5,23,369,2,0.0,404.86
7862,2023-10-16,15,18,499,1,0.0,216.73
7863,2023-07-11,12,7,342,1,0.0,150.73
7864,2023-02-28,12,22,273,2,0.0,594.82
7865,2023-08-30,8,16,126,1,0.1,89.21
7866,2023-09-24,7,11,487,1,0.1,9.94
7867,2023-02-05,8,12,40,1,0.0,76.5
7868,2023-03-22,12,12,435,2,0.0,153.0
7869,2024-11-15,13,2,15,2,0.0,29.56
7870,2024-01-18,9,8,190,2,0.2,282.8
7871,2024-04-23,13,9,470,1,0.0,14.86
7872,2024-12-07,9,24,256,1,0.0,195.36
7873,2023-12-05,13,21,301,1,0.1,139.63
7874,2024-12-30,9,7,370,2,0.1,271.31
7875,2024-10-12,11,14,485,1,0.0,49.79
7876,2023-07-24,12,16,496,1,0.0,99.12
7877,2023-09-03,14,13,190,1,0.0,191.56
7878,2024-07-31,16,19,439,1,0.0,132.95
7879,2023-10-05,13,9,198,1,0.15,12.63
7880,2024-08-31,17,12,196,1,0.2,61.2
7881,2023-03-07,14,15,107,1,0.0,62.21
7882,2023-10-15,5,7,41,1,0.0,150.73
7883,2023-07-01,11,19,147,2,0.0,265.9
7884,2024-01-14,1,12,275,1,0.0,76.5
7885,2024-12-15,19,6,171,1,0.0,132.1
7886,2024-09-25,10,17,261,3,0.0,347.94
7887,2023-03-31,11,8,95,1,0.0,176.75
7888,2024-02-13,20,22,74,1,0.0,297.41
7889,2023-11-27,12,19,295,3,0.0,398.85
7890,2024-01-26,13,12,155,2,0.0,153.0
7891,2024-04-02,6,3,58,2,0.0,169.04
7892,2023-09-03,1,21,233,1,0.0,155.14
7893,2023-10-10,5,7,123,3,0.1,406.97
7894,2024-01-12,19,4,61,1,0.0,220.67
7895,2023-09-30,6,12,198,1,0.0,76.5
7896,2023-05-06,10,13,27,1,0.0,191.56
7897,2024-11-14,18,9,299,3,0.0,44.58
7898,2023-07-20,8,2,406,1,0.0,14.78
7899,2023-06-11,14,17,419,1,0.0,115.98
7900,2023-04-30,10,18,398,1,0.1,195.06
7901,2023-11-21,7,6,368,2,0.0,264.2
7902,2023-02-27,15,10,291,2,0.0,285.5
7903,2024-02-27,8,5,337,2,0.0,67.36
7904,2024-04-13,8,10,54,2,0.0,285.5
7905,2024-11-28,1,13,274,1,0.0,191.56
7906,2024-10-23,4,16,254,1,0.0,99.12
7907,2024-06-27,12,14,471,1,0.0,49.79
7908,2023-06-21,5,16,478,2,0.0,198.24
7909,2023-05-04,3,25,189,3,0.0,432.09
7910,2024-07-16,15,1,48,1,0.0,122.39
7911,2024-07-24,9,25,163,2,0.0,288.06
7912,2023-06-10,7,3,186,1,0.0,84.52
7913,2024-11-06,14,25,456,1,0.0,144.03
7914,2024-06-01,15,7,133,1,0.15,128.12
7915,2023-10-01,16,4,25,1,0.0,220.67
7916,2023-04-26,16,14,100,1,0.0,49.79
7917,2024-10-20,6,18,446,1,0.0,216.73
7918,2024-10-25,1,14,355,1,0.0,49.79
7919,2024-06-25,14,10,408,1,0.1,128.48
7920,2023-12-16,5,2,114,2,0.0,29.56
7921,2024-03-31,15,9,232,2,0.0,29.72
7922,2023-05-16,19,12,221,1,0.0,76.5
7923,2024-02-14,11,11,209,1,0.15,9.38
7924,2023-07-12,7,24,240,1,0.1,175.82
7925,2023-01-04,4,15,143,1,0.0,62.21
7926,2023-03-05,2,16,474,1,0.1,89.21
7927,2024-10-06,12,21,418,1,0.0,155.14
7928,2023-06-06,15,1,478,1,0.0,122.39
7929,2024-07-03,3,10,13,2,0.15,242.68
7930,2024-01-12,11,3,333,3,0.1,228.2
7931,2024-06-15,2,25,19,1,0.0,144.03
7932,2023-01-26,5,10,248,1,0.0,142.75
7933,2024-11-05,3,25,159,1,0.15,122.43
7934,2023-07-10,11,5,238,1,0.0,33.68
7935,2024-11-09,7,6,62,1,0.0,132.1
7936,2024-03-11,1,20,310,1,0.0,176.04
7937,2023-11-19,4,25,394,2,0.0,288.06
7938,2023-08-11,13,15,271,1,0.0,62.21
7939,2024-10-04,3,5,254,1,0.0,33.68
7940,2023-06-18,2,12,102,1,0.0,76.5
7941,2023-05-05,7,5,194,1,0.0,33.68
7942,2024-09-29,12,7,180,1,0.0,150.73
7943,2024-12-25,13,7,91,2,0.0,301.46
7944,2023-01-28,20,12,331,2,0.0,153.0
7945,2023-07-10,19,14,372,1,0.2,39.83
7946,2024-10-08,16,19,402,1,0.0,132.95
7947,2023-09-10,12,10,66,1,0.0,142.75
7948,2024-01-18,20,17,181,2,0.0,231.96
7949,2024-11-06,8,21,76,1,0.0,155.14
7950,2023-06-23,5,5,328,2,0.0,67.36
7951,2024-12-10,15,6,117,1,0.0,132.1
7952,2024-12-17,17,10,309,2,0.0,285.5
7953,2024-09-14,6,14,1,2,0.0,99.58
7954,2023-10-22,12,8,437,1,0.1,159.08
7955,2024-04-30,8,4,401,2,0.0,441.34
7956,2023-12-08,14,2,219,1,0.0,14.78
7957,2023-03-31,17,23,180,3,0.0,607.29
7958,2023-02-05,16,8,204,2,0.0,353.5
7959,2023-04-04,2,12,283,1,0.2,61.2
7960,2024-04-15,2,15,262,1,0.0,62.21
7961,2023-07-11,13,25,311,2,0.1,259.25
7962,2024-05-24,4,10,392,1,0.1,128.48
7963,2024-06-01,6,20,425,1,0.0,176.04
7964,2023-07-24,13,7,20,2,0.0,301.46
7965,2023-04-12,1,24,252,1,0.0,195.36
7966,2023-05-08,5,10,203,2,0.2,228.4
7967,2023-04-13,12,21,331,4,0.0,620.56
7968,2024-07-20,8,10,458,2,0.0,285.5
7969,2024-07-25,18,7,324,1,0.0,150.73
7970,2023-07-07,3,13,494,2,0.0,383.12
7971,2024-05-19,14,20,473,2,0.1,316.87
7972,2024-12-25,18,12,441,1,0.0,76.5
7973,2023-09-22,13,21,245,1,0.1,139.63
7974,2023-07-25,11,12,227,1,0.0,76.5
7975,2023-09-26,5,21,75,1,0.0,155.14
7976,2023-08-03,7,3,354,2,0.0,169.04
7977,2023-06-06,5,19,488,1,0.0,132.95
7978,2023-06-15,17,2,9,1,0.0,14.78
7979,2024-10-11,4,14,387,3,0.0,149.37
7980,2024-09-14,10,12,130,1,0.1,68.85
7981,2023-06-07,12,1,287,1,0.0,122.39
7982,2024-11-17,19,7,79,1,0.0,150.73
7983,2024-11-11,6,23,92,3,0.0,607.29
7984,2023-12-29,13,3,94,1,0.0,84.52
7985,2024-09-24,11,4,109,4,0.0,882.68
7986,2024-01-16,2,1,461,2,0.0,244.78
7987,2024-02-03,8,21,427,1,0.1,139.63
7988,2024-10-12,16,10,443,3,0.1,385.42
7989,2023-09-08,3,22,438,2,0.0,594.82
7990,2024-10-25,4,8,273,1,0.0,176.75
7991,2023-02-26,9,8,204,1,0.0,176.75
7992,2024-12-01,9,14,54,1,0.0,49.79
7993,2023-08-30,1,5,249,1,0.0,33.68
7994,2024-11-28,18,15,487,1,0.0,62.21
7995,2023-11-09,18,25,166,1,0.0,144.03
7996,2023-06-02,1,18,455,2,0.0,433.46
7997,2024-11-25,13,22,90,2,0.2,475.86
7998,2024-02-15,2,15,261,2,0.0,124.42
7999,2023-10-21,13,20,118,1,0.15,149.63
8000,2024-08-07,16,22,337,1,0.0,297.41
8001,2024-01-10,13,5,33,1,0.0,33.68
8002,2023-11-18,16,14,24,2,0.0,99.58
8003,2024-01-06,11,16,129,1,0.0,99.12
8004,2024-08-05,3,25,410,1,0.0,144.03
8005,2023-06-28,3,8,189,1,0.15,150.24
8006,2023-03-30,14,5,369,2,0.0,67.36
8007,2023-10-02,3,8,40,1,0.0,176.75
8008,2024-08-02,11,21,169,1,0.0,155.14
8009,2024-03-14,9,19,9,1,0.0,132.95
8010,2024-08-06,3,17,296,1,0.0,115.98
8011,2024-01-20,19,15,109,1,0.15,52.88
8012,2024-08-28,11,19,231,1,0.15,113.01
8013,2024-07-14,16,8,184,1,0.1,159.08
8014,2023-07-09,2,3,245,1,0.0,84.52
8015,2023-01-01,5,22,10,1,0.0,297.41
8016,2023-09-17,6,20,223,1,0.0,176.04
8017,2023-06-12,1,5,37,1,0.0,33.68
8018,2024-09-29,16,20,50,1,0.0,176.04
8019,2023-05-20,3,22,77,2,0.0,594.82
8020,2023-11-07,19,16,125,3,0.0,297.36
8021,2024-03-16,20,21,207,1,0.0,155.14
8022,2024-04-18,18,17,291,2,0.0,231.96
8023,2024-10-24,15,16,208,1,0.0,99.12
8024,2023-02-07,19,15,489,1,0.0,62.21
8025,2024-06-19,16,14,111,2,0.0,99.58
8026,2023-03-17,6,4,219,2,0.0,441.34
8027,2024-05-17,16,15,119,1,0.0,62.21
8028,2023-03-23,20,12,395,1,0.0,76.5
8029,2023-07-09,5,15,225,1,0.1,55.99
8030,2024-10-29,13,22,346,1,0.0,297.41
8031,2023-01-29,15,10,492,1,0.0,142.75
8032,2023-12-14,17,17,274,1,0.1,104.38
8033,2024-09-28,16,19,333,1,0.0,132.95
8034,2024-07-11,14,2,181,1,0.0,14.78
8035,2023-08-31,7,5,482,2,0.1,60.62
8036,2024-10-08,19,16,461,1,0.0,99.12
8037,2024-12-16,7,13,60,1,0.0,191.56
8038,2024-09-09,3,15,323,1,0.0,62.21
8039,2024-01-27,11,4,159,2,0.0,441.34
8040,2023-07-12,1,13,489,1,0.15,162.83
8041,2024-06-08,19,10,327,1,0.0,142.75
8042,2023-12-04,5,19,24,1,0.0,132.95
8043,2023-06-12,4,14,301,4,0.0,199.16
8044,2023-03-12,12,24,432,1,0.0,195.36
8045,2023-01-25,12,6,249,1,0.0,132.1
8046,2024-01-23,9,5,145,2,0.0,67.36
8047,2024-07-30,15,5,410,1,0.0,33.68
8048,2023-10-18,16,24,4,1,0.0,195.36
8049,2024-12-05,14,21,496,2,0.0,310.28
8050,2024-07-28,15,1,203,2,0.15,208.06
8051,2023-11-22,14,18,255,2,0.0,433.46
8052,2024-02-15,10,23,294,1,0.0,202.43
8053,2024-04-03,19,19,231,2,0.0,265.9
8054,2023-11-13,3,23,215,1,0.0,202.43
8055,2023-07-26,13,2,456,2,0.0,29.56
8056,2023-12-22,2,8,132,2,0.1,318.15
8057,2023-12-14,8,19,181,1,0.0,132.95
8058,2023-11-19,16,25,102,1,0.0,144.03
8059,2023-02-08,19,11,379,1,0.0,11.04
8060,2024-01-31,9,24,290,1,0.0,195.36
8061,2024-03-12,20,1,96,1,0.0,122.39
8062,2024-04-20,15,3,41,3,0.0,253.56
8063,2023-04-23,19,2,333,1,0.1,13.3
8064,2024-01-02,5,11,292,1,0.15,9.38
8065,2024-12-11,7,21,26,4,0.15,527.48
8066,2024-12-15,1,17,92,1,0.0,115.98
8067,2024-01-12,12,24,57,1,0.0,195.36
8068,2023-06-15,17,6,83,1,0.0,132.1
8069,2024-04-18,14,20,346,1,0.0,176.04
8070,2023-07-31,14,7,154,1,0.2,120.58
8071,2023-08-29,3,22,437,1,0.0,297.41
8072,2023-11-18,17,18,318,2,0.0,433.46
8073,2024-07-27,19,13,391,1,0.0,191.56
8074,2023-12-10,12,7,473,1,0.0,150.73
8075,2023-10-16,14,6,337,1,0.0,132.1
8076,2024-03-21,8,22,153,1,0.0,297.41
8077,2023-12-05,10,17,382,1,0.0,115.98
8078,2023-08-15,10,21,364,1,0.0,155.14
8079,2023-09-21,3,20,406,1,0.0,176.04
8080,2023-11-09,13,6,292,1,0.0,132.1
8081,2024-09-09,19,10,126,1,0.1,128.48
8082,2024-09-14,8,14,427,1,0.0,49.79
8083,2024-12-23,9,7,142,1,0.0,150.73
8084,2024-08-15,15,6,146,2,0.0,264.2
8085,2023-08-20,19,15,452,2,0.0,124.42
8086,2023-10-04,14,15,136,2,0.0,124.42
8087,2023-01-18,17,9,389,2,0.2,23.78
8088,2024-11-23,18,1,88,1,0.0,122.39
8089,2023-05-30,8,13,25,2,0.0,383.12
8090,2024-08-30,11,3,257,1,0.0,84.52
8091,2024-03-06,5,20,310,1,0.0,176.04
8092,2024-05-03,7,18,295,1,0.0,216.73
8093,2024-11-16,17,9,299,1,0.0,14.86
8094,2023-10-04,4,9,128,2,0.0,29.72
8095,2023-06-11,4,21,496,2,0.0,310.28
8096,2023-01-09,19,23,229,2,0.0,404.86
8097,2023-05-13,2,8,354,2,0.0,353.5
8098,2023-06-27,4,13,441,1,0.1,172.4
8099,2024-05-05,2,1,246,1,0.0,122.39
8100,2023-12-28,17,15,179,2,0.0,124.42
8101,2023-07-17,10,13,323,1,0.0,191.56
8102,2024-12-27,12,19,173,2,0.0,265.9
8103,2024-04-28,19,17,68,2,0.0,231.96
8104,2023-05-09,2,12,126,2,0.0,153.0
8105,2023-01-11,2,9,155,1,0.0,14.86
8106,2023-10-12,19,18,222,1,0.15,184.22
8107,2023-11-03,5,7,371,2,0.0,301.46
8108,2024-09-17,8,21,291,1,0.0,155.14
8109,2023-02-25,1,5,73,2,0.0,67.36
8110,2023-12-25,4,1,105,1,0.0,122.39
8111,2024-04-17,11,21,440,3,0.1,418.88
8112,2024-02-07,12,22,271,2,0.0,594.82
8113,2024-12-24,7,3,170,1,0.15,71.84
8114,2024-08-19,11,21,322,3,0.15,395.61
8115,2024-11-24,1,17,285,1,0.2,92.78
8116,2024-03-16,3,20,473,1,0.0,176.04
8117,2024-08-10,20,11,112,1,0.0,11.04
8118,2023-03-12,9,9,362,2,0.1,26.75
8119,2024-01-05,18,14,153,1,0.0,49.79
8120,2023-07-13,9,4,357,1,0.2,176.54
8121,2023-12-08,3,9,38,1,0.0,14.86
8122,2023-08-17,18,12,282,1,0.15,65.02
8123,2024-01-15,2,6,454,1,0.0,132.1
8124,2023-07-29,10,4,456,2,0.0,441.34
8125,2023-07-07,7,12,425,1,0.0,76.5
8126,2024-02-22,6,16,478,1,0.0,99.12
8127,2024-11-17,2,13,440,1,0.15,162.83
8128,2023-09-12,7,9,159,1,0.0,14.86
8129,2024-04-13,10,11,94,1,0.1,9.94
8130,2023-09-29,14,19,107,1,0.0,132.95
8131,2024-11-10,8,1,340,2,0.1,220.3
8132,2024-04-06,19,19,213,1,0.0,132.95
8133,2024-05-31,13,23,401,1,0.0,202.43
8134,2024-07-07,1,4,17,1,0.1,198.6
8135,2024-07-19,11,14,364,3,0.0,149.37
8136,2024-12-25,19,15,441,2,0.0,124.42
8137,2023-10-15,13,2,386,3,0.0,44.34
8138,2024-08-19,2,18,79,1,0.0,216.73
8139,2024-10-31,3,5,332,1,0.0,33.68
8140,2024-11-09,15,20,456,1,0.0,176.04
8141,2023-10-20,3,2,239,3,0.1,39.91
8142,2023-09-27,7,21,20,1,0.1,139.63
8143,2023-11-11,2,21,80,1,0.0,155.14
8144,2023-08-22,18,9,407,1,0.0,14.86
8145,2024-01-11,2,8,84,1,0.0,176.75
8146,2023-06-15,18,24,313,1,0.0,195.36
8147,2023-10-15,14,5,201,4,0.0,134.72
8148,2023-12-25,11,24,374,2,0.0,390.72
8149,2023-06-13,7,2,103,1,0.0,14.78
8150,2023-05-17,17,4,79,1,0.0,220.67
8151,2024-09-30,8,25,5,1,0.2,115.22
8152,2023-05-20,1,15,69,1,0.0,62.21
8153,2023-12-05,4,2,111,2,0.0,29.56
8154,2023-07-29,1,9,118,1,0.0,14.86
8155,2023-01-23,8,18,102,1,0.0,216.73
8156,2023-09-17,14,4,240,1,0.0,220.67
8157,2024-03-27,3,1,376,1,0.1,110.15
8158,2024-12-14,15,1,187,1,0.0,122.39
8159,2023-01-11,15,24,439,1,0.0,195.36
8160,2024-03-13,5,13,398,1,0.15,162.83
8161,2024-05-04,20,10,313,1,0.0,142.75
8162,2023-12-22,11,7,128,2,0.0,301.46
8163,2023-02-28,6,19,143,1,0.0,132.95
8164,2024-10-19,12,13,108,2,0.0,383.12
8165,2023-02-27,3,2,483,1,0.0,14.78
8166,2023-06-27,8,15,377,1,0.0,62.21
8167,2024-08-18,18,14,395,2,0.2,79.66
8168,2023-09-22,16,25,88,2,0.0,288.06
8169,2023-08-29,1,4,111,1,0.0,220.67
8170,2023-10-05,5,24,24,2,0.0,390.72
8171,2023-05-11,18,18,152,1,0.0,216.73
8172,2024-04-14,3,25,485,1,0.0,144.03
8173,2024-08-18,1,6,47,1,0.0,132.1
8174,2024-04-10,6,21,491,1,0.1,139.63
8175,2023-06-17,5,1,150,1,0.0,122.39
8176,2023-02-23,12,22,30,1,0.1,267.67
8177,2024-03-25,14,1,470,1,0.0,122.39
8178,2023-09-23,18,24,237,1,0.0,195.36
8179,2023-04-15,16,21,329,3,0.0,465.42
8180,2024-10-13,16,10,165,2,0.0,285.5
8181,2023-09-24,14,6,55,1,0.0,132.1
8182,2024-09-29,20,19,480,1,0.15,113.01
8183,2023-07-07,9,24,26,1,0.0,195.36
8184,2024-01-31,12,19,328,1,0.2,106.36
8185,2024-07-08,8,6,275,1,0.1,118.89
8186,2024-03-27,5,1,404,1,0.0,122.39
8187,2024-11-24,5,17,174,1,0.0,115.98
8188,2024-06-01,3,16,93,1,0.0,99.12
8189,2023-06-09,11,5,307,1,0.0,33.68
8190,2023-02-11,19,6,401,1,0.2,105.68
8191,2024-12-13,18,7,145,2,0.0,301.46
8192,2024-12-17,5,15,485,1,0.0,62.21
8193,2023-09-11,16,11,128,1,0.0,11.04
8194,2024-10-04,7,1,232,1,0.0,122.39
8195,2024-08-10,3,2,407,2,0.0,29.56
8196,2023-07-10,4,14,67,2,0.0,99.58
8197,2023-03-28,3,23,25,4,0.0,809.72
8198,2023-05-03,17,10,235,2,0.0,285.5
8199,2024-06-09,2,3,121,1,0.0,84.52
8200,2024-12-23,18,18,213,1,0.0,216.73
8201,2024-09-20,2,19,343,1,0.0,132.95
8202,2023-03-17,15,7,438,4,0.0,602.92
8203,2023-02-20,16,16,150,2,0.1,178.42
8204,2024-12-21,8,25,307,2,0.0,288.06
8205,2023-06-04,12,4,54,1,0.0,220.67
8206,2024-08-24,20,19,317,1,0.1,119.65
8207,2023-09-15,12,13,92,2,0.15,325.65
8208,2024-09-04,11,18,377,2,0.0,433.46
8209,2023-04-23,16,21,53,1,0.1,139.63
8210,2023-06-26,6,11,73,3,0.0,33.12
8211,2024-05-19,13,1,384,1,0.0,122.39
8212,2023-09-18,8,18,113,2,0.0,433.46
8213,2024-07-24,15,21,94,1,0.0,155.14
8214,2023-06-17,1,5,185,2,0.0,67.36
8215,2023-10-24,5,11,74,3,0.0,33.12
8216,2023-04-26,13,22,91,2,0.1,535.34
8217,2024-01-21,11,17,351,1,0.0,115.98
8218,2023-09-24,19,11,451,1,0.0,11.04
8219,2024-10-23,13,20,436,1,0.1,158.44
8220,2023-07-16,7,4,379,1,0.0,220.67
8221,2023-01-02,18,10,419,1,0.1,128.48
8222,2023-07-20,7,21,500,2,0.0,310.28
8223,2023-10-24,10,12,155,1,0.0,76.5
8224,2024-03-29,1,13,157,1,0.0,191.56
8225,2024-05-29,17,7,256,2,0.15,256.24
8226,2024-06-04,20,5,298,1,0.0,33.68
8227,2023-12-15,1,11,412,1,0.0,11.04
8228,2023-06-20,1,2,441,2,0.0,29.56
8229,2024-01-19,20,23,350,1,0.0,202.43
8230,2024-01-22,17,13,351,1,0.0,191.56
8231,2023-12-25,11,12,98,2,0.0,153.0
8232,2024-11-29,9,11,320,2,0.0,22.08
8233,2024-12-19,13,23,219,1,0.2,161.94
8234,2024-10-11,7,8,82,1,0.0,176.75
8235,2024-09-04,11,3,213,2,0.0,169.04
8236,2023-08-27,9,12,95,1,0.15,65.02
8237,2024-04-08,16,19,243,1,0.0,132.95
8238,2023-11-23,6,11,467,4,0.0,44.16
8239,2024-01-03,19,16,79,1,0.0,99.12
8240,2023-01-18,14,20,42,2,0.0,352.08
8241,2024-02-13,12,20,278,1,0.15,149.63
8242,2023-03-27,5,24,415,1,0.0,195.36
8243,2024-09-11,5,6,15,1,0.2,105.68
8244,2024-10-31,12,6,294,4,0.0,528.4
8245,2023-06-11,5,25,304,1,0.0,144.03
8246,2023-10-20,4,16,37,1,0.0,99.12
8247,2023-11-27,14,22,112,2,0.1,535.34
8248,2023-02-13,5,4,303,2,0.0,441.34
8249,2023-11-22,19,8,206,1,0.0,176.75
8250,2023-08-27,14,20,126,1,0.0,176.04
8251,2024-04-19,5,18,331,1,0.0,216.73
8252,2024-02-23,6,7,424,1,0.0,150.73
8253,2024-09-29,10,18,341,3,0.0,650.19
8254,2023-07-04,2,25,221,2,0.0,288.06
8255,2024-01-22,3,15,172,1,0.0,62.21
8256,2024-11-17,1,14,331,1,0.0,49.79
8257,2024-11-15,4,14,100,1,0.0,49.79
8258,2023-07-29,4,3,115,2,0.0,169.04
8259,2024-11-01,2,17,23,2,0.0,231.96
8260,2023-10-07,19,1,274,4,0.0,489.56
8261,2023-08-18,6,9,33,1,0.0,14.86
8262,2024-10-19,3,25,91,2,0.0,288.06
8263,2023-06-05,4,21,487,1,0.0,155.14
8264,2023-06-27,3,15,191,1,0.0,62.21
8265,2023-10-31,17,11,340,1,0.15,9.38
8266,2023-04-26,12,15,276,1,0.0,62.21
8267,2023-06-07,14,21,279,1,0.0,155.14
8268,2024-03-03,18,5,256,1,0.0,33.68
8269,2024-02-16,10,18,458,1,0.0,216.73
8270,2023-01-09,4,19,391,2,0.0,265.9
8271,2024-08-19,4,15,272,3,0.1,167.97
8272,2023-12-18,2,23,200,1,0.0,202.43
8273,2023-11-13,5,21,429,1,0.0,155.14
8274,2024-11-26,13,17,91,1,0.0,115.98
8275,2024-08-06,17,24,469,2,0.0,390.72
8276,2024-05-24,15,1,327,1,0.0,122.39
8277,2024-06-21,16,1,126,1,0.0,122.39
8278,2023-11-18,13,5,327,1,0.1,30.31
8279,2024-02-16,10,15,485,2,0.0,124.42
8280,2024-02-13,10,4,397,1,0.0,220.67
8281,2023-05-02,20,5,223,1,0.0,33.68
8282,2023-05-13,7,25,152,1,0.0,144.03
8283,2024-11-20,5,7,367,1,0.0,150.73
8284,2024-03-22,5,13,92,1,0.0,191.56
8285,2023-03-18,7,6,94,1,0.1,118.89
8286,2023-01-18,10,13,354,1,0.0,191.56
8287,2023-03-07,2,1,146,2,0.0,244.78
8288,2023-06-17,20,17,130,1,0.0,115.98
8289,2024-06-28,7,3,408,3,0.0,253.56
8290,2023-04-26,10,17,376,1,0.15,98.58
8291,2024-05-12,17,7,470,1,0.0,150.73
8292,2024-08-04,4,4,47,1,0.0,220.67
8293,2024-04-27,20,11,229,2,0.1,19.87
8294,2023-06-07,14,1,302,1,0.0,122.39
8295,2024-09-16,20,4,314,1,0.0,220.67
8296,2023-10-12,19,7,354,1,0.15,128.12
8297,2024-06-23,4,19,334,1,0.0,132.95
8298,2023-06-14,17,3,358,2,0.0,169.04
8299,2023-07-23,4,19,377,1,0.1,119.65
8300,2024-07-16,1,1,30,2,0.0,244.78
8301,2023-08-13,14,17,217,1,0.0,115.98
8302,2024-02-24,1,4,378,2,0.2,353.07
8303,2024-12-05,1,18,32,1,0.0,216.73
8304,2023-01-06,12,6,480,1,0.0,132.1
8305,2023-07-21,6,4,277,1,0.0,220.67
8306,2023-12-13,7,19,447,1,0.0,132.95
8307,2023-04-09,1,5,165,2,0.0,67.36
8308,2024-10-08,2,1,168,1,0.0,122.39
8309,2023-07-03,9,20,126,1,0.0,176.04
8310,2024-06-26,8,21,282,1,0.0,155.14
8311,2024-12-12,18,17,353,1,0.1,104.38
8312,2023-06-15,14,11,432,2,0.0,22.08
8313,2024-09-22,6,17,338,1,0.0,115.98
8314,2024-08-01,20,15,32,1,0.1,55.99
8315,2023-03-03,15,20,204,1,0.0,176.04
8316,2024-06-30,14,10,84,1,0.0,142.75
8317,2024-04-13,14,7,478,1,0.0,150.73
8318,2023-09-07,8,19,91,1,0.0,132.95
8319,2024-07-23,7,10,452,2,0.0,285.5
8320,2024-05-28,20,25,458,1,0.0,144.03
8321,2024-01-30,7,7,110,1,0.0,150.73
8322,2024-05-10,14,2,461,1,0.0,14.78
8323,2023-03-27,17,24,173,2,0.0,390.72
8324,2024-10-12,4,6,453,1,0.0,132.1
8325,2024-10-08,18,24,468,1,0.0,195.36
8326,2024-02-17,6,11,204,1,0.1,9.94
8327,2024-04-10,4,4,127,1,0.0,220.67
8328,2024-03-20,18,11,157,1,0.0,11.04
8329,2023-04-22,1,15,499,4,0.0,248.84
8330,2023-03-18,7,19,80,3,0.0,398.85
8331,2024-11-10,6,2,103,2,0.0,29.56
8332,2023-08-20,20,24,79,1,0.0,195.36
8333,2023-04-12,18,23,435,1,0.2,161.94
8334,2024-06-04,8,23,179,1,0.0,202.43
8335,2023-07-11,15,5,378,1,0.0,33.68
8336,2024-09-06,3,11,271,1,0.0,11.04
8337,2024-05-03,11,14,363,1,0.0,49.79
8338,2024-12-16,16,24,198,1,0.0,195.36
8339,2023-04-08,2,13,217,1,0.0,191.56
8340,2024-10-06,12,4,423,1,0.0,220.67
8341,2024-08-18,6,13,4,2,0.0,383.12
8342,2024-10-12,18,21,268,2,0.0,310.28
8343,2023-04-13,9,5,127,1,0.0,33.68
8344,2023-03-18,20,13,66,2,0.0,383.12
8345,2024-04-23,20,16,228,2,0.0,198.24
8346,2024-02-24,4,3,236,2,0.0,169.04
8347,2024-05-30,4,11,181,2,0.0,22.08
8348,2024-08-30,14,3,297,1,0.0,84.52
8349,2024-06-30,8,3,278,3,0.0,253.56
8350,2024-12-22,16,21,92,1,0.0,155.14
8351,2024-11-23,5,21,360,2,0.1,279.25
8352,2024-02-05,13,22,189,2,0.0,594.82
8353,2024-12-13,13,18,274,1,0.0,216.73
8354,2024-01-29,6,12,314,1,0.0,76.5
8355,2023-12-29,4,21,71,1,0.0,155.14
8356,2023-11-28,10,2,316,1,0.0,14.78
8357,2024-06-03,19,19,290,1,0.0,132.95
8358,2023-06-16,11,1,167,1,0.2,97.91
8359,2023-08-17,20,9,140,2,0.0,29.72
8360,2024-11-18,1,20,392,1,0.0,176.04
8361,2024-03-31,10,15,454,4,0.0,248.84
8362,2023-05-20,19,1,442,4,0.0,489.56
8363,2024-09-14,1,21,228,1,0.0,155.14
8364,2023-10-02,16,19,74,1,0.0,132.95
8365,2024-09-24,14,10,217,1,0.1,128.48
8366,2024-08-27,10,9,33,1,0.1,13.37
8367,2024-03-24,19,1,317,1,0.0,122.39
8368,2024-02-10,16,6,12,2,0.0,264.2
8369,2024-07-29,1,5,284,2,0.0,67.36
8370,2024-09-01,15,5,158,1,0.15,28.63
8371,2024-12-03,9,4,287,1,0.0,220.67
8372,2023-12-27,19,8,146,1,0.0,176.75
8373,2024-02-20,9,13,39,1,0.0,191.56
8374,2024-06-05,7,1,411,1,0.0,122.39
8375,2024-09-14,17,11,434,1,0.0,11.04
8376,2023-11-15,8,20,148,1,0.0,176.04
8377,2024-04-14,17,15,484,1,0.2,49.77
8378,2024-10-07,11,18,106,3,0.0,650.19
8379,2024-02-13,19,8,275,1,0.0,176.75
8380,2024-06-30,4,24,195,3,0.0,586.08
8381,2023-10-27,19,8,274,2,0.2,282.8
8382,2023-01-29,9,2,149,1,0.0,14.78
8383,2023-11-20,6,22,340,1,0.0,297.41
8384,2024-10-17,17,7,413,1,0.0,150.73
8385,2024-02-08,1,25,168,2,0.0,288.06
8386,2023-06-25,4,17,428,1,0.0,115.98
8387,2023-02-02,6,9,205,1,0.0,14.86
8388,2023-05-23,15,23,21,2,0.0,404.86
8389,2024-02-11,13,10,149,2,0.0,285.5
8390,2024-07-20,20,25,462,1,0.0,144.03
8391,2023-03-04,1,20,431,1,0.0,176.04
8392,2024-07-11,6,14,139,1,0.0,49.79
8393,2024-07-01,9,7,184,1,0.0,150.73
8394,2024-06-16,4,1,395,2,0.0,244.78
8395,2023-08-15,1,9,285,1,0.0,14.86
8396,2024-07-06,19,17,285,1,0.0,115.98
8397,2023-07-14,2,18,169,2,0.0,433.46
8398,2024-05-09,10,24,342,3,0.0,586.08
8399,2024-07-07,18,24,122,1,0.0,195.36
8400,2024-09-25,20,2,378,1,0.0,14.78
8401,2024-04-30,9,3,427,1,0.0,84.52
8402,2023-04-19,18,4,178,2,0.0,441.34
8403,2024-03-01,8,1,8,1,0.0,122.39
8404,2023-06-02,15,23,404,2,0.0,404.86
8405,2024-01-15,1,20,25,1,0.0,176.04
8406,2023-01-01,7,15,24,1,0.0,62.21
8407,2024-11-13,13,1,53,1,0.0,122.39
8408,2024-08-29,20,25,183,1,0.0,144.03
8409,2024-10-22,7,4,9,1,0.0,220.67
8410,2024-01-02,13,8,150,2,0.1,318.15
8411,2023-04-10,18,6,134,4,0.0,528.4
8412,2024-08-01,7,3,423,1,0.0,84.52
8413,2024-03-24,18,21,341,2,0.0,310.28
8414,2023-10-29,14,25,230,1,0.0,144.03
8415,2024-08-06,2,12,258,1,0.0,76.5
8416,2024-05-06,1,16,335,2,0.0,198.24
8417,2023-05-02,17,9,242,1,0.0,14.86
8418,2023-06-15,14,8,450,1,0.0,176.75
8419,2024-10-20,2,17,16,4,0.0,463.92
8420,2023-04-26,7,19,219,2,0.0,265.9
8421,2024-01-17,4,11,25,2,0.0,22.08
8422,2023-08-25,9,15,471,2,0.0,124.42
8423,2023-10-30,10,4,487,1,0.0,220.67
8424,2023-09-16,5,18,308,1,0.1,195.06
8425,2024-09-01,2,10,202,1,0.2,114.2
8426,2024-05-10,9,15,341,1,0.0,62.21
8427,2023-12-18,18,25,463,1,0.15,122.43
8428,2024-02-15,12,23,85,1,0.0,202.43
8429,2023-11-05,13,8,73,1,0.0,176.75
8430,2023-05-10,4,1,166,1,0.0,122.39
8431,2023-12-19,14,17,447,2,0.0,231.96
8432,2024-05-04,5,24,162,2,0.15,332.11
8433,2024-03-11,6,6,95,1,0.0,132.1
8434,2023-07-05,4,9,312,1,0.15,12.63
8435,2023-01-09,11,22,121,1,0.0,297.41
8436,2023-08-09,10,5,226,1,0.0,33.68
8437,2023-01-31,9,14,256,2,0.2,79.66
8438,2023-11-11,13,6,156,1,0.0,132.1
8439,2024-07-08,10,12,351,1,0.0,76.5
8440,2023-11-08,20,8,224,3,0.0,530.25
8441,2023-12-28,8,7,274,1,0.0,150.73
8442,2023-08-19,11,5,4,1,0.0,33.68
8443,2024-05-15,3,19,497,1,0.0,132.95
8444,2023-05-21,10,10,171,1,0.0,142.75
8445,2023-12-06,20,3,29,1,0.2,67.62
8446,2023-01-04,8,5,202,3,0.0,101.04
8447,2023-05-11,6,20,485,1,0.0,176.04
8448,2023-04-04,3,4,476,1,0.0,220.67
8449,2024-04-28,8,12,473,1,0.0,76.5
8450,2024-10-17,5,6,325,2,0.0,264.2
8451,2024-04-19,16,23,81,1,0.2,161.94
8452,2024-03-11,9,6,275,1,0.0,132.1
8453,2024-10-19,18,22,375,1,0.1,267.67
8454,2023-09-10,20,5,178,2,0.1,60.62
8455,2024-07-23,11,2,365,1,0.0,14.78
8456,2024-11-11,6,7,93,1,0.0,150.73
8457,2024-08-21,10,7,88,1,0.0,150.73
8458,2024-11-28,5,13,365,2,0.0,383.12
8459,2023-11-04,17,7,168,2,0.0,301.46
8460,2024-05-15,12,7,315,1,0.1,135.66
8461,2023-03-28,15,24,35,1,0.0,195.36
8462,2023-02-26,11,2,470,1,0.0,14.78
8463,2023-02-23,17,11,437,2,0.0,22.08
8464,2024-10-14,2,13,186,2,0.2,306.5
8465,2023-11-12,9,2,230,1,0.0,14.78
8466,2024-04-10,10,24,138,1,0.0,195.36
8467,2024-04-27,8,17,392,3,0.0,347.94
8468,2024-01-10,7,3,183,3,0.0,253.56
8469,2023-05-25,10,5,225,1,0.0,33.68
8470,2024-06-25,10,3,58,1,0.0,84.52
8471,2024-04-17,4,9,183,2,0.1,26.75
8472,2024-08-17,10,17,360,1,0.0,115.98
8473,2024-08-07,15,9,103,1,0.0,14.86
8474,2023-09-24,10,6,434,1,0.0,132.1
8475,2024-09-09,7,13,19,4,0.0,766.24
8476,2023-12-17,18,2,16,1,0.0,14.78
8477,2023-08-16,7,18,64,1,0.0,216.73
8478,2024-06-26,7,18,216,2,0.0,433.46
8479,2023-03-27,3,12,353,1,0.15,65.02
8480,2023-07-25,8,4,423,1,0.0,220.67
8481,2024-10-21,17,11,471,1,0.1,9.94
8482,2024-09-07,6,11,219,1,0.0,11.04
8483,2023-02-08,17,25,243,1,0.0,144.03
8484,2024-06-02,18,23,456,1,0.0,202.43
8485,2023-06-29,18,4,35,2,0.0,441.34
8486,2023-12-28,16,3,279,1,0.1,76.07
8487,2024-05-01,7,23,5,1,0.0,202.43
8488,2023-10-20,18,18,223,2,0.0,433.46
8489,2023-07-08,11,20,351,1,0.0,176.04
8490,2023-03-06,11,11,93,1,0.0,11.04
8491,2023-05-06,15,9,355,1,0.0,14.86
8492,2023-11-10,7,10,475,1,0.0,142.75
8493,2023-12-02,16,16,416,1,0.0,99.12
8494,2024-06-08,2,1,52,2,0.0,244.78
8495,2024-06-08,19,9,443,1,0.0,14.86
8496,2023-04-20,12,6,218,2,0.0,264.2
8497,2024-12-03,10,17,143,2,0.0,231.96
8498,2024-01-26,16,14,45,2,0.0,99.58
8499,2024-05-05,15,12,381,1,0.1,68.85
8500,2024-01-23,6,12,304,3,0.1,206.55
8501,2024-02-12,19,14,478,1,0.0,49.79
8502,2023-03-08,10,14,115,1,0.0,49.79
8503,2023-08-03,13,8,70,2,0.0,353.5
8504,2024-08-24,20,14,295,1,0.0,49.79
8505,2023-09-21,13,15,323,1,0.0,62.21
8506,2024-03-16,9,16,498,1,0.15,84.25
8507,2023-12-19,19,18,300,2,0.0,433.46
8508,2023-01-30,2,21,58,1,0.0,155.14
8509,2023-02-19,18,2,305,1,0.0,14.78
8510,2024-07-21,11,21,246,2,0.0,310.28
8511,2023-08-22,19,21,9,2,0.0,310.28
8512,2024-06-28,8,12,427,2,0.0,153.0
8513,2024-12-01,6,25,49,1,0.0,144.03
8514,2024-12-20,14,11,340,2,0.0,22.08
8515,2024-06-18,10,7,464,1,0.0,150.73
8516,2023-10-22,6,9,334,1,0.0,14.86
8517,2023-10-29,13,3,142,2,0.1,152.14
8518,2024-06-10,17,25,153,3,0.1,388.88
8519,2024-09-26,20,16,371,1,0.0,99.12
8520,2024-04-13,19,25,190,1,0.0,144.03
8521,2024-03-24,6,3,288,1,0.0,84.52
8522,2024-01-15,16,7,169,2,0.0,301.46
8523,2024-10-12,19,19,179,2,0.0,265.9
8524,2024-06-16,5,4,485,1,0.0,220.67
8525,2024-06-14,4,8,432,1,0.0,176.75
8526,2024-08-29,2,17,92,3,0.1,313.15
8527,2023-05-27,3,23,226,1,0.0,202.43
8528,2024-08-20,15,23,375,2,0.1,364.37
8529,2024-07-05,20,1,339,2,0.1,220.3
8530,2024-11-09,3,6,420,1,0.0,132.1
8531,2023-05-21,10,6,271,1,0.0,132.1
8532,2024-07-07,7,18,328,1,0.0,216.73
8533,2024-09-15,15,20,461,1,0.2,140.83
8534,2023-03-25,15,1,8,2,0.1,220.3
8535,2023-12-03,17,14,154,2,0.1,89.62
8536,2023-09-26,11,4,416,1,0.15,187.57
8537,2023-04-12,9,15,407,1,0.0,62.21
8538,2023-07-31,14,8,255,1,0.0,176.75
8539,2023-06-13,17,15,201,1,0.15,52.88
8540,2024-06-19,4,9,43,2,0.1,26.75
8541,2023-07-06,7,22,327,1,0.0,297.41
8542,2023-01-31,7,4,271,1,0.0,220.67
8543,2024-05-29,11,6,386,1,0.1,118.89
8544,2024-03-20,18,6,59,1,0.1,118.89
8545,2023-03-25,19,25,126,1,0.0,144.03
8546,2024-09-16,16,21,428,1,0.0,155.14
8547,2024-07-05,3,16,141,2,0.0,198.24
8548,2023-12-11,1,16,378,2,0.0,198.24
8549,2024-09-24,19,23,323,1,0.0,202.43
8550,2023-06-20,4,8,228,3,0.0,530.25
8551,2024-04-24,19,7,25,1,0.0,150.73
8552,2024-01-15,11,24,76,2,0.0,390.72
8553,2024-07-27,14,4,474,3,0.0,662.01
8554,2024-03-09,19,18,107,2,0.0,433.46
8555,2023-08-15,12,24,46,1,0.0,195.36
8556,2024-10-05,11,19,382,1,0.0,132.95
8557,2024-05-31,18,13,385,1,0.1,172.4
8558,2023-01-22,15,20,493,2,0.0,352.08
8559,2023-01-13,11,1,100,1,0.1,110.15
8560,2023-05-10,13,21,11,1,0.15,131.87
8561,2023-05-05,4,13,295,1,0.1,172.4
8562,2023-09-04,19,5,41,1,0.0,33.68
8563,2023-01-11,8,17,491,1,0.0,115.98
8564,2024-06-29,5,10,437,1,0.0,142.75
8565,2024-08-10,16,17,158,1,0.0,115.98
8566,2023-05-18,11,14,179,1,0.0,49.79
8567,2023-05-05,8,10,371,1,0.0,142.75
8568,2024-03-12,2,10,294,1,0.0,142.75
8569,2023-03-02,17,12,168,1,0.0,76.5
8570,2024-07-01,4,12,439,1,0.1,68.85
8571,2024-05-29,4,19,22,2,0.0,265.9
8572,2023-10-18,11,12,32,1,0.0,76.5
8573,2023-05-19,10,9,109,3,0.0,44.58
8574,2024-04-17,7,16,206,1,0.15,84.25
8575,2023-03-13,11,23,478,1,0.0,202.43
8576,2024-12-14,17,8,255,1,0.0,176.75
8577,2023-07-30,13,22,388,3,0.0,892.23
8578,2024-02-16,5,7,469,2,0.1,271.31
8579,2024-03-26,3,24,112,1,0.0,195.36
8580,2024-12-24,20,23,206,1,0.0,202.43
8581,2024-08-04,8,1,108,1,0.0,122.39
8582,2023-12-20,2,11,361,1,0.0,11.04
8583,2023-01-08,11,5,279,1,0.0,33.68
8584,2023-11-26,14,14,47,1,0.0,49.79
8585,2024-01-11,10,13,231,1,0.0,191.56
8586,2024-11-21,11,22,441,1,0.0,297.41
8587,2024-01-31,13,15,123,1,0.1,55.99
8588,2024-08-21,16,25,291,2,0.0,288.06
8589,2023-07-10,12,4,178,1,0.0,220.67
8590,2023-04-29,4,15,195,3,0.1,167.97
8591,2023-10-25,8,5,202,1,0.0,33.68
8592,2024-11-26,5,8,430,1,0.1,159.08
8593,2024-06-04,8,6,242,1,0.0,132.1
8594,2024-05-12,6,24,234,1,0.0,195.36
8595,2023-01-29,6,8,279,1,0.0,176.75
8596,2024-08-31,14,7,393,1,0.0,150.73
8597,2024-10-27,13,10,210,1,0.0,142.75
8598,2023-01-05,11,16,469,1,0.0,99.12
8599,2023-09-13,10,19,91,2,0.0,265.9
8600,2024-06-17,3,6,194,2,0.2,211.36
8601,2023-09-19,9,14,36,3,0.0,149.37
8602,2024-12-22,3,21,18,1,0.0,155.14
8603,2023-04-18,20,2,357,1,0.0,14.78
8604,2024-04-17,11,24,325,1,0.2,156.29
8605,2023-07-29,11,12,275,1,0.0,76.5
8606,2024-10-12,10,8,210,1,0.0,176.75
8607,2023-09-29,2,21,500,1,0.15,131.87
8608,2024-01-18,4,6,20,2,0.1,237.78
8609,2023-07-13,18,2,280,2,0.1,26.6
8610,2023-01-02,5,21,252,1,0.15,131.87
8611,2023-08-08,1,23,136,2,0.0,404.86
8612,2023-05-27,16,11,215,1,0.0,11.04
8613,2023-08-02,14,25,69,1,0.0,144.03
8614,2024-06-05,4,7,135,1,0.1,135.66
8615,2024-10-10,9,18,347,1,0.0,216.73
8616,2023-10-05,15,9,60,1,0.15,12.63
8617,2024-06-25,19,3,118,1,0.2,67.62
8618,2024-08-29,11,4,407,1,0.0,220.67
8619,2023-08-05,1,5,295,2,0.2,53.89
8620,2024-02-26,19,12,409,1,0.0,76.5
8621,2023-02-15,14,4,254,1,0.0,220.67
8622,2024-02-16,9,18,356,1,0.0,216.73
8623,2024-11-06,1,15,292,1,0.0,62.21
8624,2023-06-27,6,14,259,1,0.0,49.79
8625,2024-07-03,9,16,481,1,0.0,99.12
8626,2024-09-20,17,16,233,1,0.0,99.12
8627,2023-10-04,11,9,387,1,0.1,13.37
8628,2023-12-23,8,11,426,1,0.0,11.04
8629,2023-12-03,15,2,70,1,0.0,14.78
8630,2024-05-17,4,5,233,1,0.0,33.68
8631,2023-09-30,7,10,11,4,0.0,571.0
8632,2024-10-19,14,18,413,3,0.2,520.15
8633,2024-07-20,18,23,62,1,0.0,202.43
8634,2023-04-19,13,24,430,3,0.0,586.08
8635,2023-10-05,2,13,104,2,0.0,383.12
8636,2023-11-09,19,22,258,2,0.1,535.34
8637,2024-06-19,3,11,260,1,0.0,11.04
8638,2024-05-20,7,21,281,2,0.2,248.22
8639,2024-04-26,15,12,334,1,0.0,76.5
8640,2024-01-03,17,9,114,1,0.0,14.86
8641,2023-08-28,7,7,208,1,0.0,150.73
8642,2023-10-18,16,18,231,1,0.0,216.73
8643,2023-01-15,9,21,49,3,0.0,465.42
8644,2023-08-27,1,8,310,1,0.0,176.75
8645,2023-01-13,20,16,468,1,0.1,89.21
8646,2023-04-26,12,18,99,1,0.0,216.73
8647,2024-06-08,14,12,497,1,0.0,76.5
8648,2023-01-24,6,7,280,2,0.15,256.24
8649,2023-05-11,13,24,69,2,0.15,332.11
8650,2023-12-06,2,4,474,1,0.0,220.67
8651,2023-09-26,3,20,336,2,0.0,352.08
8652,2023-06-24,8,7,458,1,0.0,150.73
8653,2023-03-29,20,17,18,1,0.1,104.38
8654,2024-10-30,12,15,231,3,0.15,158.64
8655,2024-04-17,5,3,4,2,0.0,169.04
8656,2023-10-02,9,2,34,1,0.0,14.78
8657,2023-01-21,2,3,363,1,0.0,84.52
8658,2024-12-07,19,22,430,1,0.1,267.67
8659,2024-12-19,7,9,82,1,0.15,12.63
8660,2023-10-05,12,3,400,1,0.0,84.52
8661,2023-09-03,18,23,330,1,0.0,202.43
8662,2023-03-19,2,2,319,1,0.0,14.78
8663,2024-05-09,20,3,159,2,0.0,169.04
8664,2023-04-12,5,14,74,1,0.0,49.79
8665,2023-10-11,18,8,488,2,0.0,353.5
8666,2024-04-21,1,7,301,2,0.0,301.46
8667,2024-07-25,16,16,78,1,0.0,99.12
8668,2024-02-04,9,8,444,1,0.0,176.75
8669,2024-08-11,14,11,105,1,0.15,9.38
8670,2023-07-07,6,24,192,1,0.0,195.36
8671,2023-03-22,16,23,432,1,0.0,202.43
8672,2023-11-02,6,1,149,1,0.0,122.39
8673,2023-01-15,9,22,427,2,0.0,594.82
8674,2024-12-11,7,19,89,1,0.0,132.95
8675,2024-03-05,4,14,56,1,0.0,49.79
8676,2024-06-30,20,5,27,1,0.15,28.63
8677,2023-02-06,7,20,157,1,0.0,176.04
8678,2024-01-27,17,5,221,1,0.0,33.68
8679,2023-04-12,13,1,111,1,0.0,122.39
8680,2023-02-21,16,4,7,4,0.0,882.68
8681,2023-06-02,18,17,205,1,0.0,115.98
8682,2024-04-04,6,15,29,1,0.1,55.99
8683,2023-06-05,2,4,17,1,0.0,220.67
8684,2024-08-31,11,22,400,1,0.0,297.41
8685,2023-08-31,13,3,458,4,0.0,338.08
8686,2024-02-29,5,23,36,1,0.15,172.07
8687,2024-08-07,12,2,101,1,0.15,12.56
8688,2024-02-24,18,23,299,2,0.0,404.86
8689,2023-02-01,1,23,174,1,0.1,182.19
8690,2024-04-21,16,8,310,3,0.0,530.25
8691,2023-11-04,16,19,125,4,0.0,531.8
8692,2023-05-20,11,23,490,1,0.0,202.43
8693,2024-07-30,1,10,14,1,0.2,114.2
8694,2024-04-17,7,24,316,1,0.1,175.82
8695,2024-04-17,3,9,98,1,0.1,13.37
8696,2023-02-05,15,3,88,1,0.0,84.52
8697,2023-06-14,3,3,56,1,0.0,84.52
8698,2023-07-29,18,9,417,1,0.0,14.86
8699,2024-01-25,19,23,22,1,0.0,202.43
8700,2024-06-05,16,18,453,2,0.0,433.46
8701,2023-03-19,13,7,254,1,0.0,150.73
8702,2023-05-26,6,14,62,1,0.0,49.79
8703,2023-01-26,9,19,162,2,0.0,265.9
8704,2024-12-27,14,11,406,1,0.15,9.38
8705,2023-04-25,16,18,57,2,0.0,433.46
8706,2024-08-06,6,25,281,1,0.0,144.03
8707,2023-03-12,16,23,428,1,0.0,202.43
8708,2023-01-07,15,8,132,4,0.0,707.0
8709,2023-11-02,5,20,423,1,0.0,176.04
8710,2023-08-19,10,14,151,1,0.0,49.79
8711,2023-05-15,6,12,185,2,0.0,153.0
8712,2023-05-28,3,11,332,1,0.0,11.04
8713,2024-02-11,1,8,74,1,0.0,176.75
8714,2023-12-19,9,24,387,1,0.0,195.36
8715,2023-03-26,5,3,489,1,0.0,84.52
8716,2024-11-11,19,12,140,1,0.0,76.5
8717,2023-11-09,15,13,409,1,0.0,191.56
8718,2024-04-30,6,5,193,2,0.0,67.36
8719,2024-09-23,1,10,107,4,0.15,485.35
8720,2024-11-21,12,5,162,1,0.0,33.68
8721,2023-04-07,8,23,473,1,0.0,202.43
8722,2023-05-14,16,3,210,1,0.0,84.52
8723,2023-03-22,15,4,309,1,0.0,220.67
8724,2023-11-04,1,19,497,1,0.0,132.95
8725,2024-11-12,12,21,300,3,0.1,418.88
8726,2024-07-07,12,4,58,1,0.0,220.67
8727,2024-01-27,2,14,68,2,0.0,99.58
8728,2023-04-19,4,14,295,3,0.15,126.96
8729,2024-11-18,19,15,473,1,0.0,62.21
8730,2023-04-04,6,7,413,1,0.0,150.73
8731,2024-03-16,18,25,451,1,0.0,144.03
8732,2024-02-19,10,10,376,1,0.0,142.75
8733,2024-09-13,18,9,454,2,0.0,29.72
8734,2024-02-28,9,1,246,1,0.0,122.39
8735,2024-07-23,14,15,406,1,0.0,62.21
8736,2024-06-10,14,11,65,1,0.15,9.38
8737,2023-08-08,15,14,195,1,0.0,49.79
8738,2023-03-02,1,6,257,1,0.0,132.1
8739,2024-06-22,9,22,160,2,0.0,594.82
8740,2024-04-12,9,7,13,1,0.0,150.73
8741,2024-06-07,8,19,225,2,0.0,265.9
8742,2024-11-04,3,7,290,1,0.0,150.73
8743,2023-04-23,19,11,17,3,0.0,33.12
8744,2024-05-17,10,1,318,1,0.15,104.03
8745,2024-08-03,5,19,44,1,0.0,132.95
8746,2024-03-23,10,25,23,1,0.1,129.63
8747,2023-02-21,13,6,293,3,0.0,396.3
8748,2024-06-25,7,6,202,1,0.0,132.1
8749,2024-09-14,5,15,427,1,0.0,62.21
8750,2023-07-22,11,21,118,2,0.0,310.28
8751,2023-10-13,18,21,138,1,0.1,139.63
8752,2024-06-06,14,9,139,1,0.2,11.89
8753,2024-04-04,2,10,259,1,0.0,142.75
8754,2023-06-11,4,4,115,2,0.15,375.14
8755,2024-08-10,17,14,211,1,0.0,49.79
8756,2023-11-06,5,15,366,1,0.0,62.21
8757,2023-01-10,6,14,34,1,0.0,49.79
8758,2023-06-20,7,21,381,1,0.2,124.11
8759,2024-05-18,5,15,444,1,0.0,62.21
8760,2023-01-15,12,24,463,1,0.0,195.36
8761,2023-12-07,7,2,2,1,0.1,13.3
8762,2023-03-04,1,5,10,2,0.1,60.62
8763,2024-07-15,17,7,193,1,0.0,150.73
8764,2023-09-12,10,14,381,1,0.0,49.79
8765,2024-02-17,15,21,123,1,0.0,155.14
8766,2024-08-30,4,19,314,2,0.0,265.9
8767,2023-01-05,1,13,265,2,0.0,383.12
8768,2024-06-17,19,13,394,1,0.2,153.25
8769,2024-08-04,3,11,63,2,0.0,22.08
8770,2023-09-16,4,1,208,1,0.0,122.39
8771,2023-01-03,1,21,297,1,0.0,155.14
8772,2023-04-05,13,6,291,1,0.0,132.1
8773,2024-10-04,5,3,421,2,0.0,169.04
8774,2023-08-29,5,5,351,1,0.0,33.68
8775,2024-05-21,7,17,479,1,0.0,115.98
8776,2024-04-12,19,22,345,1,0.0,297.41
8777,2024-06-28,19,1,373,1,0.0,122.39
8778,2024-04-15,20,18,23,3,0.0,650.19
8779,2024-02-02,1,11,278,1,0.0,11.04
8780,2023-12-27,3,2,483,1,0.0,14.78
8781,2024-07-14,14,22,246,1,0.1,267.67
8782,2023-09-22,13,5,126,1,0.15,28.63
8783,2023-02-11,2,23,12,3,0.0,607.29
8784,2024-09-03,19,24,264,3,0.0,586.08
8785,2023-10-11,8,13,128,1,0.0,191.56
8786,2024-03-20,4,12,456,2,0.0,153.0
8787,2023-04-10,8,1,488,1,0.0,122.39
8788,2024-04-01,3,3,476,2,0.2,135.23
8789,2023-04-09,17,1,452,3,0.0,367.17
8790,2023-03-29,11,19,48,1,0.15,113.01
8791,2024-11-09,12,4,356,1,0.0,220.67
8792,2023-09-23,11,6,257,2,0.15,224.57
8793,2023-05-25,19,8,493,3,0.0,530.25
8794,2023-11-01,7,9,326,1,0.2,11.89
8795,2023-09-24,1,12,36,1,0.0,76.5
8796,2024-01-07,7,23,166,1,0.0,202.43
8797,2023-09-02,9,5,212,1,0.2,26.94
8798,2024-02-25,1,5,229,1,0.0,33.68
8799,2023-11-19,20,6,306,2,0.0,264.2
8800,2023-09-14,10,8,298,1,0.0,176.75
8801,2024-12-13,14,5,227,1,0.2,26.94
8802,2023-06-01,2,1,49,2,0.0,244.78
8803,2023-03-01,18,2,71,1,0.0,14.78
8804,2023-10-01,1,9,415,2,0.0,29.72
8805,2023-05-23,18,17,467,1,0.1,104.38
8806,2023-04-04,17,23,78,1,0.0,202.43
8807,2023-05-22,8,12,263,1,0.0,76.5
8808,2024-04-02,20,4,473,1,0.0,220.67
8809,2023-10-23,1,9,77,1,0.0,14.86
8810,2024-02-05,5,8,18,1,0.15,150.24
8811,2024-06-27,12,24,257,2,0.0,390.72
8812,2023-03-13,16,10,135,2,0.0,285.5
8813,2024-12-05,15,19,117,1,0.0,132.95
8814,2024-01-03,7,18,211,1,0.0,216.73
8815,2023-11-08,12,2,233,1,0.2,11.82
8816,2023-01-18,1,6,151,1,0.0,132.1
8817,2023-03-31,6,25,318,3,0.0,432.09
8818,2023-04-07,18,25,487,2,0.0,288.06
8819,2023-05-23,18,1,360,1,0.1,110.15
8820,2023-12-04,14,11,481,3,0.0,33.12
8821,2023-03-13,6,8,403,1,0.0,176.75
8822,2024-10-08,11,1,178,1,0.1,110.15
8823,2024-08-01,1,12,147,1,0.15,65.02
8824,2024-11-12,13,17,59,1,0.0,115.98
8825,2023-02-02,2,13,238,1,0.1,172.4
8826,2024-09-08,6,25,113,1,0.0,144.03
8827,2023-02-26,9,12,219,2,0.15,130.05
8828,2024-02-23,1,7,28,1,0.15,128.12
8829,2023-03-29,5,19,288,1,0.2,106.36
8830,2023-09-06,17,1,74,1,0.0,122.39
8831,2024-04-14,3,12,16,2,0.0,153.0
8832,2023-04-02,6,13,103,1,0.0,191.56
8833,2023-05-11,19,12,377,1,0.0,76.5
8834,2024-10-04,14,2,36,1,0.0,14.78
8835,2023-12-01,9,20,485,1,0.0,176.04
8836,2024-06-29,12,10,6,1,0.0,142.75
8837,2024-05-24,14,15,223,1,0.0,62.21
8838,2023-11-27,9,24,160,1,0.0,195.36
8839,2024-01-26,2,20,497,2,0.0,352.08
8840,2023-11-09,5,25,226,1,0.0,144.03
8841,2024-03-05,8,13,437,1,0.1,172.4
8842,2024-10-11,10,15,197,1,0.0,62.21
8843,2023-01-26,4,25,319,3,0.0,432.09
8844,2023-04-01,11,17,122,1,0.15,98.58
8845,2023-01-08,12,16,256,1,0.0,99.12
8846,2024-10-02,7,6,494,1,0.15,112.28
8847,2023-11-13,5,19,133,2,0.0,265.9
8848,2023-08-29,12,25,286,2,0.1,259.25
8849,2024-03-07,3,23,252,1,0.0,202.43
8850,2024-02-24,18,8,87,1,0.0,176.75
8851,2023-06-17,11,11,388,1,0.0,11.04
8852,2023-04-14,5,3,423,1,0.0,84.52
8853,2024-04-14,6,11,202,2,0.0,22.08
8854,2024-04-08,1,7,261,4,0.0,602.92
8855,2024-02-06,14,4,361,2,0.1,397.21
8856,2024-02-01,12,3,478,1,0.0,84.52
8857,2024-12-16,5,1,439,1,0.0,122.39
8858,2023-05-14,9,5,40,1,0.0,33.68
8859,2024-09-28,15,20,453,1,0.0,176.04
8860,2024-02-23,18,23,227,1,0.1,182.19
8861,2024-06-06,9,8,405,1,0.0,176.75
8862,2024-09-30,10,15,243,1,0.0,62.21
8863,2024-04-23,3,15,340,1,0.15,52.88
8864,2023-06-13,19,19,31,2,0.0,265.9
8865,2024-10-16,7,17,186,1,0.0,115.98
8866,2023-01-16,2,5,212,1,0.0,33.68
8867,2023-04-22,17,21,156,2,0.0,310.28
8868,2024-05-27,19,4,248,2,0.0,441.34
8869,2023-11-05,5,16,121,1,0.0,99.12
8870,2023-11-17,7,2,158,2,0.0,29.56
8871,2023-02-24,10,19,372,1,0.1,119.65
8872,2024-03-05,13,10,281,2,0.1,256.95
8873,2023-06-06,4,23,78,2,0.0,404.86
8874,2023-03-30,11,6,405,2,0.0,264.2
8875,2024-10-14,14,4,432,1,0.0,220.67
8876,2023-09-16,20,8,378,1,0.0,176.75
8877,2023-12-09,19,16,403,2,0.0,198.24
8878,2023-06-26,1,14,497,2,0.0,99.58
8879,2024-02-14,9,20,411,2,0.0,352.08
8880,2023-10-17,3,18,393,3,0.0,650.19
8881,2023-05-07,4,16,344,2,0.0,198.24
8882,2024-12-28,7,8,280,2,0.1,318.15
8883,2024-07-17,3,25,272,1,0.0,144.03
8884,2023-05-31,15,16,128,1,0.0,99.12
8885,2023-01-03,14,6,120,1,0.0,132.1
8886,2023-11-22,19,17,404,1,0.0,115.98
8887,2023-10-22,17,1,448,2,0.0,244.78
8888,2024-05-29,6,20,371,2,0.0,352.08
8889,2023-03-08,17,3,265,1,0.0,84.52
8890,2023-10-11,19,14,411,1,0.0,49.79
8891,2024-03-05,18,16,12,1,0.0,99.12
8892,2024-02-19,13,21,133,2,0.0,310.28
8893,2023-01-19,12,5,434,2,0.0,67.36
8894,2023-04-11,4,15,23,1,0.1,55.99
8895,2023-07-06,3,12,83,2,0.0,153.0
8896,2024-01-15,10,6,101,1,0.0,132.1
8897,2024-11-03,3,19,411,1,0.0,132.95
8898,2023-07-10,8,9,442,1,0.0,14.86
8899,2023-01-31,4,23,363,2,0.0,404.86
8900,2024-02-16,2,1,160,2,0.0,244.78
8901,2024-09-17,17,13,218,1,0.0,191.56
8902,2023-01-05,8,25,255,1,0.0,144.03
8903,2023-05-26,4,3,366,3,0.0,253.56
8904,2024-10-19,17,8,198,3,0.0,530.25
8905,2023-02-24,2,9,104,1,0.0,14.86
8906,2023-06-17,2,12,358,3,0.0,229.5
8907,2023-07-26,4,16,305,1,0.1,89.21
8908,2024-04-02,18,1,424,1,0.1,110.15
8909,2024-08-29,20,16,310,2,0.0,198.24
8910,2023-02-20,3,11,46,1,0.15,9.38
8911,2023-10-10,2,19,481,1,0.0,132.95
8912,2023-01-14,7,18,153,2,0.0,433.46
8913,2024-05-01,4,11,124,2,0.15,18.77
8914,2023-04-20,16,2,383,2,0.15,25.13
8915,2023-04-12,19,17,422,1,0.0,115.98
8916,2024-04-22,18,17,213,2,0.0,231.96
8917,2023-02-16,4,22,453,2,0.0,594.82
8918,2024-10-07,13,4,453,2,0.2,353.07
8919,2023-06-09,12,8,351,1,0.0,176.75
8920,2024-09-23,2,5,370,1,0.0,33.68
8921,2024-06-03,9,13,51,1,0.15,162.83
8922,2024-08-18,10,3,433,1,0.0,84.52
8923,2024-10-13,15,2,421,1,0.2,11.82
8924,2024-06-20,11,24,445,1,0.1,175.82
8925,2024-01-09,1,18,322,1,0.0,216.73
8926,2023-05-04,3,13,106,1,0.0,191.56
8927,2024-03-24,11,23,115,1,0.0,202.43
8928,2023-12-12,4,15,12,1,0.0,62.21
8929,2024-04-28,6,20,286,1,0.0,176.04
8930,2024-06-25,15,1,268,1,0.0,122.39
8931,2023-01-04,16,5,71,1,0.1,30.31
8932,2024-04-24,20,13,390,2,0.0,383.12
8933,2023-02-27,8,22,240,1,0.0,297.41
8934,2023-04-25,14,8,55,2,0.0,353.5
8935,2024-03-12,1,7,283,1,0.0,150.73
8936,2024-12-07,20,17,241,2,0.0,231.96
8937,2023-06-08,5,4,458,1,0.0,220.67
8938,2023-07-27,20,13,451,2,0.0,383.12
8939,2024-08-25,13,4,129,1,0.0,220.67
8940,2024-05-07,16,12,397,1,0.0,76.5
8941,2023-05-04,18,19,102,2,0.0,265.9
8942,2024-05-11,11,6,429,1,0.0,132.1
8943,2023-08-21,2,22,230,3,0.15,758.4
8944,2024-03-05,18,13,443,1,0.1,172.4
8945,2023-04-19,1,15,94,3,0.0,186.63
8946,2023-10-21,18,21,8,2,0.0,310.28
8947,2024-11-20,18,20,188,1,0.1,158.44
8948,2023-12-27,17,4,17,1,0.0,220.67
8949,2023-01-16,6,11,334,1,0.0,11.04
8950,2023-09-21,10,24,100,2,0.0,390.72
8951,2023-05-19,7,17,449,1,0.15,98.58
8952,2024-02-09,6,1,84,1,0.0,122.39
8953,2023-05-05,13,2,300,1,0.0,14.78
8954,2023-02-08,13,14,309,2,0.0,99.58
8955,2024-11-15,18,7,181,2,0.0,301.46
8956,2024-04-11,9,18,204,1,0.0,216.73
8957,2024-11-13,13,11,411,1,0.0,11.04
8958,2024-03-29,12,22,34,1,0.0,297.41
8959,2024-03-23,20,13,354,1,0.0,191.56
8960,2023-05-02,8,7,296,1,0.0,150.73
8961,2024-01-09,5,12,46,3,0.0,229.5
8962,2023-11-04,14,22,459,1,0.1,267.67
8963,2023-11-02,13,20,38,1,0.0,176.04
8964,2023-01-05,16,13,476,2,0.0,383.12
8965,2023-01-10,7,14,102,3,0.0,149.37
8966,2024-01-08,2,11,482,1,0.0,11.04
8967,2024-10-26,17,14,393,1,0.15,42.32
8968,2023-09-22,6,13,145,3,0.0,574.68
8969,2023-08-05,4,15,318,1,0.0,62.21
8970,2024-07-05,8,7,296,1,0.0,150.73
8971,2023-05-21,10,16,278,2,0.0,198.24
8972,2023-10-27,17,24,34,1,0.0,195.36
8973,2023-08-14,1,5,6,2,0.0,67.36
8974,2023-11-05,14,10,308,2,0.0,285.5
8975,2023-03-18,1,25,162,2,0.0,288.06
8976,2023-08-23,2,7,76,1,0.0,150.73
8977,2023-04-14,12,16,467,2,0.0,198.24
8978,2023-03-14,13,5,244,2,0.0,67.36
8979,2024-01-09,18,21,199,4,0.0,620.56
8980,2024-12-23,8,1,119,1,0.0,122.39
8981,2024-11-14,20,15,442,1,0.0,62.21
8982,2023-12-18,3,3,48,1,0.0,84.52
8983,2023-01-04,11,5,9,2,0.1,60.62
8984,2023-05-02,9,6,467,1,0.0,132.1
8985,2024-05-25,14,5,133,2,0.0,67.36
8986,2023-06-09,16,9,259,2,0.15,25.26
8987,2024-08-22,14,18,439,1,0.0,216.73
8988,2023-05-06,11,23,242,1,0.0,202.43
8989,2023-09-10,18,17,173,1,0.2,92.78
8990,2023-11-25,4,6,71,1,0.0,132.1
8991,2024-07-13,3,21,464,1,0.0,155.14
8992,2024-04-04,16,12,169,2,0.0,153.0
8993,2023-04-11,5,14,120,3,0.1,134.43
8994,2024-08-29,12,22,392,1,0.0,297.41
8995,2024-07-30,16,2,260,2,0.0,29.56
8996,2023-04-11,11,16,186,1,0.0,99.12
8997,2023-09-23,5,22,193,1,0.0,297.41
8998,2024-10-16,2,9,391,1,0.2,11.89
8999,2024-11-18,15,12,83,1,0.2,61.2
9000,2023-08-21,13,1,10,1,0.0,122.39
9001,2023-06-07,10,18,403,2,0.15,368.44
9002,2023-10-27,14,11,389,1,0.2,8.83
9003,2024-01-14,9,3,217,1,0.0,84.52
9004,2024-04-18,15,11,73,1,0.0,11.04
9005,2023-02-07,12,12,34,1,0.0,76.5
9006,2024-03-28,4,17,14,1,0.0,115.98
9007,2024-04-16,7,23,32,1,0.0,202.43
9008,2024-05-27,15,17,63,1,0.0,115.98
9009,2024-01-06,13,10,413,4,0.0,571.0
9010,2023-09-27,16,12,273,1,0.0,76.5
9011,2024-10-18,8,18,247,2,0.0,433.46
9012,2024-11-11,7,10,51,1,0.0,142.75
9013,2024-05-13,11,7,158,1,0.15,128.12
9014,2023-08-22,17,15,9,1,0.0,62.21
9015,2023-07-10,15,20,152,1,0.0,176.04
9016,2023-03-16,10,13,258,1,0.0,191.56
9017,2023-11-29,6,12,197,1,0.0,76.5
9018,2023-02-21,6,12,289,1,0.0,76.5
9019,2023-06-26,11,12,133,1,0.1,68.85
9020,2024-02-08,17,20,207,1,0.0,176.04
9021,2023-06-01,15,8,96,2,0.0,353.5
9022,2024-07-22,17,24,427,2,0.0,390.72
9023,2023-11-04,15,15,214,1,0.0,62.21
9024,2024-03-14,9,20,70,2,0.0,352.08
9025,2023-01-11,15,3,335,1,0.1,76.07
9026,2024-01-22,7,24,74,1,0.0,195.36
9027,2024-05-04,3,25,441,2,0.0,288.06
9028,2024-12-11,7,17,373,2,0.0,231.96
9029,2024-07-15,13,18,244,2,0.0,433.46
9030,2024-03-03,5,4,184,1,0.0,220.67
9031,2024-09-10,5,6,112,3,0.0,396.3
9032,2024-06-25,14,18,370,2,0.0,433.46
9033,2024-05-31,16,25,311,1,0.0,144.03
9034,2023-02-23,14,7,459,1,0.0,150.73
9035,2024-11-18,9,4,265,2,0.15,375.14
9036,2024-06-19,13,20,303,1,0.0,176.04
9037,2024-11-02,11,11,400,2,0.0,22.08
9038,2024-01-15,8,14,133,1,0.0,49.79
9039,2023-01-07,12,9,404,1,0.0,14.86
9040,2023-01-27,17,16,484,3,0.0,297.36
9041,2024-09-10,5,13,243,1,0.0,191.56
9042,2023-07-24,19,21,215,1,0.1,139.63
9043,2023-03-27,11,7,306,2,0.0,301.46
9044,2024-04-05,14,10,488,1,0.0,142.75
9045,2023-09-21,1,16,161,1,0.0,99.12
9046,2023-07-16,11,7,211,1,0.1,135.66
9047,2024-04-06,2,11,378,1,0.0,11.04
9048,2024-04-30,17,11,305,1,0.0,11.04
9049,2024-04-19,16,18,364,2,0.0,433.46
9050,2023-12-06,14,12,436,1,0.1,68.85
9051,2023-03-20,19,7,361,3,0.15,384.36
9052,2023-01-29,8,2,426,1,0.0,14.78
9053,2024-06-23,9,16,76,2,0.0,198.24
9054,2023-07-05,16,7,108,2,0.0,301.46
9055,2024-02-17,5,8,234,2,0.0,353.5
9056,2023-07-31,6,15,31,1,0.0,62.21
9057,2024-12-21,5,25,247,1,0.0,144.03
9058,2023-04-16,4,12,390,1,0.0,76.5
9059,2023-03-18,15,23,426,2,0.0,404.86
9060,2024-01-15,16,4,219,2,0.0,441.34
9061,2024-09-13,4,10,496,2,0.1,256.95
9062,2024-05-18,4,21,217,1,0.0,155.14
9063,2023-06-18,2,5,400,1,0.0,33.68
9064,2023-10-29,6,23,316,2,0.2,323.89
9065,2024-07-10,12,22,59,1,0.2,237.93
9066,2023-10-23,9,21,429,2,0.0,310.28
9067,2024-07-19,13,20,296,1,0.0,176.04
9068,2024-07-20,8,6,17,1,0.1,118.89
9069,2024-01-19,6,24,482,2,0.0,390.72
9070,2023-04-17,14,22,490,1,0.0,297.41
9071,2024-08-15,1,10,107,3,0.0,428.25
9072,2024-08-21,6,2,96,1,0.15,12.56
9073,2023-01-31,6,8,383,1,0.1,159.08
9074,2024-02-28,19,5,407,2,0.0,67.36
9075,2024-07-16,1,16,49,1,0.0,99.12
9076,2023-09-30,6,5,348,1,0.0,33.68
9077,2024-02-12,9,22,254,1,0.0,297.41
9078,2023-03-21,2,1,217,2,0.1,220.3
9079,2024-07-13,1,10,445,1,0.0,142.75
9080,2023-03-15,15,3,238,2,0.0,169.04
9081,2023-01-20,7,16,413,1,0.0,99.12
9082,2023-03-24,13,12,474,2,0.0,153.0
9083,2023-07-18,15,3,455,1,0.1,76.07
9084,2023-02-10,11,18,351,1,0.0,216.73
9085,2023-01-12,2,3,150,1,0.15,71.84
9086,2024-08-20,7,10,107,1,0.0,142.75
9087,2023-07-09,14,20,428,2,0.1,316.87
9088,2024-04-14,6,13,130,2,0.0,383.12
9089,2023-10-14,13,5,296,1,0.0,33.68
9090,2023-08-18,4,10,442,2,0.0,285.5
9091,2024-03-27,6,20,289,1,0.0,176.04
9092,2023-10-13,15,11,222,2,0.1,19.87
9093,2023-09-05,18,10,3,2,0.0,285.5
9094,2024-07-06,8,2,491,1,0.0,14.78
9095,2024-07-30,2,5,380,2,0.0,67.36
9096,2024-02-12,11,5,134,2,0.0,67.36
9097,2023-03-04,6,3,452,1,0.0,84.52
9098,2023-12-25,20,13,419,1,0.0,191.56
9099,2024-07-17,11,6,56,1,0.15,112.28
9100,2024-12-16,20,5,116,1,0.0,33.68
9101,2023-05-11,15,19,359,1,0.0,132.95
9102,2023-06-11,16,12,93,2,0.0,153.0
9103,2024-07-07,3,10,82,1,0.1,128.48
9104,2024-08-09,4,24,421,4,0.1,703.3
9105,2024-02-01,8,14,179,1,0.1,44.81
9106,2024-10-29,2,24,153,4,0.0,781.44
9107,2024-07-30,14,11,31,1,0.0,11.04
9108,2023-05-09,14,1,368,1,0.0,122.39
9109,2024-03-05,15,21,203,1,0.0,155.14
9110,2024-10-23,11,9,422,1,0.0,14.86
9111,2023-06-25,15,4,442,1,0.0,220.67
9112,2023-06-20,18,15,330,1,0.0,62.21
9113,2023-11-07,19,6,251,1,0.0,132.1
9114,2023-09-29,20,13,384,1,0.1,172.4
9115,2024-10-03,19,21,192,2,0.0,310.28
9116,2023-01-24,15,14,371,2,0.0,99.58
9117,2023-01-01,17,16,440,2,0.0,198.24
9118,2024-07-13,14,12,155,1,0.0,76.5
9119,2023-01-03,14,2,384,1,0.0,14.78
9120,2024-05-22,12,6,386,1,0.0,132.1
9121,2024-02-27,1,15,87,1,0.0,62.21
9122,2023-02-15,18,21,6,1,0.0,155.14
9123,2024-11-12,4,5,290,2,0.15,57.26
9124,2023-06-25,20,13,24,1,0.0,191.56
9125,2023-06-19,6,19,396,3,0.2,319.08
9126,2023-03-21,12,16,398,2,0.0,198.24
9127,2023-11-03,8,21,318,1,0.0,155.14
9128,2023-02-03,9,19,133,1,0.0,132.95
9129,2024-07-09,19,14,468,2,0.1,89.62
9130,2023-02-05,19,10,116,2,0.0,285.5
9131,2023-06-27,6,23,179,2,0.1,364.37
9132,2023-07-17,8,20,106,1,0.0,176.04
9133,2023-06-27,1,7,491,1,0.0,150.73
9134,2023-06-21,8,3,184,1,0.2,67.62
9135,2023-03-10,2,13,79,1,0.0,191.56
9136,2024-01-19,11,22,177,1,0.0,297.41
9137,2023-03-02,4,4,317,1,0.0,220.67
9138,2023-08-20,11,19,146,1,0.0,132.95
9139,2023-12-03,2,2,116,1,0.0,14.78
9140,2024-02-19,19,23,259,2,0.0,404.86
9141,2024-07-21,18,18,146,4,0.15,736.88
9142,2024-12-12,20,16,100,2,0.0,198.24
9143,2023-09-09,7,6,449,1,0.0,132.1
9144,2023-06-16,10,18,436,1,0.0,216.73
9145,2023-09-10,13,12,471,1,0.0,76.5
9146,2023-06-17,19,14,219,1,0.15,42.32
9147,2023-05-16,1,25,416,1,0.0,144.03
9148,2024-07-04,1,25,178,1,0.0,144.03
9149,2024-07-31,18,15,331,1,0.0,62.21
9150,2023-08-25,4,23,65,1,0.0,202.43
9151,2023-10-03,9,25,47,1,0.1,129.63
9152,2023-06-15,19,19,30,1,0.1,119.65
9153,2024-03-30,11,1,385,1,0.0,122.39
9154,2024-09-04,13,9,161,1,0.0,14.86
9155,2024-09-18,20,24,315,1,0.0,195.36
9156,2023-05-18,2,5,61,1,0.0,33.68
9157,2023-05-27,8,3,496,2,0.0,169.04
9158,2024-05-23,13,17,102,4,0.15,394.33
9159,2023-03-19,16,10,236,1,0.0,142.75
9160,2023-11-13,9,6,82,1,0.0,132.1
9161,2023-03-09,1,8,197,1,0.0,176.75
9162,2023-07-06,20,19,397,1,0.0,132.95
9163,2023-10-02,3,13,290,3,0.0,574.68
9164,2023-07-28,15,19,176,1,0.0,132.95
9165,2024-09-29,4,8,301,3,0.0,530.25
9166,2023-05-16,6,18,203,1,0.0,216.73
9167,2024-04-02,3,8,360,2,0.15,300.47
9168,2023-08-23,4,8,247,2,0.15,300.47
9169,2024-01-17,8,6,370,2,0.0,264.2
9170,2024-02-15,5,1,484,1,0.0,122.39
9171,2024-03-09,9,3,243,2,0.0,169.04
9172,2023-11-28,17,16,323,1,0.1,89.21
9173,2024-02-13,9,6,197,2,0.0,264.2
9174,2023-04-16,5,23,360,1,0.0,202.43
9175,2023-01-27,20,17,218,1,0.15,98.58
9176,2023-05-04,15,9,415,2,0.15,25.26
9177,2023-08-23,1,3,3,1,0.0,84.52
9178,2024-08-07,19,14,82,3,0.1,134.43
9179,2024-11-06,18,25,463,3,0.0,432.09
9180,2023-10-03,11,15,448,4,0.0,248.84
9181,2023-05-21,9,13,32,1,0.0,191.56
9182,2023-07-15,6,5,362,2,0.0,67.36
9183,2023-04-19,3,16,182,2,0.1,178.42
9184,2024-12-11,12,24,6,1,0.0,195.36
9185,2023-11-07,5,20,52,4,0.0,704.16
9186,2024-08-18,4,2,154,1,0.0,14.78
9187,2023-09-01,2,10,265,2,0.0,285.5
9188,2024-03-28,16,17,470,1,0.1,104.38
9189,2024-08-28,15,13,327,2,0.0,383.12
9190,2023-05-24,9,14,239,1,0.0,49.79
9191,2024-09-11,5,4,192,1,0.0,220.67
9192,2024-12-10,5,23,79,3,0.0,607.29
9193,2023-04-06,17,25,280,1,0.0,144.03
9194,2023-08-30,9,21,322,1,0.0,155.14
9195,2024-11-18,4,24,303,1,0.0,195.36
9196,2023-07-04,1,4,155,1,0.0,220.67
9197,2024-07-09,16,23,253,2,0.0,404.86
9198,2023-02-12,14,5,253,1,0.0,33.68
9199,2024-10-11,13,19,425,1,0.0,132.95
9200,2024-08-11,7,15,493,1,0.0,62.21
9201,2023-08-02,8,7,388,2,0.0,301.46
9202,2023-06-24,19,2,302,1,0.0,14.78
9203,2024-07-25,14,10,182,2,0.0,285.5
9204,2023-04-08,12,24,447,1,0.0,195.36
9205,2024-09-24,2,17,85,2,0.0,231.96
9206,2023-12-15,18,12,341,2,0.0,153.0
9207,2023-10-24,14,9,141,1,0.1,13.37
9208,2023-02-28,17,22,171,1,0.0,297.41
9209,2024-10-13,17,6,403,1,0.15,112.28
9210,2024-01-03,17,1,272,1,0.15,104.03
9211,2023-07-16,18,22,88,1,0.0,297.41
9212,2023-11-25,16,2,70,1,0.1,13.3
9213,2024-02-19,6,7,10,1,0.15,128.12
9214,2024-06-04,9,15,204,1,0.1,55.99
9215,2024-05-08,5,9,338,3,0.0,44.58
9216,2024-08-21,6,18,186,1,0.0,216.73
9217,2023-11-09,11,4,378,1,0.0,220.67
9218,2024-01-18,3,19,403,2,0.0,265.9
9219,2024-08-22,13,2,87,1,0.0,14.78
9220,2024-07-22,6,25,89,1,0.0,144.03
9221,2023-07-07,12,10,5,1,0.0,142.75
9222,2023-04-19,18,14,94,1,0.1,44.81
9223,2023-12-28,13,24,87,2,0.0,390.72
9224,2023-11-04,18,11,211,1,0.0,11.04
9225,2023-07-13,19,7,390,2,0.0,301.46
9226,2023-09-15,6,13,331,4,0.0,766.24
9227,2023-01-14,3,8,436,1,0.0,176.75
9228,2023-06-23,6,14,126,1,0.0,49.79
9229,2023-10-08,3,1,148,1,0.0,122.39
9230,2024-08-06,19,19,90,1,0.0,132.95
9231,2024-08-31,1,16,404,1,0.0,99.12
9232,2023-01-14,20,19,360,1,0.0,132.95
9233,2024-11-01,6,21,426,3,0.0,465.42
9234,2024-12-11,5,16,210,1,0.0,99.12
9235,2024-02-13,1,1,135,1,0.0,122.39
9236,2023-12-17,2,15,493,1,0.0,62.21
9237,2024-08-17,12,15,221,2,0.0,124.42
9238,2023-07-18,6,24,35,1,0.0,195.36
9239,2024-05-03,10,25,332,1,0.0,144.03
9240,2023-02-10,1,21,368,1,0.0,155.14
9241,2023-08-26,20,19,39,1,0.0,132.95
9242,2023-02-21,3,1,295,1,0.0,122.39
9243,2023-08-13,8,5,190,1,0.0,33.68
9244,2023-07-25,18,13,318,1,0.0,191.56
9245,2023-07-01,5,20,83,1,0.0,176.04
9246,2023-11-02,3,20,45,1,0.0,176.04
9247,2024-08-29,8,6,196,2,0.2,211.36
9248,2023-01-06,2,4,215,3,0.15,562.71
9249,2023-01-22,17,2,74,2,0.0,29.56
9250,2024-04-17,16,20,338,1,0.0,176.04
9251,2023-02-08,11,14,205,1,0.0,49.79
9252,2023-10-15,13,18,57,1,0.0,216.73
9253,2024-12-02,2,19,243,3,0.0,398.85
9254,2024-03-22,5,6,201,1,0.0,132.1
9255,2023-10-16,7,14,363,2,0.0,99.58
9256,2024-06-22,12,17,6,1,0.0,115.98
9257,2023-01-16,19,21,167,1,0.15,131.87
9258,2023-08-22,15,3,89,1,0.0,84.52
9259,2023-07-24,9,23,217,1,0.0,202.43
9260,2023-04-03,15,17,423,3,0.0,347.94
9261,2024-03-11,5,23,439,2,0.0,404.86
9262,2023-08-17,4,13,106,3,0.2,459.74
9263,2023-07-22,14,2,59,1,0.0,14.78
9264,2023-01-13,20,1,133,1,0.0,122.39
9265,2023-10-17,3,1,495,1,0.0,122.39
9266,2024-03-21,10,21,71,1,0.0,155.14
9267,2023-07-24,4,6,200,2,0.1,237.78
9268,2023-12-27,10,17,60,1,0.0,115.98
9269,2023-07-21,15,11,92,1,0.0,11.04
9270,2024-04-20,16,10,338,1,0.2,114.2
9271,2024-02-02,17,3,186,2,0.0,169.04
9272,2024-05-03,14,8,458,1,0.0,176.75
9273,2023-02-02,14,13,440,2,0.0,383.12
9274,2024-12-09,20,7,150,2,0.0,301.46
9275,2023-07-04,20,3,500,2,0.0,169.04
9276,2023-02-16,9,15,451,1,0.15,52.88
9277,2024-03-14,3,4,243,2,0.0,441.34
9278,2023-12-02,4,1,262,2,0.0,244.78
9279,2024-07-17,15,20,11,2,0.2,281.66
9280,2023-03-30,16,18,318,1,0.0,216.73
9281,2024-09-22,19,22,97,2,0.0,594.82
9282,2023-06-26,10,19,358,2,0.0,265.9
9283,2023-07-07,2,20,452,4,0.0,704.16
9284,2023-06-22,10,18,287,3,0.1,585.17
9285,2023-08-13,15,5,158,1,0.0,33.68
9286,2023-10-01,9,17,40,1,0.15,98.58
9287,2024-05-23,6,14,113,1,0.1,44.81
9288,2023-10-03,12,18,220,1,0.0,216.73
9289,2023-12-10,17,10,422,1,0.0,142.75
9290,2024-02-03,19,20,131,2,0.0,352.08
9291,2024-04-04,19,15,390,1,0.0,62.21
9292,2023-01-12,6,2,184,1,0.0,14.78
9293,2023-10-28,18,23,190,1,0.0,202.43
9294,2023-08-19,13,21,432,2,0.0,310.28
9295,2023-05-21,14,10,287,3,0.15,364.01
9296,2024-08-04,2,17,144,1,0.15,98.58
9297,2024-12-05,7,4,265,1,0.0,220.67
9298,2024-03-20,9,4,33,1,0.0,220.67
9299,2024-10-30,1,2,491,1,0.0,14.78
9300,2023-01-04,20,5,174,3,0.1,90.94
9301,2023-08-21,17,13,448,1,0.0,191.56
9302,2023-12-12,11,25,247,2,0.2,230.45
9303,2023-10-02,6,12,47,2,0.15,130.05
9304,2024-02-05,9,14,121,1,0.0,49.79
9305,2023-11-25,20,1,9,1,0.0,122.39
9306,2023-02-03,19,18,400,1,0.0,216.73
9307,2023-08-14,16,22,274,1,0.0,297.41
9308,2023-03-21,9,6,345,1,0.0,132.1
9309,2024-03-13,2,15,157,1,0.0,62.21
9310,2024-05-15,14,15,378,3,0.2,149.3
9311,2023-04-07,10,9,114,1,0.0,14.86
9312,2024-04-11,17,10,490,1,0.0,142.75
9313,2024-06-19,9,1,142,1,0.0,122.39
9314,2023-08-06,15,10,27,1,0.0,142.75
9315,2024-02-10,13,3,43,1,0.1,76.07
9316,2024-07-09,15,7,432,1,0.0,150.73
9317,2024-10-29,12,23,450,1,0.1,182.19
9318,2024-03-01,9,16,459,1,0.0,99.12
9319,2024-02-29,15,2,68,1,0.0,14.78
9320,2024-11-26,8,15,207,1,0.1,55.99
9321,2024-07-20,3,18,189,2,0.0,433.46
9322,2024-11-23,3,6,266,2,0.0,264.2
9323,2024-01-17,17,1,383,1,0.0,122.39
9324,2024-09-15,19,3,18,1,0.2,67.62
9325,2023-03-03,5,10,232,2,0.0,285.5
9326,2024-05-01,6,13,296,1,0.0,191.56
9327,2023-04-23,1,17,398,1,0.0,115.98
9328,2024-06-13,10,3,172,1,0.0,84.52
9329,2023-02-11,15,8,333,1,0.0,176.75
9330,2024-07-29,13,13,11,1,0.0,191.56
9331,2023-10-25,8,9,187,2,0.0,29.72
9332,2024-02-26,14,4,18,1,0.0,220.67
9333,2023-12-12,8,7,362,2,0.0,301.46
9334,2023-09-11,15,3,137,1,0.0,84.52
9335,2024-03-11,19,25,261,1,0.0,144.03
9336,2023-09-09,7,16,14,1,0.0,99.12
9337,2024-02-10,16,9,331,2,0.0,29.72
9338,2024-03-26,7,9,12,2,0.0,29.72
9339,2024-02-19,16,5,359,1,0.0,33.68
9340,2023-05-04,18,10,478,2,0.0,285.5
9341,2023-05-19,6,19,377,4,0.0,531.8
9342,2023-07-07,14,20,211,1,0.0,176.04
9343,2024-05-01,19,16,329,1,0.0,99.12
9344,2023-10-15,3,1,315,1,0.0,122.39
9345,2023-01-17,17,23,232,2,0.0,404.86
9346,2024-06-04,17,8,221,2,0.0,353.5
9347,2023-12-25,11,9,347,2,0.15,25.26
9348,2024-09-04,2,17,199,2,0.0,231.96
9349,2024-04-27,7,12,294,1,0.15,65.02
9350,2024-02-29,7,25,156,1,0.0,144.03
9351,2024-11-27,17,5,356,1,0.0,33.68
9352,2024-09-24,17,25,388,2,0.0,288.06
9353,2024-05-08,13,7,13,1,0.15,128.12
9354,2023-11-19,11,6,435,2,0.0,264.2
9355,2023-01-23,10,12,293,1,0.0,76.5
9356,2023-05-22,5,11,425,3,0.0,33.12
9357,2023-05-01,15,5,31,2,0.0,67.36
9358,2023-09-26,18,19,217,1,0.0,132.95
9359,2024-12-17,18,10,443,1,0.0,142.75
9360,2024-02-16,15,17,16,1,0.0,115.98
9361,2024-02-21,13,15,106,1,0.0,62.21
9362,2023-07-11,2,25,391,1,0.0,144.03
9363,2023-03-13,13,12,391,2,0.0,153.0
9364,2023-06-16,19,4,477,2,0.0,441.34
9365,2024-11-23,1,17,243,1,0.0,115.98
9366,2023-07-16,19,21,298,2,0.0,310.28
9367,2023-07-01,17,23,430,1,0.0,202.43
9368,2024-09-22,3,1,345,1,0.0,122.39
9369,2024-08-03,18,22,477,1,0.0,297.41
9370,2023-06-13,16,25,62,2,0.0,288.06
9371,2024-07-29,5,15,215,1,0.15,52.88
9372,2024-12-25,7,19,396,1,0.1,119.65
9373,2023-08-27,15,20,47,1,0.0,176.04
9374,2024-04-13,1,24,274,1,0.0,195.36
9375,2024-03-09,10,22,313,1,0.1,267.67
9376,2023-09-26,6,22,208,1,0.15,252.8
9377,2024-08-24,10,24,81,1,0.0,195.36
9378,2023-01-31,7,24,368,1,0.0,195.36
9379,2024-12-13,8,8,498,2,0.0,353.5
9380,2023-03-31,8,5,491,1,0.0,33.68
9381,2023-12-21,20,17,355,1,0.0,115.98
9382,2023-01-20,4,17,145,2,0.1,208.76
9383,2024-01-03,19,24,313,1,0.0,195.36
9384,2024-03-04,15,1,14,1,0.0,122.39
9385,2024-01-25,20,6,92,2,0.0,264.2
9386,2023-03-07,20,10,175,1,0.2,114.2
9387,2024-07-05,15,12,98,1,0.0,76.5
9388,2023-01-03,12,10,133,1,0.0,142.75
9389,2024-09-13,17,8,84,1,0.0,176.75
9390,2023-10-06,8,6,288,2,0.1,237.78
9391,2024-06-08,9,10,338,1,0.0,142.75
9392,2023-09-09,2,21,358,1,0.0,155.14
9393,2023-05-31,3,15,239,1,0.0,62.21
9394,2024-07-05,4,6,213,1,0.15,112.28
9395,2024-04-27,17,8,441,1,0.0,176.75
9396,2023-01-06,13,1,325,2,0.0,244.78
9397,2024-01-21,9,2,340,1,0.15,12.56
9398,2023-08-16,4,8,176,1,0.1,159.08
9399,2024-10-22,17,22,297,2,0.0,594.82
9400,2023-02-23,4,4,195,1,0.0,220.67
9401,2024-10-28,9,24,452,1,0.0,195.36
9402,2024-08-17,5,17,462,1,0.0,115.98
9403,2024-10-31,17,13,48,2,0.0,383.12
9404,2023-12-15,2,14,59,1,0.0,49.79
9405,2024-05-02,2,25,480,1,0.1,129.63
9406,2024-09-05,5,16,212,1,0.15,84.25
9407,2024-10-07,10,15,22,2,0.0,124.42
9408,2024-04-01,2,9,105,3,0.0,44.58
9409,2023-02-01,17,4,323,1,0.0,220.67
9410,2024-07-06,2,1,266,1,0.0,122.39
9411,2024-10-17,3,9,233,2,0.0,29.72
9412,2023-06-13,13,10,77,1,0.0,142.75
9413,2024-06-25,6,8,308,1,0.0,176.75
9414,2024-02-29,18,13,90,1,0.0,191.56
9415,2024-10-28,10,7,427,2,0.0,301.46
9416,2023-11-03,11,9,386,3,0.0,44.58
9417,2023-01-31,1,24,235,2,0.0,390.72
9418,2023-05-31,17,1,260,1,0.0,122.39
9419,2024-11-06,11,12,488,1,0.0,76.5
9420,2024-08-01,6,12,329,1,0.0,76.5
9421,2024-10-24,15,8,324,1,0.0,176.75
9422,2023-10-10,3,13,39,1,0.0,191.56
9423,2024-03-05,18,15,2,1,0.0,62.21
9424,2024-03-09,19,16,351,1,0.0,99.12
9425,2023-04-26,20,16,453,1,0.0,99.12
9426,2024-01-30,4,21,88,1,0.0,155.14
9427,2024-04-28,13,12,201,1,0.15,65.02
9428,2023-05-16,1,22,286,2,0.0,594.82
9429,2023-02-03,17,23,69,1,0.0,202.43
9430,2023-01-18,8,12,320,1,0.1,68.85
9431,2023-05-03,15,18,30,2,0.0,433.46
9432,2024-10-12,6,24,473,1,0.1,175.82
9433,2024-03-07,7,12,345,1,0.0,76.5
9434,2023-09-28,9,4,138,1,0.0,220.67
9435,2023-08-12,11,4,412,1,0.0,220.67
9436,2024-09-01,13,17,323,1,0.0,115.98
9437,2024-10-28,6,6,329,1,0.0,132.1
9438,2023-09-17,11,2,268,2,0.1,26.6
9439,2024-11-27,16,3,461,1,0.0,84.52
9440,2023-01-07,3,23,92,2,0.0,404.86
9441,2023-01-12,10,19,415,1,0.0,132.95
9442,2024-11-08,5,8,153,2,0.15,300.47
9443,2023-06-16,12,4,111,1,0.0,220.67
9444,2024-02-22,20,12,10,1,0.15,65.02
9445,2024-08-22,3,11,481,1,0.0,11.04
9446,2023-06-09,8,12,235,1,0.0,76.5
9447,2024-01-08,8,21,5,3,0.0,465.42
9448,2023-07-07,18,7,466,2,0.0,301.46
9449,2023-09-30,19,4,232,2,0.0,441.34
9450,2024-02-19,2,15,128,1,0.15,52.88
9451,2024-09-16,13,7,333,1,0.1,135.66
9452,2024-04-04,1,20,68,2,0.0,352.08
9453,2023-10-28,8,11,193,1,0.0,11.04
9454,2023-11-25,10,12,22,1,0.1,68.85
9455,2023-12-23,14,14,131,2,0.0,99.58
9456,2024-05-28,3,19,359,2,0.0,265.9
9457,2024-06-29,15,6,405,1,0.0,132.1
9458,2024-01-12,9,14,348,2,0.0,99.58
9459,2023-01-17,8,13,448,1,0.0,191.56
9460,2024-02-14,9,5,431,4,0.0,134.72
9461,2024-06-06,18,15,76,3,0.0,186.63
9462,2023-05-02,12,13,448,1,0.0,191.56
9463,2024-08-06,15,17,256,2,0.0,231.96
9464,2023-09-12,17,10,190,1,0.0,142.75
9465,2023-10-11,13,15,211,1,0.0,62.21
9466,2023-06-05,7,25,492,1,0.0,144.03
9467,2023-05-11,8,1,220,1,0.0,122.39
9468,2023-02-09,13,24,207,1,0.0,195.36
9469,2024-04-19,20,21,398,4,0.0,620.56
9470,2024-10-01,17,2,209,2,0.0,29.56
9471,2023-10-18,19,11,38,1,0.0,11.04
9472,2023-05-13,12,18,298,2,0.0,433.46
9473,2023-11-14,16,17,496,1,0.2,92.78
9474,2024-11-13,5,2,384,2,0.0,29.56
9475,2023-02-21,9,23,96,2,0.0,404.86
9476,2024-09-11,17,14,199,1,0.0,49.79
9477,2023-07-08,6,11,493,1,0.0,11.04
9478,2024-02-25,19,3,318,2,0.0,169.04
9479,2023-05-12,1,20,197,2,0.0,352.08
9480,2024-03-02,13,18,38,1,0.0,216.73
9481,2024-04-09,19,1,299,1,0.0,122.39
9482,2024-02-22,6,25,97,4,0.0,576.12
9483,2023-12-19,20,23,337,1,0.0,202.43
9484,2023-06-08,19,7,469,1,0.0,150.73
9485,2024-09-09,18,19,127,1,0.1,119.65
9486,2023-08-09,11,10,385,2,0.15,242.68
9487,2024-07-20,16,21,443,2,0.0,310.28
9488,2024-02-14,18,1,264,1,0.15,104.03
9489,2024-04-20,16,24,231,1,0.0,195.36
9490,2024-09-17,6,18,191,1,0.0,216.73
9491,2024-03-20,1,23,155,3,0.0,607.29
9492,2023-05-05,8,13,131,1,0.15,162.83
9493,2024-06-21,6,20,26,1,0.0,176.04
9494,2024-06-19,9,8,459,2,0.0,353.5
9495,2024-09-14,8,12,49,4,0.0,306.0
9496,2023-12-17,7,16,500,2,0.15,168.5
9497,2024-09-05,3,1,80,1,0.0,122.39
9498,2023-05-10,13,24,6,1,0.0,195.36
9499,2023-01-31,1,7,460,1,0.0,150.73
9500,2023-03-10,10,8,153,1,0.0,176.75
9501,2023-02-20,15,21,477,1,0.1,139.63
9502,2024-02-13,5,23,431,1,0.15,172.07
9503,2024-09-23,3,2,490,2,0.0,29.56
9504,2023-11-09,8,1,437,1,0.2,97.91
9505,2023-02-04,10,18,375,1,0.0,216.73
9506,2024-07-31,3,6,112,2,0.0,264.2
9507,2023-11-07,17,23,416,1,0.0,202.43
9508,2024-08-11,16,12,165,1,0.0,76.5
9509,2023-06-05,18,4,241,1,0.0,220.67
9510,2023-05-16,2,17,303,4,0.0,463.92
9511,2024-09-19,18,11,223,1,0.0,11.04
9512,2024-10-21,11,8,427,1,0.0,176.75
9513,2024-11-06,5,19,152,2,0.0,265.9
9514,2023-01-12,11,14,318,1,0.1,44.81
9515,2024-12-27,2,10,266,1,0.0,142.75
9516,2023-07-07,8,16,173,2,0.1,178.42
9517,2023-08-26,1,12,292,2,0.0,153.0
9518,2024-05-11,14,24,220,2,0.0,390.72
9519,2024-09-15,4,16,319,2,0.1,178.42
9520,2023-09-25,18,2,464,1,0.0,14.78
9521,2024-09-27,13,9,65,1,0.1,13.37
9522,2024-08-05,18,20,472,2,0.0,352.08
9523,2023-02-04,12,15,206,1,0.0,62.21
9524,2024-06-30,5,8,451,1,0.0,176.75
9525,2023-01-05,3,22,243,3,0.0,892.23
9526,2024-11-21,1,12,230,1,0.0,76.5
9527,2024-09-22,14,3,210,3,0.0,253.56
9528,2023-04-13,17,19,221,1,0.15,113.01
9529,2024-08-08,11,16,246,1,0.1,89.21
9530,2023-06-06,10,21,435,1,0.0,155.14
9531,2023-01-07,10,20,127,2,0.0,352.08
9532,2023-11-11,4,15,364,1,0.0,62.21
9533,2023-06-17,11,25,116,1,0.1,129.63
9534,2023-03-16,7,10,247,1,0.0,142.75
9535,2024-11-07,13,12,50,1,0.0,76.5
9536,2023-01-14,2,15,255,2,0.0,124.42
9537,2024-05-16,16,19,101,1,0.0,132.95
9538,2024-10-19,6,5,38,3,0.0,101.04
9539,2024-05-23,12,24,32,2,0.0,390.72
9540,2023-08-20,14,3,45,1,0.0,84.52
9541,2024-08-12,6,10,495,2,0.0,285.5
9542,2023-02-16,5,25,356,1,0.0,144.03
9543,2023-12-08,19,3,306,2,0.0,169.04
9544,2023-03-14,19,18,102,2,0.0,433.46
9545,2024-06-12,16,7,100,1,0.0,150.73
9546,2023-08-04,15,15,21,1,0.0,62.21
9547,2023-07-14,10,8,375,1,0.1,159.08
9548,2023-07-08,10,21,437,1,0.15,131.87
9549,2023-11-15,10,13,282,2,0.0,383.12
9550,2024-09-15,1,23,400,2,0.0,404.86
9551,2023-10-05,16,14,221,1,0.0,49.79
9552,2023-01-27,15,22,384,2,0.0,594.82
9553,2024-07-01,14,11,444,1,0.0,11.04
9554,2023-05-12,8,9,162,1,0.0,14.86
9555,2023-03-09,1,25,355,1,0.0,144.03
9556,2024-04-26,14,2,165,1,0.0,14.78
9557,2023-03-20,20,22,37,3,0.0,892.23
9558,2024-04-27,2,12,471,2,0.2,122.4
9559,2024-12-05,12,13,46,2,0.0,383.12
9560,2024-05-09,8,24,493,1,0.0,195.36
9561,2024-11-18,19,5,178,1,0.0,33.68
9562,2023-03-22,9,5,181,2,0.1,60.62
9563,2024-01-28,7,8,498,1,0.0,176.75
9564,2023-09-19,2,15,310,1,0.0,62.21
9565,2023-03-17,18,13,407,1,0.0,191.56
9566,2023-12-29,12,23,178,1,0.2,161.94
9567,2024-07-11,3,6,374,1,0.0,132.1
9568,2023-04-08,11,21,459,2,0.0,310.28
9569,2024-04-07,9,14,139,1,0.0,49.79
9570,2024-09-26,13,18,343,1,0.0,216.73
9571,2024-01-10,8,19,309,1,0.0,132.95
9572,2024-11-13,2,10,332,3,0.0,428.25
9573,2024-05-18,16,25,2,2,0.0,288.06
9574,2023-02-21,10,3,6,1,0.15,71.84
9575,2024-08-24,8,21,457,2,0.0,310.28
9576,2023-01-13,10,25,164,1,0.0,144.03
9577,2023-11-09,1,11,390,2,0.2,17.66
9578,2023-09-12,20,18,473,2,0.0,433.46
9579,2024-12-29,6,2,42,1,0.15,12.56
9580,2024-07-06,1,9,349,2,0.0,29.72
9581,2023-08-03,19,12,196,1,0.0,76.5
9582,2024-02-08,6,19,393,2,0.1,239.31
9583,2023-02-10,8,4,264,2,0.1,397.21
9584,2024-01-16,18,21,284,1,0.0,155.14
9585,2024-02-13,9,14,322,1,0.0,49.79
9586,2024-12-11,15,2,274,1,0.0,14.78
9587,2024-07-07,1,14,78,1,0.0,49.79
9588,2024-02-06,11,15,81,2,0.0,124.42
9589,2024-09-14,11,18,47,1,0.0,216.73
9590,2024-01-27,10,13,355,1,0.0,191.56
9591,2024-03-23,20,1,106,2,0.0,244.78
9592,2023-07-28,8,19,176,1,0.1,119.65
9593,2024-03-03,5,18,103,2,0.0,433.46
9594,2023-02-26,7,15,310,1,0.0,62.21
9595,2024-04-24,10,11,135,1,0.0,11.04
9596,2023-01-22,17,1,465,1,0.0,122.39
9597,2024-06-03,2,19,391,1,0.0,132.95
9598,2024-03-18,16,21,22,1,0.1,139.63
9599,2024-06-01,20,6,286,1,0.15,112.28
9600,2024-05-09,2,4,306,1,0.0,220.67
9601,2023-06-22,2,8,348,1,0.0,176.75
9602,2023-05-01,20,19,359,1,0.0,132.95
9603,2024-09-21,3,2,277,1,0.0,14.78
9604,2024-12-10,10,7,444,1,0.0,150.73
9605,2023-08-16,3,22,48,2,0.0,594.82
9606,2023-07-24,5,12,416,2,0.0,153.0
9607,2024-02-04,13,19,52,2,0.0,265.9
9608,2023-04-09,11,23,276,2,0.0,404.86
9609,2023-10-10,18,22,174,1,0.0,297.41
9610,2024-07-28,2,23,176,1,0.2,161.94
9611,2023-06-16,13,23,124,1,0.0,202.43
9612,2023-07-10,4,21,58,2,0.0,310.28
9613,2024-08-31,13,6,17,1,0.0,132.1
9614,2023-10-30,15,3,409,2,0.1,152.14
9615,2024-12-01,6,24,76,1,0.0,195.36
9616,2023-01-19,11,11,116,3,0.0,33.12
9617,2024-09-07,16,4,348,1,0.0,220.67
9618,2023-01-08,16,11,245,3,0.0,33.12
9619,2023-10-07,12,14,365,1,0.0,49.79
9620,2023-10-13,10,3,246,1,0.0,84.52
9621,2024-12-15,2,3,443,1,0.0,84.52
9622,2024-06-28,5,15,471,1,0.0,62.21
9623,2024-10-17,7,12,41,1,0.0,76.5
9624,2024-03-30,3,3,149,1,0.0,84.52
9625,2024-02-04,3,11,422,1,0.0,11.04
9626,2024-09-24,19,2,174,2,0.15,25.13
9627,2023-09-07,19,20,140,2,0.0,352.08
9628,2024-03-07,16,15,412,2,0.2,99.54
9629,2024-02-01,14,20,68,3,0.1,475.31
9630,2024-02-22,6,8,128,1,0.0,176.75
9631,2023-12-01,19,21,193,4,0.15,527.48
9632,2023-01-03,12,12,119,1,0.1,68.85
9633,2023-01-14,5,22,384,3,0.2,713.78
9634,2024-01-29,3,9,379,1,0.0,14.86
9635,2024-07-01,10,14,9,2,0.15,84.64
9636,2023-05-13,12,2,249,1,0.0,14.78
9637,2024-07-22,15,24,4,1,0.0,195.36
9638,2023-08-10,13,1,265,2,0.0,244.78
9639,2024-02-15,2,8,170,1,0.0,176.75
9640,2023-02-23,13,14,122,1,0.0,49.79
9641,2023-02-12,13,23,203,1,0.1,182.19
9642,2023-09-02,14,20,425,2,0.0,352.08
9643,2023-01-09,12,24,23,1,0.1,175.82
9644,2023-05-13,17,9,455,1,0.0,14.86
9645,2024-10-18,3,1,332,1,0.1,110.15
9646,2024-10-10,14,9,137,1,0.0,14.86
9647,2023-01-09,20,24,280,1,0.0,195.36
9648,2024-08-24,4,2,6,1,0.0,14.78
9649,2023-08-10,19,21,23,1,0.0,155.14
9650,2024-08-29,4,8,85,1,0.0,176.75
9651,2023-03-02,8,17,328,1,0.0,115.98
9652,2023-01-30,5,23,187,1,0.0,202.43
9653,2023-05-19,1,22,312,1,0.2,237.93
9654,2023-09-26,11,13,81,1,0.0,191.56
9655,2024-12-15,12,9,292,1,0.0,14.86
9656,2024-04-23,20,15,188,1,0.0,62.21
9657,2023-08-25,4,2,295,1,0.15,12.56
9658,2024-10-26,6,1,497,1,0.0,122.39
9659,2024-02-06,2,22,26,1,0.0,297.41
9660,2024-09-30,18,2,221,1,0.0,14.78
9661,2023-02-14,5,21,442,1,0.0,155.14
9662,2024-04-19,12,15,470,1,0.1,55.99
9663,2024-05-19,10,24,339,1,0.0,195.36
9664,2023-11-09,19,7,488,1,0.0,150.73
9665,2023-05-21,2,16,164,1,0.0,99.12
9666,2023-10-20,18,22,493,1,0.0,297.41
9667,2024-09-11,10,10,356,1,0.15,121.34
9668,2023-10-20,11,21,116,1,0.0,155.14
9669,2024-06-10,3,17,64,1,0.0,115.98
9670,2024-07-24,1,19,323,2,0.0,265.9
9671,2024-07-28,4,9,368,1,0.0,14.86
9672,2024-07-15,20,20,200,1,0.0,176.04
9673,2023-12-23,17,18,109,2,0.0,433.46
9674,2023-10-18,10,14,391,1,0.0,49.79
9675,2023-12-13,6,15,444,1,0.0,62.21
9676,2023-06-21,20,25,407,1,0.0,144.03
9677,2024-12-04,16,24,316,1,0.1,175.82
9678,2024-05-21,2,5,162,2,0.0,67.36
9679,2024-12-17,1,14,121,1,0.0,49.79
9680,2024-02-23,4,2,416,2,0.0,29.56
9681,2024-03-06,5,21,159,1,0.0,155.14
9682,2024-07-08,14,15,16,1,0.0,62.21
9683,2024-04-03,1,9,152,1,0.0,14.86
9684,2024-04-04,5,20,388,1,0.0,176.04
9685,2024-03-07,13,8,9,3,0.0,530.25
9686,2023-05-15,7,12,181,2,0.0,153.0
9687,2023-03-06,12,23,259,1,0.0,202.43
9688,2024-01-09,1,12,37,1,0.0,76.5
9689,2024-01-19,7,6,349,1,0.0,132.1
9690,2023-01-05,3,14,226,3,0.0,149.37
9691,2023-08-24,3,15,217,2,0.1,111.98
9692,2024-05-23,4,3,162,2,0.0,169.04
9693,2024-03-09,2,1,178,1,0.0,122.39
9694,2024-06-23,15,1,293,1,0.15,104.03
9695,2023-03-05,12,21,67,1,0.0,155.14
9696,2023-07-03,9,16,155,1,0.0,99.12
9697,2023-03-18,7,19,126,1,0.0,132.95
9698,2024-08-27,11,17,158,1,0.1,104.38
9699,2024-03-28,19,20,136,1,0.0,176.04
9700,2023-02-27,13,25,496,1,0.1,129.63
9701,2023-09-28,12,4,110,1,0.0,220.67
9702,2023-04-10,11,21,356,2,0.15,263.74
9703,2024-04-23,19,14,28,1,0.0,49.79
9704,2023-11-23,4,9,294,1,0.2,11.89
9705,2023-03-23,17,4,327,1,0.0,220.67
9706,2024-08-12,18,16,204,2,0.0,198.24
9707,2024-03-21,10,8,434,1,0.0,176.75
9708,2024-02-19,19,8,110,1,0.1,159.08
9709,2024-03-15,11,20,199,1,0.0,176.04
9710,2023-05-07,18,15,121,3,0.0,186.63
9711,2023-07-19,11,22,366,3,0.0,892.23
9712,2024-09-13,16,20,136,1,0.0,176.04
9713,2024-10-04,18,11,236,1,0.0,11.04
9714,2024-02-10,18,19,489,1,0.0,132.95
9715,2023-01-08,12,10,352,3,0.0,428.25
9716,2024-04-24,2,21,396,2,0.0,310.28
9717,2023-07-10,8,9,382,1,0.0,14.86
9718,2024-12-11,16,22,411,1,0.1,267.67
9719,2023-04-01,18,16,136,2,0.15,168.5
9720,2023-09-08,1,8,413,1,0.0,176.75
9721,2024-10-19,4,16,289,2,0.0,198.24
9722,2023-07-10,6,9,14,1,0.0,14.86
9723,2024-09-09,12,17,222,2,0.0,231.96
9724,2024-05-15,8,6,112,1,0.0,132.1
9725,2023-07-14,5,24,354,2,0.0,390.72
9726,2024-12-24,16,21,109,2,0.0,310.28
9727,2024-11-19,13,1,149,4,0.0,489.56
9728,2023-09-23,2,16,96,3,0.0,297.36
9729,2024-07-28,5,25,165,1,0.0,144.03
9730,2023-09-03,6,3,418,1,0.0,84.52
9731,2024-02-09,15,13,193,1,0.0,191.56
9732,2024-09-24,19,24,335,2,0.0,390.72
9733,2023-07-11,9,8,85,1,0.0,176.75
9734,2024-03-25,16,7,471,1,0.0,150.73
9735,2023-08-31,20,17,478,1,0.0,115.98
9736,2024-12-24,18,1,445,2,0.15,208.06
9737,2023-12-13,2,19,70,1,0.1,119.65
9738,2023-09-02,6,20,12,1,0.0,176.04
9739,2024-08-12,4,23,129,1,0.1,182.19
9740,2024-12-06,3,24,217,1,0.0,195.36
9741,2024-09-23,7,16,117,1,0.0,99.12
9742,2023-06-29,17,21,143,1,0.0,155.14
9743,2023-10-28,5,12,109,2,0.0,153.0
9744,2023-11-01,3,18,310,1,0.0,216.73
9745,2024-08-28,17,17,77,2,0.0,231.96
9746,2024-09-14,1,4,410,1,0.0,220.67
9747,2024-11-19,11,21,442,1,0.0,155.14
9748,2023-03-28,11,5,432,1,0.0,33.68
9749,2023-10-03,11,14,65,1,0.0,49.79
9750,2024-02-03,2,7,469,1,0.0,150.73
9751,2024-03-29,11,3,224,1,0.0,84.52
9752,2024-08-05,20,16,319,2,0.0,198.24
9753,2023-03-13,7,4,283,1,0.0,220.67
9754,2023-08-15,4,12,16,1,0.0,76.5
9755,2023-01-04,13,15,404,1,0.0,62.21
9756,2023-10-19,8,15,110,1,0.0,62.21
9757,2024-11-25,14,20,321,1,0.2,140.83
9758,2023-06-04,5,2,253,3,0.1,39.91
9759,2024-04-05,15,14,240,1,0.1,44.81
9760,2023-08-12,7,13,481,3,0.0,574.68
9761,2023-03-19,14,22,454,1,0.1,267.67
9762,2024-06-02,2,9,489,1,0.0,14.86
9763,2024-02-12,13,9,476,3,0.0,44.58
9764,2023-11-02,1,2,474,2,0.0,29.56
9765,2024-03-29,1,3,107,2,0.0,169.04
9766,2024-07-25,12,24,27,1,0.1,175.82
9767,2023-09-01,13,18,409,3,0.15,552.66
9768,2023-02-05,11,5,315,1,0.0,33.68
9769,2023-11-17,10,11,70,1,0.0,11.04
9770,2024-10-07,10,25,44,1,0.1,129.63
9771,2023-02-08,16,13,406,2,0.0,383.12
9772,2024-12-02,5,21,460,1,0.0,155.14
9773,2024-05-22,9,22,10,1,0.1,267.67
9774,2024-11-22,14,7,243,1,0.0,150.73
9775,2024-01-11,17,15,86,1,0.0,62.21
9776,2024-03-14,15,1,216,2,0.2,195.82
9777,2023-05-22,12,13,292,2,0.0,383.12
9778,2023-01-03,14,20,426,1,0.0,176.04
9779,2023-06-13,1,2,432,2,0.0,29.56
9780,2023-02-10,8,9,362,4,0.15,50.52
9781,2024-02-19,7,20,413,1,0.0,176.04
9782,2024-06-04,12,22,325,1,0.0,297.41
9783,2024-02-18,9,4,485,1,0.0,220.67
9784,2024-02-26,3,4,145,2,0.0,441.34
9785,2024-08-10,15,20,137,4,0.0,704.16
9786,2023-11-19,19,16,107,1,0.0,99.12
9787,2023-04-17,17,18,474,1,0.0,216.73
9788,2023-08-11,19,20,358,1,0.0,176.04
9789,2024-08-07,16,6,384,1,0.1,118.89
9790,2024-08-11,18,6,363,2,0.0,264.2
9791,2023-10-12,20,13,405,1,0.0,191.56
9792,2023-03-21,9,14,307,1,0.0,49.79
9793,2024-12-24,2,23,302,1,0.0,202.43
9794,2024-09-27,11,21,417,2,0.0,310.28
9795,2023-11-10,20,20,360,1,0.0,176.04
9796,2024-11-27,14,19,397,3,0.0,398.85
9797,2024-03-22,10,19,111,1,0.0,132.95
9798,2023-05-11,5,1,382,1,0.0,122.39
9799,2023-08-16,19,10,132,1,0.0,142.75
9800,2024-01-26,4,3,67,2,0.0,169.04
9801,2023-04-14,6,20,368,2,0.0,352.08
9802,2024-07-15,19,25,361,2,0.0,288.06
9803,2024-06-30,3,3,339,2,0.0,169.04
9804,2023-04-17,11,3,316,1,0.0,84.52
9805,2023-10-23,18,16,478,1,0.2,79.3
9806,2023-12-01,1,8,359,1,0.0,176.75
9807,2023-03-16,6,1,351,4,0.0,489.56
9808,2024-04-06,14,23,380,1,0.0,202.43
9809,2024-12-16,6,1,71,1,0.0,122.39
9810,2023-07-17,19,20,498,1,0.0,176.04
9811,2024-06-27,10,7,481,1,0.0,150.73
9812,2024-05-24,10,3,89,2,0.2,135.23
9813,2024-10-14,6,2,175,1,0.0,14.78
9814,2024-02-12,15,3,383,1,0.0,84.52
9815,2024-05-31,16,20,33,1,0.0,176.04
9816,2024-06-09,17,23,270,1,0.1,182.19
9817,2023-05-25,5,3,105,2,0.0,169.04
9818,2024-04-06,17,16,330,1,0.0,99.12
9819,2024-07-13,16,24,30,1,0.0,195.36
9820,2023-12-04,10,15,35,1,0.0,62.21
9821,2024-02-02,17,10,26,1,0.0,142.75
9822,2024-01-29,3,4,375,1,0.0,220.67
9823,2023-07-24,9,6,295,1,0.2,105.68
9824,2024-10-19,12,6,206,1,0.0,132.1
9825,2023-11-10,19,2,307,3,0.0,44.34
9826,2024-07-03,9,7,201,1,0.0,150.73
9827,2023-01-26,11,3,264,1,0.0,84.52
9828,2024-03-14,15,10,320,2,0.0,285.5
9829,2023-10-03,19,2,397,4,0.0,59.12
9830,2024-02-01,7,18,453,1,0.0,216.73
9831,2024-11-25,1,21,439,1,0.0,155.14
9832,2024-09-27,15,8,79,2,0.0,353.5
9833,2023-07-26,13,12,412,3,0.0,229.5
9834,2023-05-03,2,22,430,1,0.1,267.67
9835,2024-07-10,2,16,294,4,0.0,396.48
9836,2023-05-25,14,2,43,1,0.0,14.78
9837,2024-01-29,13,16,68,1,0.1,89.21
9838,2023-01-08,4,20,215,1,0.0,176.04
9839,2023-11-11,15,10,351,1,0.0,142.75
9840,2024-06-02,14,20,487,1,0.0,176.04
9841,2023-10-12,11,2,256,1,0.0,14.78
9842,2024-11-12,13,5,166,1,0.0,33.68
9843,2023-12-02,12,15,455,2,0.15,105.76
9844,2024-05-20,12,21,52,2,0.1,279.25
9845,2023-06-26,9,20,241,1,0.0,176.04
9846,2024-03-17,9,3,3,1,0.0,84.52
9847,2023-01-08,2,25,198,1,0.0,144.03
9848,2024-06-20,15,23,173,3,0.0,607.29
9849,2024-06-17,14,15,414,3,0.0,186.63
9850,2024-06-27,5,3,150,2,0.0,169.04
9851,2024-11-03,14,4,196,2,0.2,353.07
9852,2023-12-04,5,22,90,2,0.0,594.82
9853,2023-09-20,10,20,134,2,0.0,352.08
9854,2023-03-12,17,22,302,2,0.0,594.82
9855,2024-09-18,16,21,478,1,0.0,155.14
9856,2023-10-31,1,20,74,1,0.0,176.04
9857,2023-07-26,7,21,271,1,0.0,155.14
9858,2024-02-21,18,6,219,3,0.0,396.3
9859,2023-01-18,17,11,398,1,0.0,11.04
9860,2023-08-27,11,24,421,1,0.0,195.36
9861,2024-04-26,2,12,374,1,0.0,76.5
9862,2023-03-07,15,13,11,1,0.15,162.83
9863,2023-09-09,14,25,100,1,0.0,144.03
9864,2023-02-16,20,16,153,1,0.0,99.12
9865,2023-10-02,5,6,470,2,0.0,264.2
9866,2023-08-06,17,17,330,2,0.0,231.96
9867,2024-02-26,2,3,89,1,0.15,71.84
9868,2023-02-16,11,1,375,1,0.0,122.39
9869,2023-02-19,18,9,314,2,0.0,29.72
9870,2024-07-01,8,12,16,1,0.0,76.5
9871,2024-09-15,9,3,383,1,0.0,84.52
9872,2023-03-12,7,21,138,1,0.1,139.63
9873,2024-11-15,19,16,395,1,0.0,99.12
9874,2024-03-19,3,20,422,1,0.0,176.04
9875,2024-09-13,16,11,306,2,0.2,17.66
9876,2024-05-11,19,2,450,1,0.15,12.56
9877,2024-05-13,5,1,431,2,0.1,220.3
9878,2023-10-07,11,19,79,1,0.0,132.95
9879,2024-07-22,9,18,57,1,0.1,195.06
9880,2023-08-03,12,7,200,1,0.1,135.66
9881,2024-09-16,9,21,270,1,0.0,155.14
9882,2023-01-14,10,13,163,1,0.0,191.56
9883,2023-02-13,15,8,105,2,0.0,353.5
9884,2023-12-29,13,13,385,1,0.0,191.56
9885,2024-12-08,17,2,499,3,0.2,35.47
9886,2023-01-15,19,4,165,1,0.0,220.67
9887,2024-05-25,8,25,294,1,0.0,144.03
9888,2023-09-15,1,9,455,1,0.1,13.37
9889,2023-12-11,18,21,24,2,0.0,310.28
9890,2023-05-24,14,9,1,2,0.0,29.72
9891,2023-06-22,20,16,129,1,0.0,99.12
9892,2023-10-04,5,22,334,1,0.1,267.67
9893,2023-02-15,8,21,497,1,0.0,155.14
9894,2023-04-03,12,2,467,1,0.0,14.78
9895,2024-06-27,20,16,500,1,0.0,99.12
9896,2023-05-24,11,20,267,1,0.0,176.04
9897,2023-10-15,20,14,431,1,0.0,49.79
9898,2023-01-18,15,12,98,1,0.0,76.5
9899,2023-11-08,4,20,289,1,0.0,176.04
9900,2024-03-26,15,17,242,1,0.1,104.38
9901,2023-10-20,18,16,224,2,0.0,198.24
9902,2024-04-16,12,21,313,1,0.0,155.14
9903,2024-01-10,4,4,337,1,0.0,220.67
9904,2023-11-14,9,4,466,1,0.0,220.67
9905,2024-12-04,6,21,104,2,0.0,310.28
9906,2023-01-04,17,24,268,1,0.0,195.36
9907,2023-05-13,20,14,164,1,0.0,49.79
9908,2024-10-18,17,4,448,2,0.0,441.34
9909,2024-02-10,17,10,413,1,0.2,114.2
9910,2023-10-11,4,2,293,1,0.1,13.3
9911,2024-03-06,6,2,126,2,0.1,26.6
9912,2024-10-24,8,16,87,1,0.15,84.25
9913,2024-03-15,1,17,378,1,0.0,115.98
9914,2024-10-20,12,16,370,3,0.0,297.36
9915,2024-07-15,13,6,367,1,0.0,132.1
9916,2024-09-29,9,11,85,1,0.0,11.04
9917,2024-04-15,14,2,430,1,0.2,11.82
9918,2024-05-07,10,21,476,1,0.0,155.14
9919,2024-06-12,7,23,51,2,0.0,404.86
9920,2024-03-30,7,4,359,2,0.0,441.34
9921,2023-01-03,13,6,207,1,0.0,132.1
9922,2023-07-06,19,16,110,1,0.2,79.3
9923,2024-11-03,3,1,191,1,0.0,122.39
9924,2023-04-05,17,19,473,1,0.0,132.95
9925,2023-04-03,15,22,277,2,0.0,594.82
9926,2024-05-27,5,1,151,1,0.0,122.39
9927,2023-05-31,13,12,422,1,0.0,76.5
9928,2024-01-06,11,4,289,1,0.0,220.67
9929,2023-11-16,18,8,304,1,0.0,176.75
9930,2023-01-24,14,6,476,1,0.2,105.68
9931,2023-06-06,8,3,69,1,0.0,84.52
9932,2024-04-16,5,15,113,2,0.0,124.42
9933,2024-10-31,16,22,61,1,0.2,237.93
9934,2024-04-06,20,2,258,1,0.0,14.78
9935,2024-08-16,1,25,78,1,0.0,144.03
9936,2023-06-25,8,11,242,3,0.0,33.12
9937,2024-11-26,2,12,19,1,0.15,65.02
9938,2024-12-26,14,19,162,2,0.0,265.9
9939,2023-10-07,18,23,322,1,0.1,182.19
9940,2024-10-15,15,22,29,1,0.0,297.41
9941,2024-11-18,9,9,415,1,0.0,14.86
9942,2024-04-22,15,2,298,1,0.15,12.56
9943,2023-11-27,3,15,322,4,0.1,223.96
9944,2024-03-31,14,17,255,1,0.0,115.98
9945,2023-11-19,17,2,40,2,0.1,26.6
9946,2024-07-11,18,3,320,2,0.0,169.04
9947,2024-12-15,7,11,237,3,0.0,33.12
9948,2024-06-10,3,19,181,1,0.0,132.95
9949,2024-08-20,3,14,165,1,0.0,49.79
9950,2024-05-20,20,4,30,1,0.0,220.67
9951,2024-07-25,19,14,155,1,0.15,42.32
9952,2024-01-14,17,6,312,2,0.0,264.2
9953,2024-12-30,6,13,208,1,0.1,172.4
9954,2024-07-17,7,12,259,1,0.0,76.5
9955,2023-09-27,18,16,263,1,0.0,99.12
9956,2024-03-29,14,16,106,1,0.0,99.12
9957,2024-06-21,1,24,441,1,0.2,156.29
9958,2023-06-09,1,13,351,1,0.0,191.56
9959,2024-05-05,13,14,41,2,0.0,99.58
9960,2023-06-04,8,21,304,1,0.0,155.14
9961,2024-02-13,4,13,93,1,0.0,191.56
9962,2023-04-28,20,19,15,1,0.2,106.36
9963,2024-10-09,11,17,378,2,0.0,231.96
9964,2023-04-01,18,9,450,2,0.1,26.75
9965,2024-07-13,4,6,80,1,0.0,132.1
9966,2024-08-03,18,6,268,1,0.0,132.1
9967,2024-10-21,13,17,434,2,0.0,231.96
9968,2024-11-02,4,2,262,1,0.0,14.78
9969,2023-05-18,1,16,333,2,0.0,198.24
9970,2024-05-15,1,25,469,1,0.0,144.03
9971,2024-02-16,13,6,367,1,0.0,132.1
9972,2024-09-02,2,10,448,2,0.0,285.5
9973,2023-05-02,2,1,233,1,0.15,104.03
9974,2024-08-23,5,23,113,1,0.0,202.43
9975,2024-05-07,5,13,302,2,0.0,383.12
9976,2024-07-22,5,19,199,2,0.0,265.9
9977,2024-07-20,20,12,458,2,0.0,153.0
9978,2023-08-25,8,2,141,1,0.0,14.78
9979,2024-12-24,14,23,339,2,0.2,323.89
9980,2023-11-08,15,9,472,1,0.0,14.86
9981,2023-02-17,8,7,366,1,0.0,150.73
9982,2023-11-16,11,23,236,1,0.15,172.07
9983,2024-06-07,20,15,212,1,0.0,62.21
9984,2024-06-15,8,4,499,1,0.0,220.67
9985,2023-07-15,11,3,182,1,0.0,84.52
9986,2024-12-08,16,22,227,1,0.2,237.93
9987,2023-08-30,4,2,393,2,0.0,29.56
9988,2023-06-24,7,12,52,1,0.0,76.5
9989,2023-11-21,2,3,349,3,0.0,253.56
9990,2023-11-22,2,14,184,1,0.0,49.79
9991,2023-05-11,3,20,269,1,0.0,176.04
9992,2024-05-04,20,8,309,1,0.0,176.75
9993,2024-11-22,8,23,265,1,0.1,182.19
9994,2023-10-08,9,23,135,1,0.0,202.43
9995,2023-02-15,10,6,189,2,0.1,237.78
9996,2024-06-05,18,2,108,1,0.0,14.78
9997,2023-04-18,3,16,160,1,0.1,89.21
9998,2023-03-07,10,9,455,1,0.0,14.86
9999,2024-05-09,2,24,334,1,0.0,195.36
10000,2024-12-05,8,15,332,1,0.0,62.21
10001,2023-11-27,7,6,206,1,0.0,132.1
10002,2024-07-02,15,4,59,2,0.0,441.34
10003,2023-11-29,13,19,420,2,0.0,265.9
10004,2024-06-30,20,16,39,1,0.0,99.12
10005,2023-02-08,19,16,328,1,0.0,99.12
10006,2024-03-24,15,10,317,2,0.0,285.5
10007,2024-04-02,18,10,28,1,0.0,142.75
10008,2023-05-26,8,7,328,1,0.0,150.73
10009,2023-11-06,9,2,183,2,0.0,29.56
10010,2024-03-12,17,16,150,1,0.0,99.12
10011,2023-09-27,14,11,500,1,0.0,11.04
10012,2024-04-29,19,2,415,1,0.0,14.78
10013,2023-10-28,1,22,469,1,0.1,267.67
10014,2023-08-26,14,5,372,3,0.15,85.88
10015,2024-03-13,10,15,417,1,0.0,62.21
10016,2023-01-23,3,8,222,1,0.0,176.75
10017,2023-08-12,5,6,314,1,0.0,132.1
10018,2023-11-23,16,21,260,1,0.0,155.14
10019,2024-11-04,12,17,299,1,0.0,115.98
10020,2024-05-25,12,13,232,1,0.0,191.56
10021,2024-12-24,20,6,466,2,0.0,264.2
10022,2024-12-21,15,18,120,2,0.0,433.46
10023,2023-04-17,17,4,202,1,0.1,198.6
10024,2024-07-26,7,15,364,1,0.0,62.21
10025,2023-02-08,5,3,290,1,0.15,71.84
10026,2023-04-01,11,10,287,2,0.0,285.5
10027,2024-01-13,10,25,329,1,0.0,144.03
10028,2023-06-17,8,5,117,1,0.0,33.68
10029,2023-06-29,10,2,47,1,0.0,14.78
10030,2024-01-20,12,1,36,1,0.0,122.39
10031,2024-07-17,12,4,321,1,0.0,220.67
10032,2023-09-18,18,18,127,1,0.15,184.22
10033,2024-08-20,14,20,409,1,0.1,158.44
10034,2024-02-03,1,17,485,1,0.0,115.98
10035,2024-04-22,7,23,154,1,0.0,202.43
10036,2023-10-26,13,7,434,2,0.0,301.46
10037,2024-04-27,9,13,200,1,0.0,191.56
10038,2023-06-30,4,13,177,1,0.1,172.4
10039,2024-10-09,19,10,183,1,0.15,121.34
10040,2024-07-11,10,2,333,1,0.0,14.78
10041,2023-03-26,16,21,138,1,0.0,155.14
10042,2024-09-16,4,16,218,1,0.0,99.12
10043,2023-03-07,15,10,2,1,0.0,142.75
10044,2023-12-06,6,24,40,1,0.0,195.36
10045,2024-06-09,4,20,208,1,0.0,176.04
10046,2024-08-01,18,21,37,2,0.0,310.28
10047,2024-10-23,10,20,457,2,0.1,316.87
10048,2023-04-12,8,25,404,1,0.0,144.03
10049,2023-11-04,16,3,198,1,0.0,84.52
10050,2024-12-16,19,2,131,1,0.0,14.78
10051,2024-07-29,7,19,356,1,0.1,119.65
10052,2024-05-13,15,16,148,1,0.0,99.12
10053,2023-01-27,5,19,303,1,0.0,132.95
10054,2023-05-09,18,9,208,1,0.0,14.86
10055,2023-10-23,8,25,498,1,0.0,144.03
10056,2023-07-26,1,7,416,2,0.0,301.46
10057,2023-06-05,14,25,493,2,0.0,288.06
10058,2024-10-11,12,8,497,1,0.0,176.75
10059,2023-01-31,19,13,372,1,0.0,191.56
10060,2024-10-23,19,12,197,1,0.0,76.5
10061,2024-12-25,4,3,286,2,0.0,169.04
10062,2023-07-13,14,4,194,1,0.15,187.57
10063,2024-04-08,15,20,64,2,0.0,352.08
10064,2024-09-06,13,9,213,1,0.0,14.86
10065,2024-02-28,14,18,488,1,0.0,216.73
10066,2023-03-21,1,13,72,2,0.0,383.12
10067,2023-11-17,8,2,143,1,0.0,14.78
10068,2023-06-28,2,7,69,1,0.0,150.73
10069,2023-05-12,5,20,349,1,0.1,158.44
10070,2024-12-16,9,10,315,1,0.0,142.75
10071,2024-08-25,18,18,21,2,0.0,433.46
10072,2023-03-16,7,6,372,1,0.15,112.28
10073,2024-03-24,14,10,284,2,0.0,285.5
10074,2023-08-15,14,25,250,2,0.0,288.06
10075,2024-01-02,20,7,380,1,0.0,150.73
10076,2023-01-17,4,7,243,1,0.1,135.66
10077,2024-04-08,20,18,37,1,0.0,216.73
10078,2023-12-10,9,17,417,2,0.15,197.17
10079,2024-02-18,4,9,141,1,0.0,14.86
10080,2023-10-28,1,2,316,2,0.0,29.56
10081,2023-06-18,7,17,126,1,0.0,115.98
10082,2023-12-10,13,4,465,1,0.1,198.6
10083,2024-01-05,14,13,452,1,0.0,191.56
10084,2023-11-26,13,16,417,1,0.2,79.3
10085,2023-02-23,4,19,282,1,0.0,132.95
10086,2024-01-28,8,24,251,1,0.0,195.36
10087,2023-05-12,13,4,112,1,0.0,220.67
10088,2023-03-10,19,8,300,1,0.0,176.75
10089,2024-01-01,13,7,458,1,0.0,150.73
10090,2024-09-19,11,2,183,1,0.15,12.56
10091,2024-08-19,6,23,328,1,0.15,172.07
10092,2023-07-07,16,6,351,2,0.1,237.78
10093,2024-03-25,13,15,436,1,0.0,62.21
10094,2023-09-27,3,6,153,1,0.0,132.1
10095,2024-09-14,2,18,14,1,0.0,216.73
10096,2023-08-10,18,18,166,1,0.2,173.38
10097,2023-01-03,6,8,381,4,0.0,707.0
10098,2023-12-24,7,10,426,1,0.0,142.75
10099,2023-10-05,10,18,474,1,0.0,216.73
10100,2024-11-18,13,25,247,1,0.0,144.03
10101,2023-05-25,6,5,274,1,0.0,33.68
10102,2024-07-02,8,16,294,1,0.0,99.12
10103,2023-01-01,10,2,241,3,0.1,39.91
10104,2023-09-04,8,8,34,2,0.0,353.5
10105,2023-09-16,12,24,142,1,0.0,195.36
10106,2024-01-23,3,9,192,2,0.0,29.72
10107,2024-12-04,19,13,425,1,0.1,172.4
10108,2023-07-22,5,15,184,1,0.2,49.77
10109,2023-04-06,4,4,134,1,0.0,220.67
10110,2024-12-14,15,7,270,1,0.0,150.73
10111,2024-06-13,15,19,302,1,0.0,132.95
10112,2023-11-05,1,19,149,1,0.0,132.95
10113,2023-01-15,19,7,165,1,0.1,135.66
10114,2023-10-20,8,20,226,1,0.0,176.04
10115,2024-05-22,14,11,218,3,0.15,28.15
10116,2023-04-08,17,4,100,1,0.1,198.6
10117,2023-02-23,17,6,412,3,0.0,396.3
10118,2024-01-18,17,12,27,1,0.0,76.5
10119,2023-03-03,4,23,371,1,0.0,202.43
10120,2024-12-14,8,7,44,1,0.0,150.73
10121,2023-11-03,11,13,48,1,0.0,191.56
10122,2023-03-08,9,24,118,2,0.0,390.72
10123,2024-03-19,16,11,274,1,0.15,9.38
10124,2024-02-27,6,16,324,1,0.0,99.12
10125,2023-04-17,1,22,249,3,0.0,892.23
10126,2024-07-15,3,16,281,1,0.0,99.12
10127,2024-04-12,4,24,24,2,0.0,390.72
10128,2024-09-21,13,25,324,1,0.2,115.22
10129,2024-06-21,11,19,217,1,0.0,132.95
10130,2023-11-25,15,10,430,1,0.1,128.48
10131,2023-02-24,14,23,329,1,0.0,202.43
10132,2024-07-15,1,1,74,1,0.0,122.39
10133,2024-03-14,19,25,337,1,0.2,115.22
10134,2023-07-22,8,6,474,2,0.0,264.2
10135,2023-03-15,12,7,483,3,0.0,452.19
10136,2023-09-27,6,17,362,1,0.1,104.38
10137,2023-07-20,1,24,207,1,0.0,195.36
10138,2023-02-04,2,8,95,1,0.0,176.75
10139,2023-07-19,2,4,95,1,0.15,187.57
10140,2024-05-29,14,19,448,1,0.0,132.95
10141,2023-12-10,11,15,466,1,0.15,52.88
10142,2024-12-11,5,11,87,1,0.2,8.83
10143,2023-10-23,4,7,50,1,0.0,150.73
10144,2023-10-24,5,12,14,1,0.0,76.5
10145,2024-02-18,14,19,246,1,0.0,132.95
10146,2023-02-07,4,9,162,4,0.0,59.44
10147,2023-03-19,9,23,164,1,0.1,182.19
10148,2024-08-25,19,6,73,1,0.0,132.1
10149,2023-01-20,4,10,441,1,0.0,142.75
10150,2024-02-16,14,4,458,2,0.0,441.34
10151,2023-09-13,7,4,435,1,0.0,220.67
10152,2024-06-15,5,14,66,2,0.0,99.58
10153,2023-05-19,5,5,143,2,0.0,67.36
10154,2023-02-08,2,18,164,1,0.0,216.73
10155,2023-08-26,19,3,67,1,0.0,84.52
10156,2023-07-08,6,21,25,3,0.0,465.42
10157,2024-01-17,13,16,72,1,0.0,99.12
10158,2024-11-22,20,2,388,2,0.0,29.56
10159,2023-02-17,3,17,59,1,0.0,115.98
10160,2023-08-01,9,12,274,1,0.0,76.5
10161,2023-11-19,4,15,99,1,0.0,62.21
10162,2023-08-22,6,25,187,1,0.1,129.63
10163,2023-07-05,17,16,194,1,0.0,99.12
10164,2023-04-30,7,14,82,1,0.0,49.79
10165,2023-09-07,20,21,131,2,0.15,263.74
10166,2023-12-10,14,8,348,2,0.0,353.5
10167,2023-10-18,11,22,65,2,0.0,594.82
10168,2023-08-10,10,12,96,1,0.0,76.5
10169,2024-05-27,13,1,153,1,0.1,110.15
10170,2023-11-02,14,3,407,1,0.0,84.52
10171,2023-01-06,6,2,136,1,0.0,14.78
10172,2024-08-20,17,3,221,1,0.0,84.52
10173,2024-03-15,7,24,138,3,0.0,586.08
10174,2023-06-28,2,24,374,1,0.0,195.36
10175,2024-08-20,12,9,127,1,0.0,14.86
10176,2024-03-23,15,4,326,1,0.0,220.67
10177,2024-11-17,8,13,142,1,0.0,191.56
10178,2024-11-08,12,23,91,1,0.2,161.94
10179,2024-09-28,16,23,426,1,0.15,172.07
10180,2023-08-26,12,2,208,1,0.0,14.78
10181,2023-04-05,11,6,353,1,0.2,105.68
10182,2023-07-01,13,6,492,1,0.0,132.1
10183,2024-02-18,12,3,417,2,0.0,169.04
10184,2023-12-07,3,10,137,1,0.1,128.48
10185,2024-05-14,13,20,492,2,0.0,352.08
10186,2023-06-11,12,11,404,1,0.0,11.04
10187,2023-09-10,17,8,32,2,0.0,353.5
10188,2024-09-26,14,9,214,1,0.0,14.86
10189,2023-11-16,12,24,113,1,0.0,195.36
10190,2023-09-13,13,4,435,1,0.0,220.67
10191,2024-08-18,12,10,82,2,0.15,242.68
10192,2023-10-23,15,17,399,1,0.0,115.98
10193,2023-10-05,13,4,223,4,0.0,882.68
10194,2023-11-22,11,7,107,3,0.0,452.19
10195,2024-07-28,19,25,358,3,0.0,432.09
10196,2024-12-06,14,24,66,1,0.0,195.36
10197,2024-10-11,19,4,283,1,0.0,220.67
10198,2023-12-14,5,18,149,1,0.0,216.73
10199,2023-07-27,13,5,253,1,0.0,33.68
10200,2024-08-29,5,17,153,2,0.0,231.96
10201,2023-04-16,11,7,244,1,0.0,150.73
10202,2023-03-25,6,11,329,1,0.0,11.04
10203,2024-04-13,14,21,487,1,0.0,155.14
10204,2023-07-21,18,23,477,1,0.0,202.43
10205,2023-08-18,11,5,139,1,0.1,30.31
10206,2023-08-06,10,23,211,1,0.0,202.43
10207,2024-07-15,11,1,257,1,0.0,122.39
10208,2024-03-15,8,14,343,2,0.0,99.58
10209,2024-08-14,1,11,212,1,0.0,11.04
10210,2023-04-14,13,22,375,2,0.0,594.82
10211,2024-07-05,5,1,152,2,0.0,244.78
10212,2024-08-02,16,14,303,1,0.1,44.81
10213,2024-10-16,8,9,316,1,0.0,14.86
10214,2024-09-15,18,23,404,1,0.1,182.19
10215,2024-11-04,12,11,441,1,0.0,11.04
10216,2023-08-18,17,21,43,2,0.2,248.22
10217,2023-04-14,13,10,460,1,0.15,121.34
10218,2024-06-11,7,5,356,1,0.15,28.63
10219,2024-04-17,3,3,15,1,0.0,84.52
10220,2023-09-08,1,5,255,1,0.0,33.68
10221,2023-08-02,16,18,67,1,0.0,216.73
10222,2024-01-24,2,4,242,1,0.1,198.6
10223,2024-12-27,1,17,483,1,0.0,115.98
10224,2023-04-08,9,14,275,1,0.0,49.79
10225,2024-09-20,14,6,418,1,0.0,132.1
10226,2024-05-08,18,21,463,3,0.0,465.42
10227,2024-12-05,13,4,375,1,0.0,220.67
10228,2023-10-09,19,7,107,2,0.0,301.46
10229,2023-05-01,5,2,63,1,0.1,13.3
10230,2023-10-20,13,15,402,1,0.0,62.21
10231,2023-07-21,19,2,394,1,0.0,14.78
10232,2023-11-01,15,6,204,2,0.0,264.2
10233,2023-07-08,11,22,329,1,0.0,297.41
10234,2023-10-12,5,13,384,2,0.0,383.12
10235,2024-08-15,6,20,199,2,0.0,352.08
10236,2024-12-25,13,9,106,2,0.0,29.72
10237,2023-07-15,20,10,56,1,0.0,142.75
10238,2024-04-16,5,13,384,1,0.15,162.83
10239,2024-08-22,19,11,323,1,0.0,11.04
10240,2023-11-13,19,18,135,1,0.0,216.73
10241,2024-06-01,3,1,342,3,0.0,367.17
10242,2023-04-23,6,4,329,3,0.0,662.01
10243,2024-02-28,13,14,368,2,0.0,99.58
10244,2023-10-27,19,20,236,1,0.0,176.04
10245,2023-04-01,20,14,210,1,0.2,39.83
10246,2024-04-07,1,8,211,1,0.0,176.75
10247,2024-11-29,8,22,112,1,0.0,297.41
10248,2023-12-04,2,24,54,1,0.0,195.36
10249,2024-02-03,4,5,87,1,0.0,33.68
10250,2023-12-25,19,22,15,1,0.0,297.41
10251,2023-04-27,13,23,398,2,0.1,364.37
10252,2023-09-10,19,7,309,1,0.0,150.73
10253,2023-10-06,19,19,18,1,0.0,132.95
10254,2023-03-25,7,4,116,1,0.0,220.67
10255,2023-08-26,9,17,498,1,0.0,115.98
10256,2023-10-06,7,2,244,2,0.0,29.56
10257,2024-11-12,16,6,337,1,0.0,132.1
10258,2023-07-30,9,17,274,1,0.0,115.98
10259,2023-04-13,10,8,24,1,0.0,176.75
10260,2024-07-30,18,7,409,1,0.0,150.73
10261,2024-12-24,2,7,489,1,0.0,150.73
10262,2023-03-14,14,23,253,1,0.0,202.43
10263,2024-09-06,7,4,20,1,0.0,220.67
10264,2023-03-17,9,5,466,1,0.0,33.68
10265,2024-07-11,3,24,54,2,0.0,390.72
10266,2024-02-15,1,16,500,1,0.0,99.12
10267,2023-10-17,19,19,336,1,0.0,132.95
10268,2024-12-28,3,3,396,1,0.0,84.52
10269,2023-01-26,2,6,435,1,0.2,105.68
10270,2023-11-16,6,12,458,1,0.0,76.5
10271,2023-02-09,5,7,272,2,0.0,301.46
10272,2024-07-29,14,25,437,1,0.0,144.03
10273,2024-03-03,4,12,207,1,0.0,76.5
10274,2024-07-11,2,1,383,1,0.0,122.39
10275,2023-03-16,20,9,309,1,0.15,12.63
10276,2023-02-10,8,9,150,1,0.0,14.86
10277,2023-05-28,4,14,489,3,0.0,149.37
10278,2023-07-25,9,13,257,1,0.0,191.56
10279,2023-12-09,5,25,31,1,0.0,144.03
10280,2023-08-03,11,10,102,3,0.0,428.25
10281,2023-03-18,14,1,32,2,0.0,244.78
10282,2024-12-13,4,20,249,1,0.0,176.04
10283,2024-08-28,4,4,106,1,0.0,220.67
10284,2024-07-10,13,25,31,2,0.0,288.06
10285,2023-03-23,11,2,404,1,0.0,14.78
10286,2024-05-07,4,1,438,2,0.0,244.78
10287,2024-12-19,16,18,60,1,0.0,216.73
10288,2023-07-28,5,15,401,2,0.0,124.42
10289,2024-12-22,10,23,475,1,0.0,202.43
10290,2023-01-17,5,9,156,1,0.0,14.86
10291,2024-04-20,1,25,83,1,0.0,144.03
10292,2024-06-17,18,10,412,1,0.15,121.34
10293,2024-11-03,4,7,68,1,0.0,150.73
10294,2024-06-30,15,8,436,1,0.0,176.75
10295,2024-10-09,10,6,163,2,0.0,264.2
10296,2023-05-20,16,3,479,1,0.0,84.52
10297,2024-12-20,7,14,497,1,0.0,49.79
10298,2024-03-22,16,20,435,1,0.0,176.04
10299,2024-06-06,12,22,252,1,0.1,267.67
10300,2024-01-25,10,8,441,1,0.0,176.75
10301,2024-03-14,7,23,310,2,0.0,404.86
10302,2023-03-15,8,6,284,1,0.0,132.1
10303,2023-03-23,2,6,471,1,0.0,132.1
10304,2024-10-14,16,7,155,2,0.0,301.46
10305,2024-09-21,4,9,337,1,0.2,11.89
10306,2024-01-24,4,6,401,2,0.15,224.57
10307,2024-08-14,10,5,87,1,0.0,33.68
10308,2023-09-13,5,13,61,1,0.0,191.56
10309,2023-12-02,3,18,364,1,0.0,216.73
10310,2023-09-01,3,9,472,2,0.0,29.72
10311,2023-12-02,14,9,306,1,0.0,14.86
10312,2024-11-10,6,2,199,2,0.0,29.56
10313,2023-03-10,14,10,281,4,0.0,571.0
10314,2023-09-17,12,20,173,1,0.0,176.04
10315,2023-06-21,11,24,90,1,0.0,195.36
10316,2024-11-02,10,4,458,1,0.0,220.67
10317,2023-03-18,1,23,72,1,0.0,202.43
10318,2024-10-10,12,3,145,1,0.0,84.52
10319,2024-05-13,3,16,479,1,0.0,99.12
10320,2024-12-25,18,1,306,1,0.0,122.39
10321,2024-12-22,17,14,270,1,0.2,39.83
10322,2024-01-03,14,19,200,2,0.0,265.9
10323,2024-09-11,10,18,260,2,0.0,433.46
10324,2024-08-06,20,16,114,2,0.0,198.24
10325,2023-03-01,1,24,190,1,0.0,195.36
10326,2023-04-19,19,6,322,1,0.0,132.1
10327,2024-12-18,14,15,232,2,0.0,124.42
10328,2023-12-23,13,3,107,1,0.0,84.52
10329,2024-01-10,12,25,399,1,0.1,129.63
10330,2024-05-31,10,25,454,2,0.0,288.06
10331,2023-05-30,6,8,230,1,0.0,176.75
10332,2024-10-15,3,9,234,1,0.0,14.86
10333,2023-06-09,13,11,207,1,0.0,11.04
10334,2023-05-17,12,23,208,1,0.0,202.43
10335,2024-01-11,1,12,133,2,0.0,153.0
10336,2024-01-27,1,22,244,1,0.0,297.41
10337,2023-01-24,2,7,43,1,0.0,150.73
10338,2023-10-29,9,14,57,2,0.0,99.58
10339,2023-08-16,1,25,420,1,0.0,144.03
10340,2024-01-23,17,12,332,1,0.0,76.5
10341,2024-03-07,6,5,134,1,0.0,33.68
10342,2023-02-11,17,23,228,1,0.0,202.43
10343,2023-04-16,1,23,2,2,0.0,404.86
10344,2024-10-15,14,12,210,1,0.0,76.5
10345,2024-07-08,20,24,31,1,0.2,156.29
10346,2024-11-26,4,18,249,1,0.1,195.06
10347,2023-05-19,18,17,73,1,0.0,115.98
10348,2023-01-08,16,18,209,1,0.0,216.73
10349,2023-06-22,7,8,257,2,0.0,353.5
10350,2023-04-24,4,1,180,1,0.1,110.15
10351,2024-11-08,5,17,283,2,0.0,231.96
10352,2023-06-01,6,18,90,1,0.0,216.73
10353,2024-07-23,5,16,146,1,0.0,99.12
10354,2023-01-14,18,15,143,2,0.0,124.42
10355,2024-04-27,11,3,444,1,0.0,84.52
10356,2023-06-09,17,11,99,1,0.0,11.04
10357,2024-01-02,20,19,303,1,0.2,106.36
10358,2024-09-01,10,9,17,1,0.0,14.86
10359,2023-01-02,9,16,48,1,0.0,99.12
10360,2023-02-09,18,4,138,1,0.1,198.6
10361,2024-04-08,20,23,411,1,0.0,202.43
10362,2023-04-29,8,21,191,1,0.0,155.14
10363,2023-04-15,4,24,480,1,0.0,195.36
10364,2023-09-10,12,24,342,4,0.0,781.44
10365,2023-01-31,11,5,100,1,0.0,33.68
10366,2023-11-23,15,22,475,1,0.0,297.41
10367,2023-05-30,6,9,393,1,0.2,11.89
10368,2024-10-20,17,16,304,1,0.0,99.12
10369,2023-05-15,1,19,406,1,0.0,132.95
10370,2024-03-23,10,25,61,2,0.0,288.06
10371,2024-10-16,12,6,490,1,0.0,132.1
10372,2024-05-16,18,8,21,1,0.0,176.75
10373,2024-09-05,15,11,269,2,0.15,18.77
10374,2023-09-04,1,6,66,1,0.1,118.89
10375,2024-07-07,1,22,436,2,0.0,594.82
10376,2023-03-16,1,18,459,2,0.0,433.46
10377,2023-11-10,11,5,125,1,0.0,33.68
10378,2023-11-11,5,4,403,1,0.0,220.67
10379,2024-06-06,4,3,477,1,0.0,84.52
10380,2024-11-16,18,17,210,1,0.0,115.98
10381,2024-04-10,10,5,376,1,0.1,30.31
10382,2024-10-05,5,20,282,1,0.0,176.04
10383,2023-02-07,6,21,44,1,0.15,131.87
10384,2024-10-18,17,21,346,1,0.0,155.14
10385,2024-07-22,20,17,115,1,0.0,115.98
10386,2023-01-24,13,25,114,1,0.15,122.43
10387,2023-12-19,18,1,329,1,0.0,122.39
10388,2024-12-28,8,5,238,1,0.0,33.68
10389,2024-07-25,19,19,396,2,0.0,265.9
10390,2023-04-29,5,13,50,1,0.0,191.56
10391,2023-08-16,20,6,372,1,0.0,132.1
10392,2024-03-31,9,5,477,1,0.0,33.68
10393,2023-09-03,13,14,306,1,0.0,49.79
10394,2024-08-12,1,19,164,1,0.0,132.95
10395,2023-12-06,12,7,469,1,0.0,150.73
10396,2024-05-19,12,2,304,3,0.0,44.34
10397,2024-08-08,10,7,358,1,0.0,150.73
10398,2023-01-22,18,15,389,1,0.0,62.21
10399,2023-10-12,6,12,295,2,0.2,122.4
10400,2023-01-01,14,12,309,1,0.0,76.5
10401,2024-03-16,19,19,327,2,0.0,265.9
10402,2023-02-20,10,14,184,1,0.0,49.79
10403,2023-06-06,17,11,312,1,0.0,11.04
10404,2024-07-10,14,15,8,1,0.1,55.99
10405,2024-01-22,3,17,373,1,0.0,115.98
10406,2023-02-19,13,10,170,1,0.0,142.75
10407,2024-03-06,15,8,124,1,0.0,176.75
10408,2023-08-28,15,9,388,1,0.0,14.86
10409,2023-10-07,12,12,228,2,0.0,153.0
10410,2023-02-14,3,16,205,3,0.1,267.62
10411,2023-11-14,3,15,475,2,0.1,111.98
10412,2023-08-17,14,9,340,1,0.1,13.37
10413,2024-07-27,3,21,154,2,0.0,310.28
10414,2024-08-24,18,13,30,1,0.0,191.56
10415,2023-05-24,12,5,113,1,0.0,33.68
10416,2024-10-12,1,15,263,1,0.0,62.21
10417,2023-10-15,7,17,246,1,0.0,115.98
10418,2024-02-13,20,3,315,2,0.0,169.04
10419,2023-06-14,20,11,435,1,0.0,11.04
10420,2024-02-12,10,8,138,1,0.0,176.75
10421,2023-11-05,16,22,441,2,0.1,535.34
10422,2023-07-04,11,6,411,1,0.0,132.1
10423,2023-01-10,18,16,145,2,0.0,198.24
10424,2024-11-24,5,7,462,2,0.0,301.46
10425,2023-09-14,6,10,109,2,0.0,285.5
10426,2023-11-05,2,8,141,1,0.0,176.75
10427,2023-03-23,15,6,364,3,0.0,396.3
10428,2023-05-10,10,10,57,1,0.0,142.75
10429,2023-12-28,13,16,308,2,0.0,198.24
10430,2023-04-21,11,2,274,3,0.1,39.91
10431,2023-12-10,19,8,476,2,0.2,282.8
10432,2023-01-30,13,23,90,1,0.0,202.43
10433,2024-05-25,19,19,415,2,0.1,239.31
10434,2024-01-23,1,10,84,3,0.0,428.25
10435,2023-10-12,6,23,189,1,0.0,202.43
10436,2024-04-08,2,21,123,2,0.2,248.22
10437,2023-08-07,8,11,337,1,0.15,9.38
10438,2023-05-28,20,15,407,2,0.0,124.42
10439,2023-12-13,10,18,184,1,0.0,216.73
10440,2023-07-05,8,8,435,1,0.0,176.75
10441,2023-03-26,11,20,328,1,0.0,176.04
10442,2024-07-04,5,18,269,1,0.0,216.73
10443,2024-02-01,8,23,24,2,0.0,404.86
10444,2023-10-14,1,10,467,1,0.0,142.75
10445,2023-05-24,20,17,223,2,0.0,231.96
10446,2024-02-06,6,1,464,1,0.0,122.39
10447,2024-12-07,3,18,227,2,0.0,433.46
10448,2023-06-11,4,21,249,1,0.0,155.14
10449,2023-10-30,6,10,308,3,0.0,428.25
10450,2023-05-23,5,9,14,1,0.0,14.86
10451,2023-11-15,18,7,475,2,0.0,301.46
10452,2023-07-01,4,4,184,2,0.0,441.34
10453,2024-12-06,13,11,196,1,0.0,11.04
10454,2024-09-10,7,2,244,1,0.0,14.78
10455,2023-01-06,13,2,114,1,0.0,14.78
10456,2023-05-10,12,17,385,1,0.1,104.38
10457,2023-02-03,7,15,63,2,0.0,124.42
10458,2023-08-25,19,17,81,4,0.0,463.92
10459,2024-05-27,2,15,155,1,0.0,62.21
10460,2024-06-28,12,21,4,1,0.0,155.14
10461,2023-07-09,5,17,24,1,0.0,115.98
10462,2024-03-04,4,4,344,1,0.0,220.67
10463,2024-08-22,2,3,55,1,0.0,84.52
10464,2024-08-13,8,25,330,1,0.0,144.03
10465,2023-09-07,7,17,192,1,0.0,115.98
10466,2024-09-25,8,3,251,1,0.0,84.52
10467,2024-09-10,16,14,44,2,0.0,99.58
10468,2024-09-10,2,22,2,1,0.0,297.41
10469,2023-03-01,1,9,95,1,0.0,14.86
10470,2024-12-26,11,13,221,1,0.15,162.83
10471,2023-04-12,13,4,75,1,0.1,198.6
10472,2023-07-08,11,11,193,1,0.1,9.94
10473,2024-11-16,3,11,264,1,0.0,11.04
10474,2024-01-13,12,17,497,3,0.15,295.75
10475,2024-09-06,10,3,2,1,0.0,84.52
10476,2024-04-05,19,24,319,1,0.0,195.36
10477,2023-05-27,8,24,1,2,0.2,312.58
10478,2023-10-20,12,16,373,1,0.0,99.12
10479,2023-08-11,5,11,381,3,0.0,33.12
10480,2023-08-28,3,4,493,1,0.0,220.67
10481,2024-01-30,15,19,239,1,0.0,132.95
10482,2024-07-01,3,18,146,1,0.1,195.06
10483,2023-12-15,10,25,429,1,0.1,129.63
10484,2023-09-08,15,7,7,1,0.0,150.73
10485,2023-05-02,20,6,152,2,0.0,264.2
10486,2023-12-20,4,19,472,2,0.0,265.9
10487,2023-03-24,15,3,499,1,0.0,84.52
10488,2024-05-25,14,2,497,1,0.0,14.78
10489,2024-03-06,14,13,175,1,0.0,191.56
10490,2023-03-01,12,25,91,2,0.0,288.06
10491,2024-11-05,14,21,35,1,0.15,131.87
10492,2023-05-09,1,17,402,2,0.1,208.76
10493,2024-08-12,6,25,284,1,0.0,144.03
10494,2023-03-30,11,12,245,1,0.0,76.5
10495,2024-07-14,2,10,209,1,0.0,142.75
10496,2024-11-24,20,4,31,1,0.0,220.67
10497,2023-06-09,5,22,126,1,0.0,297.41
10498,2023-03-12,4,18,201,2,0.0,433.46
10499,2024-05-04,18,17,349,1,0.1,104.38
10500,2024-03-28,1,1,198,1,0.0,122.39
10501,2024-10-06,16,13,324,1,0.0,191.56
10502,2024-03-13,7,8,172,1,0.0,176.75
10503,2023-09-09,5,23,78,1,0.0,202.43
10504,2023-07-23,16,7,64,1,0.0,150.73
10505,2024-07-06,12,19,300,2,0.0,265.9
10506,2023-06-09,3,20,445,1,0.0,176.04
10507,2023-05-22,13,10,420,1,0.0,142.75
10508,2024-10-13,17,1,369,1,0.0,122.39
10509,2023-10-19,17,14,189,1,0.0,49.79
10510,2024-02-29,8,2,467,2,0.1,26.6
10511,2024-05-24,3,24,43,1,0.0,195.36
10512,2023-10-20,5,11,311,1,0.0,11.04
10513,2023-11-02,1,17,481,3,0.0,347.94
10514,2023-09-08,15,9,426,1,0.0,14.86
10515,2023-12-11,8,21,292,1,0.0,155.14
10516,2024-07-04,19,12,465,1,0.0,76.5
10517,2024-12-08,3,2,107,3,0.1,39.91
10518,2023-05-27,9,2,224,1,0.0,14.78
10519,2023-12-19,17,17,436,1,0.0,115.98
10520,2024-01-25,13,5,314,1,0.0,33.68
10521,2023-08-02,5,22,498,1,0.0,297.41
10522,2024-05-05,18,1,366,1,0.0,122.39
10523,2023-09-22,4,16,252,2,0.1,178.42
10524,2024-11-05,16,25,212,2,0.0,288.06
10525,2023-12-17,11,23,459,2,0.1,364.37
10526,2023-08-04,17,22,72,1,0.0,297.41
10527,2023-02-12,4,19,51,2,0.0,265.9
10528,2023-10-09,1,14,418,2,0.0,99.58
10529,2024-02-02,12,1,84,1,0.0,122.39
10530,2024-12-18,10,6,95,1,0.0,132.1
10531,2024-03-17,15,21,444,3,0.0,465.42
10532,2023-08-14,12,1,33,1,0.0,122.39
10533,2023-05-28,16,2,94,1,0.0,14.78
10534,2023-10-14,11,5,483,1,0.0,33.68
10535,2023-12-26,8,3,251,1,0.0,84.52
10536,2024-01-10,13,7,161,1,0.0,150.73
10537,2024-01-31,20,16,241,1,0.1,89.21
10538,2024-02-25,9,2,271,4,0.0,59.12
10539,2024-03-27,17,25,151,1,0.2,115.22
10540,2024-08-25,14,8,82,2,0.0,353.5
10541,2023-06-18,9,13,417,1,0.0,191.56
10542,2024-08-14,10,10,363,1,0.1,128.48
10543,2024-01-12,4,18,12,1,0.0,216.73
10544,2023-11-11,5,24,162,1,0.0,195.36
10545,2023-01-06,14,17,297,1,0.0,115.98
10546,2023-05-13,19,12,215,1,0.0,76.5
10547,2023-12-11,4,19,74,2,0.0,265.9
10548,2024-11-14,5,24,385,1,0.0,195.36
10549,2024-04-03,14,20,365,1,0.15,149.63
10550,2024-05-19,6,7,306,1,0.0,150.73
10551,2023-08-25,11,13,360,1,0.0,191.56
10552,2023-01-23,20,25,226,1,0.0,144.03
10553,2024-08-21,7,5,132,1,0.15,28.63
10554,2024-12-02,5,3,38,2,0.0,169.04
10555,2023-05-15,19,19,57,1,0.0,132.95
10556,2023-11-05,12,8,462,2,0.0,353.5
10557,2023-01-05,6,25,76,1,0.0,144.03
10558,2023-07-20,10,5,458,1,0.0,33.68
10559,2024-05-20,15,24,282,1,0.0,195.36
10560,2024-12-07,1,13,147,4,0.0,766.24
10561,2023-12-20,19,7,238,2,0.0,301.46
10562,2023-05-21,12,12,60,1,0.0,76.5
10563,2024-06-16,10,8,358,1,0.0,176.75
10564,2024-11-01,7,9,118,2,0.0,29.72
10565,2024-10-27,20,14,272,2,0.0,99.58
10566,2023-05-18,3,17,150,1,0.0,115.98
10567,2024-04-08,18,16,349,1,0.0,99.12
10568,2023-05-28,8,20,99,2,0.0,352.08
10569,2024-03-31,5,17,356,1,0.1,104.38
10570,2023-02-27,19,24,358,2,0.0,390.72
10571,2024-12-03,13,8,250,2,0.0,353.5
10572,2024-02-14,15,17,7,1,0.0,115.98
10573,2024-02-09,7,10,209,1,0.0,142.75
10574,2024-10-07,8,6,344,1,0.0,132.1
10575,2023-05-24,17,8,219,1,0.15,150.24
10576,2023-07-25,1,17,58,1,0.2,92.78
10577,2023-03-10,5,17,453,1,0.15,98.58
10578,2023-06-05,1,4,421,1,0.0,220.67
10579,2023-02-20,17,13,150,1,0.0,191.56
10580,2024-05-30,9,6,65,2,0.0,264.2
10581,2024-02-02,9,11,396,1,0.2,8.83
10582,2024-07-10,7,2,105,3,0.0,44.34
10583,2023-08-06,14,25,435,1,0.15,122.43
10584,2024-04-07,19,12,196,1,0.0,76.5
10585,2023-01-24,17,18,86,1,0.0,216.73
10586,2024-12-08,13,16,256,1,0.0,99.12
10587,2024-10-15,3,8,358,3,0.0,530.25
10588,2023-07-31,13,23,5,1,0.15,172.07
10589,2023-12-10,9,17,311,3,0.0,347.94
10590,2023-10-20,14,4,449,1,0.0,220.67
10591,2024-09-05,5,23,13,2,0.2,323.89
10592,2024-07-29,12,3,470,1,0.0,84.52
10593,2024-03-05,9,3,291,1,0.0,84.52
10594,2023-02-23,4,17,444,2,0.1,208.76
10595,2023-07-12,5,19,134,2,0.0,265.9
10596,2024-09-28,12,5,391,1,0.0,33.68
10597,2023-04-06,19,22,477,1,0.15,252.8
10598,2023-08-09,12,3,26,1,0.0,84.52
10599,2024-10-30,1,6,40,3,0.0,396.3
10600,2023-04-21,11,12,150,1,0.0,76.5
10601,2024-02-05,4,16,244,2,0.0,198.24
10602,2023-12-20,17,18,367,1,0.0,216.73
10603,2024-12-08,2,17,277,1,0.0,115.98
10604,2023-02-19,7,5,488,3,0.0,101.04
10605,2024-06-20,17,15,296,1,0.0,62.21
10606,2024-10-16,2,12,147,3,0.0,229.5
10607,2023-09-19,3,2,32,1,0.0,14.78
10608,2023-10-16,2,9,140,1,0.0,14.86
10609,2023-09-05,3,5,179,1,0.0,33.68
10610,2024-02-20,13,11,458,1,0.0,11.04
10611,2024-06-05,11,10,39,2,0.0,285.5
10612,2024-12-11,7,6,268,2,0.15,224.57
10613,2024-10-11,4,14,141,2,0.1,89.62
10614,2024-06-11,7,19,245,1,0.0,132.95
10615,2023-11-14,12,1,259,2,0.0,244.78
10616,2023-02-21,7,16,22,2,0.0,198.24
10617,2024-10-01,1,9,53,1,0.0,14.86
10618,2024-02-17,17,10,477,1,0.0,142.75
10619,2023-11-15,4,3,250,1,0.0,84.52
10620,2024-04-06,18,16,135,1,0.0,99.12
10621,2023-02-06,3,16,493,1,0.1,89.21
10622,2024-09-14,2,21,80,1,0.0,155.14
10623,2024-04-18,4,14,208,1,0.0,49.79
10624,2024-09-12,17,8,356,1,0.0,176.75
10625,2024-07-26,7,21,248,1,0.0,155.14
10626,2024-12-03,4,13,188,1,0.1,172.4
10627,2024-06-12,13,12,218,1,0.0,76.5
10628,2024-06-13,14,11,58,1,0.0,11.04
10629,2023-03-29,19,14,293,2,0.0,99.58
10630,2024-04-26,13,5,225,1,0.0,33.68
10631,2023-12-31,17,21,104,1,0.0,155.14
10632,2024-11-14,3,3,244,2,0.0,169.04
10633,2023-02-12,11,11,443,3,0.1,29.81
10634,2023-01-29,11,7,497,1,0.0,150.73
10635,2024-07-03,7,18,192,1,0.2,173.38
10636,2023-07-14,9,12,183,4,0.0,306.0
10637,2024-10-21,18,25,35,1,0.0,144.03
10638,2024-08-25,12,7,217,2,0.0,301.46
10639,2023-12-02,5,13,280,1,0.0,191.56
10640,2024-01-14,8,7,187,1,0.0,150.73
10641,2023-09-03,8,22,297,1,0.0,297.41
10642,2024-11-02,17,11,84,1,0.2,8.83
10643,2023-10-17,6,11,199,2,0.0,22.08
10644,2024-02-14,5,16,49,1,0.0,99.12
10645,2024-04-24,16,11,172,1,0.0,11.04
10646,2024-07-26,2,12,35,1,0.0,76.5
10647,2024-11-27,9,21,476,2,0.0,310.28
10648,2024-03-11,14,22,281,1,0.0,297.41
10649,2024-05-11,20,25,445,1,0.1,129.63
10650,2023-08-02,1,13,418,3,0.2,459.74
10651,2023-07-27,1,20,78,1,0.0,176.04
10652,2024-06-11,11,16,105,1,0.0,99.12
10653,2023-06-11,15,14,92,1,0.0,49.79
10654,2024-05-05,13,3,221,2,0.0,169.04
10655,2024-08-29,18,18,416,2,0.0,433.46
10656,2024-10-24,8,12,131,3,0.0,229.5
10657,2023-11-12,2,11,85,1,0.0,11.04
10658,2023-11-17,12,7,484,2,0.0,301.46
10659,2023-11-04,8,21,3,1,0.0,155.14
10660,2024-07-11,15,9,419,1,0.0,14.86
10661,2023-07-15,1,18,275,1,0.0,216.73
10662,2024-07-31,16,7,65,1,0.0,150.73
10663,2023-01-09,15,22,392,1,0.2,237.93
10664,2023-08-18,18,6,443,1,0.0,132.1
10665,2023-06-20,16,3,407,1,0.0,84.52
10666,2024-05-01,16,16,234,2,0.1,178.42
10667,2023-04-29,4,16,450,1,0.0,99.12
10668,2024-05-28,10,18,72,1,0.0,216.73
10669,2023-11-24,16,11,335,1,0.0,11.04
10670,2024-05-31,13,3,102,1,0.0,84.52
10671,2023-01-02,20,19,32,2,0.0,265.9
10672,2023-01-09,15,21,465,1,0.15,131.87
10673,2023-03-26,5,15,38,1,0.0,62.21
10674,2023-02-19,5,25,367,1,0.0,144.03
10675,2023-10-13,5,7,100,1,0.0,150.73
10676,2023-10-30,10,7,251,2,0.1,271.31
10677,2023-08-10,2,6,179,3,0.0,396.3
10678,2024-11-05,15,13,241,4,0.0,766.24
10679,2023-04-07,20,14,428,1,0.0,49.79
10680,2024-12-29,4,9,348,3,0.0,44.58
10681,2024-08-16,19,21,324,1,0.0,155.14
10682,2024-05-01,4,16,193,1,0.0,99.12
10683,2024-01-09,20,20,223,1,0.0,176.04
10684,2023-12-25,13,16,395,1,0.0,99.12
10685,2024-04-11,14,8,152,1,0.0,176.75
10686,2023-02-11,20,5,313,1,0.0,33.68
10687,2024-11-28,8,11,100,2,0.2,17.66
10688,2023-10-22,9,14,9,1,0.0,49.79
10689,2023-01-18,20,1,366,1,0.0,122.39
10690,2024-01-11,5,11,83,1,0.0,11.04
10691,2023-10-16,5,10,346,2,0.0,285.5
10692,2024-01-24,12,19,101,1,0.0,132.95
10693,2024-04-14,20,25,103,1,0.0,144.03
10694,2024-12-27,3,12,297,1,0.1,68.85
10695,2023-03-19,9,22,125,2,0.0,594.82
10696,2024-09-30,1,25,235,1,0.0,144.03
10697,2023-01-22,12,24,355,2,0.1,351.65
10698,2023-10-19,16,6,344,1,0.0,132.1
10699,2023-09-07,14,23,26,1,0.0,202.43
10700,2023-04-27,11,13,253,1,0.15,162.83
10701,2024-10-17,19,7,59,1,0.0,150.73
10702,2023-03-26,11,2,20,1,0.0,14.78
10703,2024-12-03,13,22,363,1,0.0,297.41
10704,2023-06-05,14,20,5,3,0.0,528.12
10705,2023-02-01,17,17,17,1,0.0,115.98
10706,2023-05-18,13,15,179,3,0.1,167.97
10707,2024-07-27,19,10,368,1,0.0,142.75
10708,2023-08-02,9,8,433,2,0.2,282.8
10709,2024-04-24,11,17,307,1,0.0,115.98
10710,2024-04-11,18,12,471,1,0.0,76.5
10711,2023-07-28,8,1,164,1,0.1,110.15
10712,2023-10-23,17,7,257,1,0.0,150.73
10713,2024-12-16,3,10,308,1,0.1,128.48
10714,2023-07-11,4,21,146,1,0.1,139.63
10715,2024-08-07,13,12,242,1,0.0,76.5
10716,2024-08-06,3,7,419,1,0.2,120.58
10717,2023-09-16,13,10,125,1,0.0,142.75
10718,2024-12-28,14,22,325,2,0.0,594.82
10719,2024-02-01,10,12,348,2,0.0,153.0
10720,2023-09-03,5,24,12,1,0.0,195.36
10721,2023-08-01,3,23,483,2,0.0,404.86
10722,2024-05-21,5,10,419,1,0.0,142.75
10723,2024-11-04,12,13,75,1,0.0,191.56
10724,2024-06-14,5,7,159,1,0.1,135.66
10725,2024-02-07,18,16,171,1,0.0,99.12
10726,2023-09-28,19,12,462,1,0.0,76.5
10727,2023-06-20,16,5,343,1,0.0,33.68
10728,2023-05-12,10,21,2,1,0.0,155.14
10729,2023-02-10,2,15,353,1,0.0,62.21
10730,2024-11-22,1,2,280,1,0.0,14.78
10731,2024-02-05,2,14,45,2,0.0,99.58
10732,2023-11-08,13,9,405,1,0.0,14.86
10733,2023-01-18,11,10,45,1,0.0,142.75
10734,2024-08-26,1,20,287,1,0.0,176.04
10735,2023-12-27,5,13,254,2,0.0,383.12
10736,2023-04-28,13,15,489,1,0.0,62.21
10737,2024-10-29,7,1,374,2,0.0,244.78
10738,2023-02-28,7,5,121,1,0.0,33.68
10739,2023-11-24,7,1,196,2,0.0,244.78
10740,2024-09-04,7,23,416,1,0.0,202.43
10741,2023-01-14,3,9,465,1,0.0,14.86
10742,2023-03-01,2,4,370,1,0.0,220.67
10743,2023-02-08,19,2,27,1,0.0,14.78
10744,2024-06-22,20,14,302,1,0.0,49.79
10745,2023-08-29,3,20,284,3,0.0,528.12
10746,2024-03-30,17,22,59,1,0.0,297.41
10747,2023-01-04,10,23,438,2,0.15,344.13
10748,2024-06-28,2,9,89,1,0.15,12.63
10749,2024-06-23,8,11,172,2,0.0,22.08
10750,2024-12-16,3,5,172,2,0.0,67.36
10751,2024-07-10,20,25,388,2,0.0,288.06
10752,2023-07-04,20,20,350,1,0.0,176.04
10753,2023-02-21,20,4,379,1,0.0,220.67
10754,2023-08-24,2,5,473,1,0.0,33.68
10755,2023-09-26,8,22,325,1,0.0,297.41
10756,2024-03-30,14,13,218,1,0.0,191.56
10757,2023-04-01,8,6,395,1,0.0,132.1
10758,2024-03-03,13,10,88,3,0.0,428.25
10759,2024-06-30,1,4,263,1,0.0,220.67
10760,2023-03-26,5,24,71,1,0.0,195.36
10761,2024-11-21,17,13,35,1,0.1,172.4
10762,2023-12-24,19,23,156,2,0.0,404.86
10763,2024-04-14,9,9,394,2,0.0,29.72
10764,2024-04-13,1,6,447,1,0.0,132.1
10765,2023-12-22,8,21,38,2,0.0,310.28
10766,2023-04-01,2,2,179,1,0.0,14.78
10767,2024-11-28,7,2,346,1,0.0,14.78
10768,2023-09-08,1,24,442,1,0.15,166.06
10769,2024-09-19,14,10,255,1,0.0,142.75
10770,2023-07-27,20,23,230,1,0.0,202.43
10771,2024-09-25,17,19,149,1,0.0,132.95
10772,2023-05-23,4,14,286,1,0.0,49.79
10773,2024-08-21,4,13,383,1,0.0,191.56
10774,2023-11-14,20,2,120,1,0.0,14.78
10775,2024-04-30,14,22,376,1,0.0,297.41
10776,2023-12-31,4,6,208,2,0.0,264.2
10777,2024-05-12,14,5,246,1,0.0,33.68
10778,2024-12-07,17,6,254,2,0.15,224.57
10779,2024-05-05,13,7,446,2,0.0,301.46
10780,2023-05-09,17,25,278,1,0.1,129.63
10781,2023-08-10,14,13,475,1,0.15,162.83
10782,2023-08-30,14,3,279,1,0.0,84.52
10783,2024-06-22,12,22,13,1,0.0,297.41
10784,2023-03-31,13,10,451,1,0.0,142.75
10785,2024-10-17,6,3,236,1,0.0,84.52
10786,2024-02-16,6,6,304,1,0.1,118.89
10787,2023-06-12,6,1,218,1,0.15,104.03
10788,2024-03-18,14,3,228,4,0.15,287.37
10789,2024-06-11,17,12,6,1,0.0,76.5
10790,2024-08-06,7,12,230,1,0.0,76.5
10791,2024-10-21,13,8,44,1,0.0,176.75
10792,2024-02-09,11,24,87,1,0.0,195.36
10793,2023-07-11,18,2,470,1,0.0,14.78
10794,2024-10-18,20,22,347,1,0.1,267.67
10795,2024-07-04,20,23,1,1,0.0,202.43
10796,2024-04-19,10,2,298,4,0.0,59.12
10797,2024-08-20,8,20,414,1,0.0,176.04
10798,2023-11-22,4,23,70,1,0.0,202.43
10799,2023-11-16,16,8,239,1,0.15,150.24
10800,2023-06-05,14,5,166,2,0.1,60.62
10801,2024-09-09,16,12,195,1,0.0,76.5
10802,2023-10-31,1,4,282,2,0.1,397.21
10803,2023-07-12,18,7,190,1,0.0,150.73
10804,2024-06-28,1,13,163,3,0.15,488.48
10805,2023-01-31,3,20,471,1,0.0,176.04
10806,2024-12-28,10,4,64,1,0.0,220.67
10807,2024-03-27,4,23,457,2,0.0,404.86
10808,2024-02-01,11,5,248,2,0.0,67.36
10809,2024-07-18,19,1,97,1,0.0,122.39
10810,2024-08-08,3,23,489,1,0.0,202.43
10811,2023-05-23,19,7,491,4,0.0,602.92
10812,2023-12-27,12,7,411,1,0.0,150.73
10813,2023-04-06,18,16,273,1,0.0,99.12
10814,2024-03-27,3,2,332,1,0.0,14.78
10815,2023-04-27,10,18,270,1,0.0,216.73
10816,2024-03-14,2,14,29,2,0.0,99.58
10817,2024-10-29,12,15,397,2,0.0,124.42
10818,2023-02-14,1,12,368,1,0.0,76.5
10819,2024-09-09,6,9,135,1,0.0,14.86
10820,2023-10-04,20,20,361,1,0.1,158.44
10821,2024-10-15,6,24,268,1,0.0,195.36
10822,2024-04-02,18,5,428,1,0.1,30.31
10823,2024-05-18,12,23,328,1,0.0,202.43
10824,2024-04-19,2,6,321,1,0.0,132.1
10825,2023-08-27,1,20,397,1,0.0,176.04
10826,2023-05-25,19,13,101,2,0.0,383.12
10827,2023-01-19,4,14,53,2,0.0,99.58
10828,2023-06-03,11,5,325,1,0.0,33.68
10829,2023-01-14,3,6,330,1,0.0,132.1
10830,2024-06-03,13,3,428,1,0.0,84.52
10831,2024-10-02,2,18,253,1,0.0,216.73
10832,2023-10-09,6,21,293,3,0.0,465.42
10833,2023-01-24,13,16,339,1,0.0,99.12
10834,2024-10-20,20,11,177,1,0.0,11.04
10835,2023-06-02,6,14,83,2,0.0,99.58
10836,2023-08-21,7,21,209,3,0.0,465.42
10837,2024-09-11,7,17,421,2,0.0,231.96
10838,2023-05-02,18,22,9,1,0.0,297.41
10839,2024-01-29,6,11,454,1,0.1,9.94
10840,2023-02-12,1,13,401,3,0.0,574.68
10841,2024-05-25,7,1,11,1,0.0,122.39
10842,2023-05-20,9,8,403,2,0.1,318.15
10843,2023-06-26,13,4,334,2,0.0,441.34
10844,2024-12-28,9,23,360,1,0.1,182.19
10845,2024-08-10,15,5,187,1,0.1,30.31
10846,2023-09-02,16,19,484,1,0.0,132.95
10847,2024-10-12,10,9,13,1,0.0,14.86
10848,2024-12-15,16,7,453,3,0.0,452.19
10849,2024-12-21,9,3,157,1,0.0,84.52
10850,2024-02-05,20,8,189,1,0.0,176.75
10851,2024-02-22,16,22,131,2,0.0,594.82
10852,2023-02-20,13,2,278,1,0.0,14.78
10853,2024-05-19,7,25,186,1,0.0,144.03
10854,2024-10-23,10,24,130,1,0.0,195.36
10855,2024-01-17,8,2,131,2,0.0,29.56
10856,2023-12-05,9,19,195,3,0.15,339.02
10857,2024-11-02,18,16,500,2,0.2,158.59
10858,2024-07-03,14,10,182,1,0.0,142.75
10859,2024-06-10,7,18,342,1,0.0,216.73
10860,2023-10-02,17,14,102,1,0.15,42.32
10861,2023-10-31,18,11,380,1,0.0,11.04
10862,2023-08-23,12,8,336,2,0.0,353.5
10863,2024-07-14,14,13,323,3,0.0,574.68
10864,2023-06-13,14,21,427,2,0.0,310.28
10865,2024-05-21,7,13,223,1,0.0,191.56
10866,2024-02-06,10,15,266,2,0.0,124.42
10867,2023-11-01,15,16,243,1,0.0,99.12
10868,2024-01-09,17,15,242,1,0.1,55.99
10869,2023-01-05,17,2,462,1,0.0,14.78
10870,2024-09-15,10,23,125,2,0.0,404.86
10871,2023-06-12,14,11,395,1,0.0,11.04
10872,2024-09-16,18,6,112,1,0.0,132.1
10873,2024-11-03,9,21,154,1,0.0,155.14
10874,2023-09-07,14,15,306,1,0.0,62.21
10875,2024-12-18,2,1,183,1,0.0,122.39
10876,2023-01-25,10,7,164,1,0.0,150.73
10877,2023-03-03,12,19,370,1,0.0,132.95
10878,2023-02-02,20,17,90,1,0.0,115.98
10879,2024-06-28,9,7,206,1,0.1,135.66
10880,2024-04-19,6,12,376,1,0.0,76.5
10881,2023-01-09,2,25,235,1,0.0,144.03
10882,2023-07-21,9,22,89,2,0.0,594.82
10883,2024-09-09,7,14,291,2,0.0,99.58
10884,2023-02-16,15,3,229,1,0.1,76.07
10885,2023-08-21,16,23,465,1,0.1,182.19
10886,2023-05-26,19,24,162,1,0.0,195.36
10887,2023-10-04,12,20,342,1,0.0,176.04
10888,2024-10-05,1,6,124,2,0.0,264.2
10889,2024-07-29,1,16,33,1,0.0,99.12
10890,2024-03-07,5,25,172,1,0.0,144.03
10891,2024-07-26,12,19,57,1,0.0,132.95
10892,2023-12-05,1,5,154,2,0.1,60.62
10893,2023-12-06,18,25,49,1,0.0,144.03
10894,2023-11-08,3,9,72,2,0.0,29.72
10895,2024-04-20,20,4,136,1,0.0,220.67
10896,2024-12-01,8,5,423,2,0.0,67.36
10897,2023-08-18,16,7,318,2,0.0,301.46
10898,2023-12-26,4,2,58,1,0.0,14.78
10899,2023-05-26,8,20,337,1,0.0,176.04
10900,2023-12-28,9,2,445,1,0.0,14.78
10901,2023-06-20,13,24,184,1,0.15,166.06
10902,2023-07-09,15,25,419,3,0.0,432.09
10903,2023-09-28,5,12,283,1,0.0,76.5
10904,2024-03-20,13,22,464,2,0.15,505.6
10905,2023-07-07,12,4,57,2,0.2,353.07
10906,2024-12-12,16,20,115,1,0.2,140.83
10907,2024-06-25,7,1,284,1,0.15,104.03
10908,2024-11-10,11,12,489,1,0.0,76.5
10909,2023-03-24,9,17,324,2,0.15,197.17
10910,2024-03-17,2,1,409,1,0.0,122.39
10911,2024-09-10,3,9,300,1,0.15,12.63
10912,2023-08-26,11,18,49,2,0.0,433.46
10913,2023-03-22,16,16,341,3,0.0,297.36
10914,2023-11-12,11,1,387,1,0.1,110.15
10915,2024-12-15,2,6,473,1,0.0,132.1
10916,2024-03-03,5,13,243,1,0.0,191.56
10917,2023-07-10,18,10,433,1,0.0,142.75
10918,2023-04-21,14,14,234,1,0.0,49.79
10919,2023-07-24,8,6,227,1,0.2,105.68
10920,2023-09-14,13,11,49,1,0.0,11.04
10921,2023-05-24,3,8,342,2,0.15,300.47
10922,2023-11-22,12,11,494,1,0.0,11.04
10923,2024-03-09,6,14,390,1,0.0,49.79
10924,2024-03-11,9,16,453,1,0.1,89.21
10925,2023-04-14,6,2,386,1,0.1,13.3
10926,2024-03-10,1,10,264,1,0.0,142.75
10927,2023-09-21,17,18,61,1,0.0,216.73
10928,2024-06-07,15,15,201,2,0.0,124.42
10929,2023-06-13,1,22,302,1,0.0,297.41
10930,2024-09-28,2,14,218,1,0.0,49.79
10931,2024-08-07,8,12,43,1,0.2,61.2
10932,2024-09-09,14,7,124,2,0.0,301.46
10933,2023-01-21,8,15,473,1,0.0,62.21
10934,2024-09-25,20,3,173,1,0.0,84.52
10935,2023-03-17,14,19,382,2,0.0,265.9
10936,2024-05-20,2,5,160,1,0.0,33.68
10937,2023-12-11,20,19,421,1,0.0,132.95
10938,2024-08-27,18,6,74,1,0.15,112.28
10939,2023-05-09,14,5,226,1,0.0,33.68
10940,2023-08-22,4,13,486,2,0.0,383.12
10941,2023-06-27,7,25,144,1,0.0,144.03
10942,2023-08-23,17,24,471,3,0.0,586.08
10943,2024-07-23,17,9,491,1,0.0,14.86
10944,2023-02-09,10,8,258,1,0.2,141.4
10945,2023-12-19,3,25,337,1,0.0,144.03
10946,2023-10-26,5,21,30,1,0.0,155.14
10947,2023-05-29,12,16,312,2,0.1,178.42
10948,2023-09-06,13,7,153,1,0.0,150.73
10949,2024-01-11,2,17,440,1,0.0,115.98
10950,2024-11-06,8,14,55,1,0.0,49.79
10951,2023-09-10,9,21,68,1,0.0,155.14
10952,2024-04-27,12,6,393,1,0.0,132.1
10953,2024-01-15,15,23,194,1,0.0,202.43
10954,2024-04-22,6,10,311,1,0.0,142.75
10955,2024-09-16,3,9,57,2,0.0,29.72
10956,2023-12-01,10,1,322,1,0.0,122.39
10957,2023-09-22,7,23,459,1,0.0,202.43
10958,2023-03-29,17,14,436,1,0.0,49.79
10959,2024-12-10,8,5,224,1,0.0,33.68
10960,2024-09-21,12,10,116,1,0.0,142.75
10961,2023-03-28,2,17,352,1,0.0,115.98
10962,2024-10-30,6,16,341,1,0.1,89.21
10963,2024-08-22,16,10,248,1,0.0,142.75
10964,2023-05-02,4,19,165,1,0.0,132.95
10965,2023-01-17,14,12,76,3,0.0,229.5
10966,2024-11-30,15,16,310,3,0.0,297.36
10967,2023-05-10,13,9,463,1,0.0,14.86
10968,2023-12-14,15,11,110,2,0.0,22.08
10969,2023-06-15,17,5,58,1,0.0,33.68
10970,2024-03-13,5,24,351,3,0.0,586.08
10971,2024-09-21,3,13,381,1,0.0,191.56
10972,2023-02-24,17,25,251,1,0.0,144.03
10973,2023-08-23,20,5,80,2,0.0,67.36
10974,2023-06-10,4,25,304,1,0.2,115.22
10975,2024-07-17,8,19,204,1,0.0,132.95
10976,2024-08-03,3,23,403,2,0.1,364.37
10977,2023-11-26,15,14,223,4,0.0,199.16
10978,2024-05-10,4,2,396,1,0.0,14.78
10979,2023-01-28,12,14,71,1,0.0,49.79
10980,2024-08-01,17,2,350,2,0.0,29.56
10981,2024-04-07,16,8,1,2,0.0,353.5
10982,2024-03-28,10,12,178,2,0.0,153.0
10983,2024-09-01,20,21,431,2,0.0,310.28
10984,2023-03-24,12,4,443,1,0.0,220.67
10985,2023-07-21,2,8,131,2,0.0,353.5
10986,2023-10-08,11,18,27,1,0.0,216.73
10987,2023-01-11,6,16,4,1,0.2,79.3
10988,2023-05-15,13,6,381,1,0.0,132.1
10989,2024-06-17,8,20,287,2,0.0,352.08
10990,2024-05-21,18,5,314,1,0.1,30.31
10991,2023-02-05,7,1,382,1,0.0,122.39
10992,2023-11-14,2,25,88,2,0.0,288.06
10993,2024-08-31,11,14,258,2,0.0,99.58
10994,2024-02-14,15,15,390,1,0.0,62.21
10995,2024-02-11,2,14,122,2,0.0,99.58
10996,2024-10-26,2,7,140,2,0.0,301.46
10997,2023-01-09,20,16,400,1,0.0,99.12
10998,2023-07-30,9,8,209,2,0.0,353.5
10999,2024-12-02,12,19,153,2,0.0,265.9
11000,2024-10-02,3,14,275,1,0.1,44.81
11001,2024-12-29,8,10,404,3,0.0,428.25
11002,2024-03-10,18,18,259,2,0.0,433.46
11003,2023-04-09,2,14,39,1,0.15,42.32
11004,2023-09-07,18,25,341,1,0.0,144.03
11005,2023-05-16,15,3,89,1,0.0,84.52
11006,2023-03-15,2,16,447,1,0.15,84.25
11007,2023-11-08,9,7,193,1,0.1,135.66
11008,2023-03-03,4,23,280,1,0.0,202.43
11009,2023-11-01,4,7,121,2,0.0,301.46
11010,2024-07-02,18,25,87,1,0.0,144.03
11011,2024-01-06,8,12,89,1,0.0,76.5
11012,2023-02-02,18,3,379,1,0.0,84.52
11013,2023-07-21,3,25,452,1,0.0,144.03
11014,2024-11-04,14,5,114,3,0.15,85.88
11015,2024-03-01,1,2,122,2,0.0,29.56
11016,2024-07-04,19,22,347,1,0.0,297.41
11017,2024-11-14,16,19,126,1,0.0,132.95
11018,2024-01-25,20,14,7,1,0.0,49.79
11019,2024-04-22,17,16,304,1,0.1,89.21
11020,2024-12-16,14,22,247,2,0.15,505.6
11021,2023-07-08,2,18,22,1,0.15,184.22
11022,2023-01-24,12,20,67,1,0.0,176.04
11023,2023-03-24,9,11,358,1,0.0,11.04
11024,2023-04-13,2,24,495,4,0.0,781.44
11025,2024-04-30,1,7,234,2,0.0,301.46
11026,2023-04-27,14,9,124,1,0.0,14.86
11027,2023-10-03,18,20,187,1,0.0,176.04
11028,2023-01-29,18,17,430,1,0.0,115.98
11029,2024-09-13,11,15,54,2,0.0,124.42
11030,2023-07-04,7,23,235,1,0.0,202.43
11031,2023-01-07,17,1,191,1,0.0,122.39
11032,2023-03-24,4,7,452,2,0.0,301.46
11033,2024-08-21,3,13,319,1,0.0,191.56
11034,2023-09-29,10,17,186,1,0.0,115.98
11035,2023-09-23,12,23,216,1,0.0,202.43
11036,2024-09-12,16,5,73,1,0.0,33.68
11037,2024-09-23,13,2,177,1,0.0,14.78
11038,2023-12-04,20,3,96,1,0.0,84.52
11039,2024-04-09,14,13,256,1,0.0,191.56
11040,2023-03-22,8,3,225,1,0.0,84.52
11041,2024-04-01,4,3,353,1,0.0,84.52
11042,2024-11-22,14,11,385,1,0.0,11.04
11043,2023-05-25,14,11,124,1,0.0,11.04
11044,2024-08-21,12,6,206,1,0.1,118.89
11045,2023-04-20,5,24,380,3,0.0,586.08
11046,2024-02-16,13,7,473,2,0.0,301.46
11047,2024-03-27,18,20,113,1,0.15,149.63
11048,2023-01-26,12,13,187,1,0.0,191.56
11049,2024-05-21,7,13,235,1,0.0,191.56
11050,2023-04-11,7,6,279,2,0.15,224.57
11051,2024-06-21,16,9,383,1,0.0,14.86
11052,2023-10-21,2,7,85,1,0.0,150.73
11053,2023-05-24,7,14,352,1,0.0,49.79
11054,2024-11-02,10,8,342,2,0.0,353.5
11055,2024-01-25,3,11,155,2,0.0,22.08
11056,2023-11-01,13,25,91,1,0.0,144.03
11057,2024-05-21,14,9,105,1,0.0,14.86
11058,2023-08-12,1,11,152,2,0.0,22.08
11059,2024-11-26,15,23,214,3,0.15,516.2
11060,2023-04-10,10,5,90,2,0.15,57.26
11061,2024-10-03,4,21,192,2,0.0,310.28
11062,2023-07-10,10,22,262,1,0.0,297.41
11063,2023-08-21,4,1,308,1,0.0,122.39
11064,2024-02-11,18,24,378,1,0.0,195.36
11065,2024-03-07,7,2,455,1,0.0,14.78
11066,2024-03-01,9,8,246,1,0.0,176.75
11067,2023-01-28,9,17,199,1,0.1,104.38
11068,2023-11-19,13,11,304,1,0.0,11.04
11069,2024-06-06,16,10,475,1,0.2,114.2
11070,2023-01-23,7,25,194,1,0.0,144.03
11071,2024-07-18,18,9,400,1,0.0,14.86
11072,2023-08-25,1,21,15,1,0.0,155.14
11073,2023-10-12,18,20,113,2,0.0,352.08
11074,2024-05-13,20,1,472,2,0.0,244.78
11075,2024-10-18,8,4,206,1,0.2,176.54
11076,2023-08-21,3,6,392,2,0.0,264.2
11077,2023-12-19,6,4,383,2,0.2,353.07
11078,2023-05-29,20,20,59,2,0.0,352.08
11079,2024-11-08,16,25,479,3,0.0,432.09
11080,2023-03-01,13,9,169,1,0.0,14.86
11081,2024-09-04,8,5,144,1,0.1,30.31
11082,2023-03-07,2,24,465,2,0.0,390.72
11083,2023-09-28,2,10,194,1,0.15,121.34
11084,2024-12-04,3,17,279,2,0.0,231.96
11085,2024-04-07,6,14,66,1,0.0,49.79
11086,2024-06-09,6,7,144,2,0.0,301.46
11087,2024-05-06,4,18,266,2,0.0,433.46
11088,2023-07-17,1,6,45,1,0.1,118.89
11089,2024-07-03,4,14,229,2,0.0,99.58
11090,2024-12-14,13,2,334,1,0.0,14.78
11091,2023-02-24,16,1,172,1,0.1,110.15
11092,2024-11-24,20,23,374,1,0.0,202.43
11093,2024-06-17,9,23,427,2,0.0,404.86
11094,2024-08-13,16,7,458,1,0.0,150.73
11095,2023-10-19,19,20,315,1,0.0,176.04
11096,2024-04-04,20,25,308,1,0.0,144.03
11097,2023-02-28,11,6,83,1,0.0,132.1
11098,2023-05-19,4,23,252,1,0.0,202.43
11099,2023-05-08,4,3,143,1,0.0,84.52
11100,2024-07-13,14,17,405,2,0.0,231.96
11101,2023-12-10,12,11,265,1,0.0,11.04
11102,2023-04-08,18,6,318,1,0.15,112.28
11103,2024-07-01,4,11,482,2,0.1,19.87
11104,2023-01-10,14,10,40,1,0.1,128.48
11105,2024-05-19,7,1,324,2,0.0,244.78
11106,2024-12-02,11,25,209,2,0.0,288.06
11107,2023-09-07,4,23,209,4,0.1,728.75
11108,2023-07-24,4,7,87,1,0.0,150.73
11109,2024-09-02,15,20,490,1,0.15,149.63
11110,2024-01-11,12,8,230,1,0.0,176.75
11111,2023-07-02,14,6,53,1,0.0,132.1
11112,2024-03-04,20,11,157,1,0.0,11.04
11113,2024-09-15,14,19,112,2,0.1,239.31
11114,2024-05-14,18,16,260,1,0.0,99.12
11115,2023-03-14,3,4,294,1,0.0,220.67
11116,2023-08-05,17,16,437,2,0.0,198.24
11117,2024-12-07,19,22,455,1,0.0,297.41
11118,2024-08-22,2,14,201,1,0.2,39.83
11119,2024-06-27,6,22,358,2,0.0,594.82
11120,2023-02-18,4,11,391,1,0.15,9.38
11121,2023-08-01,1,2,256,1,0.0,14.78
11122,2023-03-20,14,13,253,2,0.0,383.12
11123,2023-12-22,6,1,59,3,0.0,367.17
11124,2024-02-03,8,13,411,1,0.0,191.56
11125,2024-12-04,8,11,40,1,0.0,11.04
11126,2024-04-26,20,2,441,1,0.0,14.78
11127,2024-06-23,11,10,138,1,0.0,142.75
11128,2024-08-15,2,18,387,1,0.0,216.73
11129,2023-02-16,10,23,353,1,0.0,202.43
11130,2024-09-08,2,16,125,1,0.0,99.12
11131,2024-05-02,6,14,308,1,0.0,49.79
11132,2024-01-01,10,9,191,1,0.15,12.63
11133,2024-06-12,11,19,258,1,0.0,132.95
11134,2023-08-19,11,15,356,1,0.1,55.99
11135,2024-03-07,8,4,349,1,0.0,220.67
11136,2024-09-04,19,3,281,2,0.0,169.04
11137,2023-05-07,5,3,247,1,0.0,84.52
11138,2023-10-13,7,14,310,1,0.0,49.79
11139,2024-10-09,5,5,75,3,0.0,101.04
11140,2023-11-26,11,15,55,2,0.0,124.42
11141,2024-03-24,9,14,36,1,0.0,49.79
11142,2024-09-06,6,13,166,4,0.1,689.62
11143,2024-07-25,3,9,323,1,0.0,14.86
11144,2023-09-18,16,16,445,1,0.0,99.12
11145,2024-03-07,6,14,464,2,0.0,99.58
11146,2023-04-19,6,18,362,1,0.0,216.73
11147,2023-07-12,13,1,416,2,0.0,244.78
11148,2023-02-08,4,14,357,2,0.0,99.58
11149,2024-07-09,13,21,120,1,0.0,155.14
11150,2024-08-08,20,8,134,1,0.0,176.75
11151,2024-01-02,9,23,51,1,0.0,202.43
11152,2023-08-01,18,11,129,1,0.0,11.04
11153,2023-11-11,13,14,112,1,0.0,49.79
11154,2023-02-23,20,7,125,2,0.0,301.46
11155,2023-01-09,16,25,307,1,0.15,122.43
11156,2024-02-14,17,13,339,1,0.0,191.56
11157,2023-12-12,20,8,24,1,0.0,176.75
11158,2024-10-28,19,4,220,1,0.0,220.67
11159,2024-12-13,12,1,452,1,0.0,122.39
11160,2024-08-16,18,10,238,2,0.15,242.68
11161,2023-05-19,9,12,469,1,0.0,76.5
11162,2023-02-02,18,15,384,1,0.0,62.21
11163,2024-09-17,20,5,444,2,0.0,67.36
11164,2023-06-30,4,23,236,1,0.0,202.43
11165,2024-05-10,7,16,169,1,0.0,99.12
11166,2024-10-28,3,1,215,2,0.0,244.78
11167,2024-02-15,17,10,33,1,0.0,142.75
11168,2023-03-10,7,10,111,2,0.0,285.5
11169,2024-09-28,16,15,99,1,0.0,62.21
11170,2024-03-15,15,11,15,2,0.1,19.87
11171,2024-05-04,5,20,62,1,0.0,176.04
11172,2024-05-05,8,21,362,2,0.0,310.28
11173,2023-10-28,1,11,362,1,0.0,11.04
11174,2023-07-04,10,4,68,1,0.0,220.67
11175,2024-10-28,6,12,331,2,0.0,153.0
11176,2023-06-24,9,19,49,1,0.0,132.95
11177,2024-12-05,8,18,416,1,0.0,216.73
11178,2023-03-04,14,21,345,1,0.0,155.14
11179,2023-09-09,6,24,376,1,0.0,195.36
11180,2023-08-29,14,14,161,3,0.0,149.37
11181,2023-11-12,4,6,457,1,0.15,112.28
11182,2024-07-11,4,1,333,2,0.2,195.82
11183,2023-11-06,10,23,390,2,0.0,404.86
11184,2024-07-20,9,12,80,2,0.0,153.0
11185,2024-11-16,1,1,81,1,0.0,122.39
11186,2024-12-26,12,13,4,1,0.0,191.56
11187,2024-12-15,15,22,211,1,0.0,297.41
11188,2023-12-26,3,21,61,1,0.0,155.14
11189,2024-11-15,14,16,337,2,0.0,198.24
11190,2023-03-08,11,20,214,1,0.0,176.04
11191,2023-10-08,1,23,314,1,0.0,202.43
11192,2024-08-12,10,11,53,1,0.0,11.04
11193,2023-11-13,7,4,318,2,0.0,441.34
11194,2024-07-06,20,1,362,2,0.0,244.78
11195,2023-03-08,7,24,240,1,0.0,195.36
11196,2023-02-09,11,14,160,1,0.0,49.79
11197,2024-10-13,5,19,154,2,0.0,265.9
11198,2023-11-29,20,22,29,1,0.0,297.41
11199,2024-06-04,6,12,198,1,0.15,65.02
11200,2023-03-19,3,21,14,1,0.0,155.14
11201,2024-10-20,7,11,163,2,0.1,19.87
11202,2024-01-28,11,23,316,1,0.15,172.07
11203,2023-10-01,6,21,384,1,0.15,131.87
11204,2024-08-14,19,15,90,1,0.0,62.21
11205,2023-02-06,6,14,124,1,0.1,44.81
11206,2024-05-06,13,5,365,2,0.15,57.26
11207,2024-01-26,14,5,299,2,0.1,60.62
11208,2024-11-10,14,14,308,1,0.0,49.79
11209,2023-06-27,6,22,292,1,0.1,267.67
11210,2023-12-18,13,17,48,1,0.0,115.98
11211,2024-08-05,9,14,48,1,0.0,49.79
11212,2023-03-08,18,15,401,1,0.0,62.21
11213,2023-07-16,20,3,347,1,0.1,76.07
11214,2023-01-17,20,10,407,1,0.0,142.75
11215,2023-08-25,10,11,65,1,0.1,9.94
11216,2023-10-15,5,17,151,2,0.15,197.17
11217,2023-01-03,13,21,218,1,0.0,155.14
11218,2024-11-24,7,10,139,1,0.0,142.75
11219,2024-02-24,7,9,104,1,0.0,14.86
11220,2023-11-04,18,1,310,1,0.0,122.39
11221,2023-08-24,8,5,132,1,0.0,33.68
11222,2023-08-02,16,15,190,3,0.0,186.63
11223,2023-04-15,17,4,196,1,0.0,220.67
11224,2024-03-22,20,20,131,3,0.0,528.12
11225,2023-02-08,17,17,223,1,0.0,115.98
11226,2024-01-06,10,25,90,2,0.0,288.06
11227,2023-10-19,8,6,373,1,0.0,132.1
11228,2024-07-29,6,22,197,1,0.0,297.41
11229,2024-09-27,5,20,284,1,0.1,158.44
11230,2023-12-15,9,7,105,1,0.0,150.73
11231,2023-12-15,1,18,296,1,0.2,173.38
11232,2023-12-25,18,18,325,1,0.1,195.06
11233,2024-06-19,20,4,192,2,0.0,441.34
11234,2024-09-15,9,14,451,2,0.0,99.58
11235,2024-05-06,1,13,128,1,0.0,191.56
11236,2024-08-05,14,4,414,2,0.1,397.21
11237,2024-09-11,14,16,146,1,0.0,99.12
11238,2023-12-20,4,8,430,1,0.0,176.75
11239,2024-04-26,13,24,169,1,0.0,195.36
11240,2023-02-15,9,17,235,1,0.1,104.38
11241,2023-05-08,18,22,268,1,0.0,297.41
11242,2023-07-26,1,22,20,1,0.0,297.41
11243,2024-08-29,19,9,175,1,0.0,14.86
11244,2023-10-08,5,6,282,1,0.0,132.1
11245,2024-06-04,15,1,109,2,0.0,244.78
11246,2023-10-09,10,14,379,1,0.1,44.81
11247,2024-09-17,13,15,342,1,0.0,62.21
11248,2024-01-22,17,23,493,2,0.0,404.86
11249,2024-03-20,14,14,231,1,0.0,49.79
11250,2024-08-26,18,2,313,1,0.15,12.56
11251,2024-08-16,9,11,234,1,0.0,11.04
11252,2023-01-17,14,13,359,2,0.0,383.12
11253,2023-04-20,15,20,359,1,0.15,149.63
11254,2024-10-19,1,14,447,1,0.0,49.79
11255,2024-03-19,19,3,27,1,0.0,84.52
11256,2023-03-29,9,4,319,2,0.0,441.34
11257,2024-03-26,3,9,42,1,0.0,14.86
11258,2023-01-27,7,25,409,2,0.0,288.06
11259,2024-06-20,9,16,408,2,0.0,198.24
11260,2024-04-03,4,13,173,1,0.0,191.56
11261,2024-02-06,16,5,425,2,0.0,67.36
11262,2024-01-03,14,25,222,1,0.0,144.03
11263,2023-11-11,3,8,278,1,0.0,176.75
11264,2024-06-01,14,7,484,1,0.0,150.73
11265,2023-01-21,4,1,197,1,0.0,122.39
11266,2024-05-18,10,12,134,2,0.15,130.05
11267,2024-07-30,6,21,105,3,0.0,465.42
11268,2023-10-18,7,21,497,2,0.1,279.25
11269,2024-01-12,20,6,455,1,0.0,132.1
11270,2024-10-17,14,22,295,2,0.0,594.82
11271,2024-06-13,11,15,10,2,0.0,124.42
11272,2023-10-12,11,17,389,1,0.0,115.98
11273,2023-01-18,11,1,401,1,0.15,104.03
11274,2024-02-23,14,18,439,1,0.0,216.73
11275,2024-12-25,8,15,249,1,0.0,62.21
11276,2023-12-05,9,17,462,3,0.0,347.94
11277,2023-07-02,18,21,223,1,0.0,155.14
11278,2023-03-15,16,21,426,2,0.0,310.28
11279,2024-12-20,6,4,461,1,0.0,220.67
11280,2023-12-06,4,4,154,1,0.1,198.6
11281,2023-02-04,5,4,170,4,0.0,882.68
11282,2023-02-27,8,7,276,2,0.0,301.46
11283,2023-11-28,16,16,220,1,0.1,89.21
11284,2023-06-26,13,2,448,1,0.0,14.78
11285,2023-11-05,3,22,323,1,0.0,297.41
11286,2024-02-26,8,25,265,1,0.0,144.03
11287,2024-10-24,10,7,294,3,0.0,452.19
11288,2023-09-08,14,1,441,2,0.0,244.78
11289,2024-07-26,2,8,344,1,0.0,176.75
11290,2024-01-30,7,24,166,1,0.0,195.36
11291,2024-06-08,12,13,114,1,0.0,191.56
11292,2023-01-20,3,19,12,1,0.0,132.95
11293,2023-03-23,5,4,225,1,0.0,220.67
11294,2024-07-16,19,15,194,1,0.0,62.21
11295,2024-09-07,11,11,44,2,0.1,19.87
11296,2024-09-17,7,22,1,1,0.0,297.41
11297,2023-10-29,17,3,441,1,0.0,84.52
11298,2024-01-13,5,12,465,2,0.0,153.0
11299,2024-12-26,12,6,269,2,0.0,264.2
11300,2024-01-21,16,8,25,1,0.2,141.4
11301,2023-08-10,13,23,168,1,0.0,202.43
11302,2024-02-29,5,10,27,3,0.0,428.25
11303,2023-07-18,14,22,111,1,0.0,297.41
11304,2023-09-17,10,14,349,1,0.0,49.79
11305,2023-10-16,7,16,322,4,0.0,396.48
11306,2024-09-01,9,22,207,2,0.0,594.82
11307,2024-06-04,20,17,194,1,0.0,115.98
11308,2023-09-08,8,17,54,1,0.0,115.98
11309,2024-07-04,3,9,346,1,0.0,14.86
11310,2023-06-04,7,12,114,1,0.0,76.5
11311,2024-01-15,15,2,348,1,0.0,14.78
11312,2024-03-07,3,6,245,2,0.0,264.2
11313,2023-02-18,15,10,452,1,0.0,142.75
11314,2023-08-14,4,16,454,2,0.0,198.24
11315,2024-04-02,10,10,144,1,0.0,142.75
11316,2024-01-01,15,4,237,1,0.0,220.67
11317,2024-03-14,6,25,346,1,0.15,122.43
11318,2024-02-28,5,2,199,2,0.0,29.56
11319,2023-09-08,13,14,228,1,0.0,49.79
11320,2024-07-05,11,9,357,1,0.0,14.86
11321,2023-02-12,17,19,315,2,0.0,265.9
11322,2024-07-21,20,6,251,1,0.0,132.1
11323,2024-05-22,9,21,402,1,0.1,139.63
11324,2024-05-22,12,21,314,1,0.2,124.11
11325,2023-10-07,10,24,333,1,0.0,195.36
11326,2023-09-03,10,13,430,1,0.0,191.56
11327,2024-05-29,11,16,71,1,0.0,99.12
11328,2024-08-24,12,3,435,1,0.0,84.52
11329,2023-07-14,15,13,384,3,0.0,574.68
11330,2024-04-15,9,2,450,1,0.0,14.78
11331,2023-01-29,8,8,244,1,0.0,176.75
11332,2024-02-03,15,2,215,2,0.0,29.56
11333,2024-07-24,16,13,145,1,0.0,191.56
11334,2023-01-26,9,16,447,1,0.1,89.21
11335,2023-06-03,1,21,491,2,0.1,279.25
11336,2024-05-06,14,12,240,1,0.0,76.5
11337,2023-12-20,15,7,180,2,0.1,271.31
11338,2023-07-24,10,9,46,2,0.0,29.72
11339,2023-03-19,11,18,387,1,0.0,216.73
11340,2024-04-27,7,11,334,1,0.0,11.04
11341,2023-08-01,2,10,319,1,0.0,142.75
11342,2024-08-25,2,16,404,1,0.0,99.12
11343,2023-02-03,2,9,293,1,0.0,14.86
11344,2023-10-12,2,11,408,1,0.0,11.04
11345,2024-02-23,12,2,204,1,0.0,14.78
11346,2024-01-01,17,6,77,2,0.0,264.2
11347,2023-09-05,10,12,370,1,0.15,65.02
11348,2023-09-27,11,21,126,1,0.0,155.14
11349,2024-06-21,11,20,336,3,0.1,475.31
11350,2024-11-03,8,24,176,1,0.0,195.36
11351,2023-07-04,7,21,443,1,0.0,155.14
11352,2024-11-14,14,5,17,1,0.0,33.68
11353,2024-10-08,1,20,442,2,0.0,352.08
11354,2023-02-07,9,7,239,1,0.0,150.73
11355,2023-01-30,19,2,378,1,0.0,14.78
11356,2023-03-22,3,25,31,1,0.2,115.22
11357,2023-09-09,10,21,300,1,0.15,131.87
11358,2024-11-14,3,10,41,1,0.0,142.75
11359,2024-09-06,20,11,257,2,0.0,22.08
11360,2024-08-04,19,19,377,1,0.0,132.95
11361,2024-02-13,11,12,42,1,0.0,76.5
11362,2023-03-30,18,20,53,1,0.1,158.44
11363,2024-11-30,17,22,111,1,0.0,297.41
11364,2024-04-03,9,9,206,1,0.0,14.86
11365,2024-03-12,3,3,160,1,0.0,84.52
11366,2023-11-10,14,2,473,1,0.0,14.78
11367,2023-04-06,17,8,330,1,0.0,176.75
11368,2024-10-25,14,2,262,1,0.0,14.78
11369,2024-05-13,1,23,144,1,0.2,161.94
11370,2024-04-17,19,25,211,1,0.0,144.03
11371,2024-02-14,13,18,281,1,0.0,216.73
11372,2023-05-31,20,14,9,1,0.0,49.79
11373,2024-01-17,5,12,189,2,0.0,153.0
11374,2024-02-18,11,3,308,1,0.0,84.52
11375,2024-08-23,12,2,9,1,0.0,14.78
11376,2024-06-23,20,8,35,1,0.0,176.75
11377,2023-10-10,6,7,360,1,0.0,150.73
11378,2023-08-27,8,6,2,1,0.0,132.1
11379,2023-07-04,19,17,361,3,0.0,347.94
11380,2023-07-10,16,4,217,1,0.0,220.67
11381,2023-10-20,1,21,162,1,0.0,155.14
11382,2023-10-12,16,21,349,1,0.0,155.14
11383,2023-09-05,20,4,274,4,0.0,882.68
11384,2024-03-08,6,18,469,1,0.0,216.73
11385,2023-06-09,3,14,130,1,0.0,49.79
11386,2023-02-26,12,14,35,1,0.0,49.79
11387,2023-08-10,3,17,273,1,0.0,115.98
11388,2024-02-02,13,8,17,1,0.0,176.75
11389,2023-11-12,15,5,445,3,0.0,101.04
11390,2023-09-07,7,23,283,1,0.0,202.43
11391,2024-08-27,3,11,130,1,0.0,11.04
11392,2024-04-09,17,17,174,1,0.0,115.98
11393,2023-06-21,9,22,234,1,0.0,297.41
11394,2023-11-03,5,5,2,1,0.0,33.68
11395,2023-07-12,11,10,311,1,0.0,142.75
11396,2023-09-26,10,10,53,1,0.0,142.75
11397,2023-01-18,6,14,470,1,0.0,49.79
11398,2023-08-20,17,7,247,2,0.0,301.46
11399,2024-10-22,8,14,430,1,0.0,49.79
11400,2024-01-01,3,18,276,1,0.0,216.73
11401,2024-11-29,14,2,212,1,0.0,14.78
11402,2023-11-14,16,13,246,1,0.0,191.56
11403,2023-11-03,7,25,471,2,0.0,288.06
11404,2024-01-11,3,8,259,1,0.0,176.75
11405,2024-11-05,12,3,264,1,0.0,84.52
11406,2024-01-18,7,24,137,1,0.0,195.36
11407,2024-03-04,11,22,274,1,0.0,297.41
11408,2023-03-22,12,1,108,1,0.0,122.39
11409,2024-09-28,17,9,398,1,0.0,14.86
11410,2024-07-04,12,20,327,1,0.2,140.83
11411,2023-06-21,4,25,251,1,0.0,144.03
11412,2024-07-17,20,25,168,2,0.0,288.06
11413,2023-12-18,20,5,30,1,0.15,28.63
11414,2024-08-14,17,24,156,1,0.0,195.36
11415,2024-12-23,3,5,470,1,0.0,33.68
11416,2023-06-24,18,23,193,2,0.0,404.86
11417,2023-12-17,4,4,193,1,0.0,220.67
11418,2024-04-16,12,9,389,1,0.1,13.37
11419,2024-09-27,6,11,111,1,0.0,11.04
11420,2024-07-04,7,6,483,1,0.1,118.89
11421,2023-04-10,19,13,113,1,0.0,191.56
11422,2023-11-15,19,7,47,2,0.0,301.46
11423,2024-07-14,2,7,375,2,0.2,241.17
11424,2023-02-26,7,23,492,2,0.0,404.86
11425,2024-06-29,3,2,420,1,0.0,14.78
11426,2023-09-22,13,15,97,1,0.0,62.21
11427,2023-09-23,5,15,361,1,0.0,62.21
11428,2024-09-13,6,13,160,1,0.15,162.83
11429,2023-06-10,4,15,353,1,0.0,62.21
11430,2024-09-14,12,13,295,1,0.0,191.56
11431,2024-04-19,8,9,391,1,0.15,12.63
11432,2023-02-23,19,9,377,1,0.0,14.86
11433,2023-04-15,6,3,33,1,0.0,84.52
11434,2024-06-11,11,1,80,3,0.0,367.17
11435,2024-04-28,7,15,152,1,0.1,55.99
11436,2023-04-03,3,18,152,1,0.0,216.73
11437,2024-02-16,3,12,101,1,0.0,76.5
11438,2023-09-13,3,13,171,3,0.0,574.68
11439,2024-10-18,12,8,186,1,0.1,159.08
11440,2023-07-20,2,4,488,2,0.0,441.34
11441,2023-03-06,11,14,115,1,0.0,49.79
11442,2023-02-09,7,23,31,1,0.0,202.43
11443,2023-11-15,15,7,273,2,0.0,301.46
11444,2023-04-01,4,5,458,2,0.0,67.36
11445,2023-02-18,20,19,455,1,0.0,132.95
11446,2024-02-22,12,1,315,4,0.0,489.56
11447,2024-07-16,10,16,340,1,0.0,99.12
11448,2023-11-14,14,4,122,2,0.0,441.34
11449,2023-11-10,4,16,401,4,0.0,396.48
11450,2024-07-25,6,11,306,1,0.0,11.04
11451,2024-08-28,4,10,73,2,0.0,285.5
11452,2024-02-21,20,15,440,1,0.0,62.21
11453,2024-09-04,9,25,175,1,0.0,144.03
11454,2023-06-06,2,21,214,1,0.0,155.14
11455,2023-11-11,20,24,470,3,0.0,586.08
11456,2023-04-16,1,21,215,1,0.0,155.14
11457,2023-04-18,13,10,329,2,0.0,285.5
11458,2024-01-25,20,20,48,2,0.0,352.08
11459,2023-01-18,2,1,459,1,0.0,122.39
11460,2024-12-20,5,3,82,1,0.15,71.84
11461,2024-11-26,4,3,208,1,0.2,67.62
11462,2024-07-02,5,8,214,1,0.0,176.75
11463,2024-05-30,5,5,78,3,0.0,101.04
11464,2024-12-26,16,9,183,2,0.0,29.72
11465,2024-10-15,13,22,88,1,0.2,237.93
11466,2024-10-27,13,20,428,1,0.0,176.04
11467,2024-09-25,19,8,399,1,0.0,176.75
11468,2024-01-26,5,6,16,2,0.0,264.2
11469,2024-06-25,7,18,324,1,0.0,216.73
11470,2023-10-05,16,15,294,1,0.0,62.21
11471,2024-12-01,1,18,177,4,0.0,866.92
11472,2024-08-05,8,12,72,1,0.0,76.5
11473,2024-11-08,12,8,253,1,0.1,159.08
11474,2023-05-13,5,22,283,2,0.0,594.82
11475,2024-10-04,15,21,26,2,0.0,310.28
11476,2024-12-05,1,12,24,1,0.0,76.5
11477,2024-10-22,15,25,468,1,0.0,144.03
11478,2023-10-01,18,19,174,2,0.0,265.9
11479,2024-09-22,16,24,377,2,0.0,390.72
11480,2023-05-12,9,9,413,2,0.1,26.75
11481,2023-07-15,18,12,238,1,0.0,76.5
11482,2023-05-06,5,11,313,1,0.0,11.04
11483,2023-12-11,6,8,462,2,0.0,353.5
11484,2023-02-15,11,24,347,1,0.0,195.36
11485,2024-06-08,1,13,362,1,0.2,153.25
11486,2023-05-31,17,17,205,1,0.0,115.98
11487,2023-01-17,13,1,23,1,0.0,122.39
11488,2023-10-22,18,10,15,1,0.0,142.75
11489,2023-06-27,6,15,135,1,0.15,52.88
11490,2023-01-14,14,18,401,2,0.0,433.46
11491,2024-01-03,10,5,454,1,0.1,30.31
11492,2024-05-03,9,22,231,1,0.0,297.41
11493,2024-02-13,20,1,495,1,0.0,122.39
11494,2023-12-19,1,17,132,2,0.0,231.96
11495,2023-03-27,17,16,498,1,0.0,99.12
11496,2024-08-21,17,20,170,1,0.0,176.04
11497,2024-03-22,13,17,494,1,0.15,98.58
11498,2024-12-02,4,1,462,1,0.0,122.39
11499,2024-02-03,11,7,322,2,0.0,301.46
11500,2023-12-29,5,7,113,1,0.0,150.73
11501,2024-06-11,18,2,252,2,0.1,26.6
11502,2024-06-27,17,19,475,1,0.1,119.65
11503,2024-06-06,15,18,373,3,0.1,585.17
11504,2024-01-26,12,16,218,3,0.1,267.62
11505,2024-12-14,20,22,320,1,0.15,252.8
11506,2023-09-01,3,3,106,2,0.0,169.04
11507,2024-02-03,2,23,214,1,0.0,202.43
11508,2024-10-24,5,5,454,1,0.2,26.94
11509,2023-05-22,19,10,12,1,0.2,114.2
11510,2023-04-01,4,20,410,1,0.0,176.04
11511,2023-07-18,18,23,196,1,0.0,202.43
11512,2023-01-10,9,5,247,1,0.0,33.68
11513,2024-08-26,9,14,341,1,0.0,49.79
11514,2024-04-02,3,10,386,1,0.15,121.34
11515,2024-08-14,20,1,8,1,0.2,97.91
11516,2023-08-08,17,8,9,3,0.15,450.71
11517,2023-08-01,11,2,63,1,0.0,14.78
11518,2023-09-20,17,21,301,1,0.0,155.14
11519,2023-11-27,18,6,87,1,0.15,112.28
11520,2024-08-06,10,8,158,2,0.0,353.5
11521,2023-03-17,19,18,365,1,0.0,216.73
11522,2023-05-05,9,15,236,1,0.2,49.77
11523,2024-07-30,2,24,491,2,0.0,390.72
11524,2024-01-06,8,14,158,2,0.0,99.58
11525,2024-03-27,5,2,288,1,0.0,14.78
11526,2023-09-03,19,2,184,2,0.2,23.65
11527,2023-04-06,14,22,243,1,0.0,297.41
11528,2023-08-09,2,7,420,2,0.1,271.31
11529,2024-07-31,11,6,374,3,0.0,396.3
11530,2023-08-15,5,14,337,2,0.15,84.64
11531,2024-02-08,16,15,5,1,0.0,62.21
11532,2024-07-23,9,1,443,3,0.0,367.17
11533,2024-06-06,17,19,207,1,0.0,132.95
11534,2024-10-03,17,19,384,1,0.0,132.95
11535,2024-02-28,11,15,195,3,0.2,149.3
11536,2024-12-06,19,23,457,3,0.0,607.29
11537,2023-06-20,12,21,397,1,0.0,155.14
11538,2024-11-10,18,22,340,3,0.0,892.23
11539,2023-07-10,6,18,270,1,0.1,195.06
11540,2023-06-18,18,14,462,1,0.1,44.81
11541,2023-01-02,4,15,270,1,0.0,62.21
11542,2023-08-12,5,17,126,1,0.0,115.98
11543,2024-01-18,7,5,22,1,0.0,33.68
11544,2024-03-23,17,14,264,1,0.0,49.79
11545,2023-12-18,10,10,349,2,0.2,228.4
11546,2024-03-08,16,12,465,2,0.0,153.0
11547,2024-02-24,16,5,258,1,0.1,30.31
11548,2023-01-19,20,18,486,3,0.0,650.19
11549,2024-02-13,9,7,166,1,0.1,135.66
11550,2024-07-18,8,13,246,1,0.0,191.56
11551,2023-10-03,9,7,295,1,0.0,150.73
11552,2023-11-30,16,22,172,1,0.0,297.41
11553,2023-05-31,3,6,119,2,0.0,264.2
11554,2024-01-01,7,24,42,1,0.0,195.36
11555,2024-05-04,11,2,460,1,0.0,14.78
11556,2023-12-19,11,24,308,1,0.1,175.82
11557,2024-10-05,6,2,473,1,0.0,14.78
11558,2024-05-30,20,8,251,1,0.0,176.75
11559,2023-10-09,18,7,363,1,0.0,150.73
11560,2024-04-13,9,13,45,2,0.2,306.5
11561,2024-12-21,10,1,498,1,0.0,122.39
11562,2024-06-23,13,18,351,2,0.15,368.44
11563,2023-06-10,14,22,228,1,0.0,297.41
11564,2023-11-27,4,16,405,1,0.0,99.12
11565,2024-09-23,20,5,253,1,0.15,28.63
11566,2024-03-10,9,2,172,1,0.0,14.78
11567,2023-08-18,9,9,314,2,0.0,29.72
11568,2024-02-21,12,8,404,2,0.0,353.5
11569,2023-11-12,14,22,160,2,0.0,594.82
11570,2023-04-25,20,23,207,1,0.0,202.43
11571,2024-03-27,17,2,307,1,0.2,11.82
11572,2024-03-13,8,6,479,1,0.0,132.1
11573,2023-01-09,2,16,290,1,0.0,99.12
11574,2023-07-31,12,7,378,2,0.0,301.46
11575,2024-05-31,6,14,32,1,0.0,49.79
11576,2023-04-23,13,6,402,1,0.1,118.89
11577,2023-07-16,2,17,44,1,0.0,115.98
11578,2023-12-02,5,11,89,2,0.1,19.87
11579,2023-10-15,5,10,65,1,0.0,142.75
11580,2024-06-20,9,14,389,1,0.0,49.79
11581,2024-07-08,7,14,157,1,0.0,49.79
11582,2024-11-09,16,22,196,1,0.0,297.41
11583,2024-02-25,18,1,25,1,0.0,122.39
11584,2024-08-04,17,18,393,1,0.0,216.73
11585,2023-09-18,14,21,336,1,0.0,155.14
11586,2024-12-03,17,13,498,2,0.1,344.81
11587,2023-02-04,9,13,5,3,0.2,459.74
11588,2023-07-28,7,3,466,1,0.0,84.52
11589,2023-11-04,3,5,430,3,0.0,101.04
11590,2023-12-08,15,13,383,1,0.0,191.56
11591,2023-09-05,12,14,407,2,0.0,99.58
11592,2024-06-23,13,11,205,2,0.0,22.08
11593,2024-05-12,4,6,476,2,0.0,264.2
11594,2023-12-09,14,22,451,1,0.0,297.41
11595,2023-01-17,12,8,126,2,0.0,353.5
11596,2024-08-22,5,11,457,1,0.0,11.04
11597,2024-02-07,2,24,315,1,0.0,195.36
11598,2024-03-23,16,1,439,1,0.0,122.39
11599,2023-10-01,13,15,325,1,0.0,62.21
11600,2024-12-05,2,16,323,1,0.0,99.12
11601,2023-12-07,13,24,474,2,0.0,390.72
11602,2024-12-14,10,16,320,2,0.0,198.24
11603,2024-08-10,3,2,55,2,0.0,29.56
11604,2024-09-05,5,11,364,1,0.0,11.04
11605,2024-06-27,12,13,210,1,0.1,172.4
11606,2024-03-31,5,10,412,1,0.0,142.75
11607,2024-05-28,12,11,378,1,0.0,11.04
11608,2023-02-13,6,4,44,1,0.0,220.67
11609,2024-01-01,11,5,370,2,0.0,67.36
11610,2024-10-26,7,16,286,1,0.0,99.12
11611,2023-09-09,1,13,345,2,0.0,383.12
11612,2024-05-24,15,9,175,1,0.0,14.86
11613,2023-11-24,3,21,469,1,0.0,155.14
11614,2023-06-12,13,21,94,1,0.1,139.63
11615,2024-03-02,9,11,112,4,0.0,44.16
11616,2024-09-13,12,18,204,1,0.1,195.06
11617,2024-05-04,17,24,137,1,0.0,195.36
11618,2023-10-23,13,3,2,1,0.1,76.07
11619,2024-04-01,18,3,313,1,0.1,76.07
11620,2023-01-23,16,20,426,1,0.0,176.04
11621,2023-12-26,19,1,357,1,0.0,122.39
11622,2024-08-06,4,11,311,1,0.1,9.94
11623,2024-05-31,3,14,234,1,0.0,49.79
11624,2024-05-09,12,4,190,1,0.0,220.67
11625,2023-03-12,5,13,294,2,0.0,383.12
11626,2024-11-24,10,5,50,1,0.0,33.68
11627,2023-11-11,6,9,174,2,0.0,29.72
11628,2023-07-30,4,17,220,3,0.0,347.94
11629,2023-10-10,20,14,278,1,0.2,39.83
11630,2023-07-02,17,20,389,1,0.0,176.04
11631,2024-11-20,17,11,400,1,0.0,11.04
11632,2024-10-21,11,16,340,2,0.0,198.24
11633,2024-08-07,16,24,140,2,0.0,390.72
11634,2024-03-26,15,6,223,1,0.0,132.1
11635,2023-12-11,19,24,460,1,0.0,195.36
11636,2023-02-07,16,18,10,2,0.15,368.44
11637,2024-01-06,11,15,156,1,0.2,49.77
11638,2024-09-19,9,17,333,1,0.0,115.98
11639,2024-12-27,10,14,114,1,0.0,49.79
11640,2024-03-18,18,5,242,1,0.0,33.68
11641,2024-11-04,11,23,441,2,0.0,404.86
11642,2024-02-25,19,5,90,1,0.0,33.68
11643,2023-05-25,1,1,425,1,0.0,122.39
11644,2024-08-19,9,21,394,1,0.2,124.11
11645,2024-09-19,2,15,250,4,0.0,248.84
11646,2024-02-19,8,19,153,1,0.0,132.95
11647,2023-04-26,12,12,108,1,0.0,76.5
11648,2024-01-04,19,16,238,2,0.0,198.24
11649,2024-04-22,4,8,27,1,0.0,176.75
11650,2024-11-04,11,14,330,1,0.0,49.79
11651,2023-09-16,15,15,233,1,0.0,62.21
11652,2023-08-23,10,17,315,1,0.0,115.98
11653,2023-09-27,8,19,340,1,0.0,132.95
11654,2023-03-15,9,22,356,1,0.2,237.93
11655,2024-07-03,16,22,69,2,0.0,594.82
11656,2023-06-27,12,19,483,1,0.0,132.95
11657,2024-01-10,15,22,493,1,0.0,297.41
11658,2024-05-27,11,18,206,1,0.0,216.73
11659,2023-09-18,4,9,115,1,0.0,14.86
11660,2023-12-24,16,12,159,1,0.0,76.5
11661,2023-04-08,13,6,274,1,0.0,132.1
11662,2023-12-03,12,3,240,1,0.1,76.07
11663,2023-08-08,20,2,341,4,0.1,53.21
11664,2023-11-28,5,19,275,1,0.0,132.95
11665,2024-01-11,12,21,179,1,0.1,139.63
11666,2024-07-19,1,3,428,1,0.0,84.52
11667,2024-11-21,12,13,249,1,0.0,191.56
11668,2024-09-04,10,14,427,1,0.1,44.81
11669,2024-05-14,12,12,476,2,0.0,153.0
11670,2024-05-28,4,18,335,2,0.0,433.46
11671,2024-02-23,13,9,23,2,0.0,29.72
11672,2023-06-09,17,18,396,1,0.0,216.73
11673,2023-09-26,4,23,398,2,0.1,364.37
11674,2023-07-18,14,13,86,1,0.0,191.56
11675,2023-09-02,7,9,380,1,0.0,14.86
11676,2024-11-01,10,3,228,1,0.0,84.52
11677,2023-01-02,10,23,10,1,0.0,202.43
11678,2024-04-21,4,7,129,2,0.0,301.46
11679,2024-02-15,19,21,500,1,0.0,155.14
11680,2024-03-31,4,12,131,1,0.0,76.5
11681,2024-05-19,19,6,251,1,0.0,132.1
11682,2024-12-10,4,4,285,2,0.1,397.21
11683,2023-12-24,19,7,175,1,0.0,150.73
11684,2023-02-12,17,17,365,1,0.0,115.98
11685,2023-08-10,16,14,481,1,0.0,49.79
11686,2023-10-18,12,14,366,1,0.0,49.79
11687,2024-02-17,2,4,63,1,0.0,220.67
11688,2024-04-17,1,3,98,1,0.0,84.52
11689,2024-09-15,13,13,52,1,0.0,191.56
11690,2023-01-20,3,18,236,1,0.0,216.73
11691,2023-12-23,1,12,338,1,0.0,76.5
11692,2023-02-10,4,1,225,2,0.0,244.78
11693,2023-02-06,13,5,236,2,0.0,67.36
11694,2024-08-09,9,22,295,1,0.0,297.41
11695,2023-02-04,16,12,279,2,0.0,153.0
11696,2024-03-18,20,25,92,2,0.0,288.06
11697,2024-06-25,11,6,161,2,0.0,264.2
11698,2024-11-23,5,8,57,1,0.0,176.75
11699,2024-01-09,19,15,415,2,0.0,124.42
11700,2023-08-31,18,20,395,1,0.0,176.04
11701,2024-08-22,14,5,228,1,0.0,33.68
11702,2024-02-16,8,17,181,2,0.0,231.96
11703,2023-07-22,14,4,250,2,0.0,441.34
11704,2023-09-03,12,9,451,1,0.1,13.37
11705,2024-11-20,17,8,305,1,0.0,176.75
11706,2024-02-22,2,17,251,1,0.0,115.98
11707,2023-03-01,15,16,66,2,0.0,198.24
11708,2023-05-17,18,7,276,1,0.1,135.66
11709,2023-08-08,9,14,399,2,0.0,99.58
11710,2023-03-29,7,25,119,2,0.0,288.06
11711,2023-12-20,7,3,314,1,0.0,84.52
11712,2023-01-08,3,2,140,1,0.0,14.78
11713,2023-07-14,2,17,310,2,0.0,231.96
11714,2024-04-24,10,19,85,2,0.0,265.9
11715,2024-05-19,10,2,500,1,0.0,14.78
11716,2024-09-21,8,16,222,1,0.0,99.12
11717,2024-02-19,8,1,161,2,0.0,244.78
11718,2024-05-06,19,4,212,1,0.0,220.67
11719,2024-03-28,3,15,487,1,0.0,62.21
11720,2024-12-01,7,11,361,1,0.0,11.04
11721,2024-11-02,15,6,345,1,0.0,132.1
11722,2023-08-22,12,17,397,1,0.0,115.98
11723,2024-10-05,14,2,432,1,0.0,14.78
11724,2024-01-09,18,5,417,1,0.0,33.68
11725,2023-06-07,13,8,423,1,0.0,176.75
11726,2023-01-26,17,12,90,1,0.0,76.5
11727,2023-12-22,14,23,122,1,0.0,202.43
11728,2024-04-27,19,7,485,1,0.0,150.73
11729,2023-09-28,3,6,73,2,0.0,264.2
11730,2024-06-02,17,2,200,3,0.0,44.34
11731,2024-03-15,19,11,54,1,0.0,11.04
11732,2023-04-01,5,3,345,1,0.0,84.52
11733,2023-05-12,7,17,408,2,0.0,231.96
11734,2023-06-20,3,10,136,1,0.1,128.48
11735,2024-10-03,6,14,166,1,0.2,39.83
11736,2023-06-12,13,11,43,1,0.0,11.04
11737,2023-04-21,19,14,251,1,0.0,49.79
11738,2024-10-19,18,23,291,1,0.0,202.43
11739,2023-05-31,11,4,415,2,0.0,441.34
11740,2024-09-25,10,17,202,1,0.0,115.98
11741,2023-11-23,9,15,323,2,0.0,124.42
11742,2024-10-06,9,15,194,1,0.0,62.21
11743,2024-01-17,7,22,93,2,0.0,594.82
11744,2024-01-19,11,18,144,2,0.0,433.46
11745,2023-10-21,3,22,57,1,0.0,297.41
11746,2024-06-17,4,25,409,1,0.0,144.03
11747,2024-12-05,11,11,44,2,0.0,22.08
11748,2023-08-07,13,12,472,2,0.0,153.0
11749,2024-04-05,7,2,262,1,0.0,14.78
11750,2023-01-19,11,11,74,1,0.0,11.04
11751,2023-03-01,7,19,283,1,0.0,132.95
11752,2024-10-25,18,16,52,1,0.0,99.12
11753,2024-12-07,15,10,429,1,0.15,121.34
11754,2024-03-15,17,16,155,1,0.0,99.12
11755,2023-04-13,18,15,399,1,0.0,62.21
11756,2023-10-14,16,25,481,1,0.1,129.63
11757,2023-03-24,9,6,196,1,0.0,132.1
11758,2024-11-01,3,11,134,1,0.0,11.04
11759,2024-11-08,7,3,125,2,0.0,169.04
11760,2023-11-02,4,24,57,2,0.1,351.65
11761,2023-07-09,15,5,87,1,0.0,33.68
11762,2024-07-08,7,14,467,2,0.0,99.58
11763,2024-02-03,1,12,101,2,0.0,153.0
11764,2023-01-02,17,17,247,1,0.0,115.98
11765,2024-02-09,10,19,240,1,0.1,119.65
11766,2024-05-09,2,8,375,1,0.0,176.75
11767,2024-08-09,1,11,216,3,0.0,33.12
11768,2024-11-08,14,6,56,1,0.0,132.1
11769,2024-07-10,8,5,398,2,0.0,67.36
11770,2024-04-21,13,3,74,1,0.0,84.52
11771,2024-09-10,12,10,2,1,0.0,142.75
11772,2024-05-09,14,24,335,1,0.0,195.36
11773,2024-05-09,3,19,326,2,0.0,265.9
11774,2024-03-02,6,18,491,1,0.2,173.38
11775,2023-04-07,16,12,76,1,0.0,76.5
11776,2023-02-12,10,3,280,1,0.1,76.07
11777,2024-06-20,17,6,203,1,0.0,132.1
11778,2024-07-28,2,25,337,1,0.0,144.03
11779,2023-11-13,19,3,114,1,0.0,84.52
11780,2023-02-15,8,6,454,1,0.15,112.28
11781,2024-11-28,10,21,336,2,0.0,310.28
11782,2023-12-03,9,9,315,1,0.0,14.86
11783,2024-03-15,15,13,153,1,0.0,191.56
11784,2023-04-22,19,11,314,1,0.0,11.04
11785,2023-03-27,13,14,19,1,0.0,49.79
11786,2023-11-27,8,15,312,1,0.0,62.21
11787,2024-11-26,9,24,408,1,0.0,195.36
11788,2024-08-05,2,21,495,3,0.0,465.42
11789,2024-08-01,16,25,331,1,0.0,144.03
11790,2023-01-16,8,25,153,1,0.2,115.22
11791,2023-05-14,11,8,417,1,0.15,150.24
11792,2024-11-08,20,17,231,2,0.0,231.96
11793,2024-11-18,3,12,378,1,0.1,68.85
11794,2024-01-18,18,6,294,2,0.0,264.2
11795,2023-04-13,7,17,204,1,0.0,115.98
11796,2024-07-11,5,23,297,3,0.0,607.29
11797,2024-02-05,15,17,489,1,0.0,115.98
11798,2023-01-12,15,24,142,1,0.0,195.36
11799,2023-06-29,4,15,492,1,0.0,62.21
11800,2023-12-07,3,1,307,3,0.15,312.09
11801,2023-09-12,13,5,374,1,0.0,33.68
11802,2023-05-22,11,18,488,1,0.1,195.06
11803,2023-06-25,13,16,408,3,0.0,297.36
11804,2023-01-04,5,16,90,1,0.0,99.12
11805,2023-04-26,14,10,293,2,0.0,285.5
11806,2023-01-26,18,20,363,1,0.0,176.04
11807,2024-06-06,15,5,188,2,0.0,67.36
11808,2023-10-10,17,5,6,1,0.0,33.68
11809,2023-05-25,20,11,119,1,0.0,11.04
11810,2023-07-23,12,1,280,1,0.1,110.15
11811,2023-08-25,17,2,424,1,0.0,14.78
11812,2023-11-27,20,6,328,1,0.0,132.1
11813,2023-03-26,1,11,210,3,0.0,33.12
11814,2024-01-06,15,2,123,1,0.0,14.78
11815,2023-12-01,16,13,160,1,0.0,191.56
11816,2023-12-13,13,18,294,2,0.15,368.44
11817,2023-08-11,12,7,63,1,0.0,150.73
11818,2023-01-27,6,17,377,4,0.0,463.92
11819,2023-03-25,10,7,25,1,0.15,128.12
11820,2023-04-01,5,16,467,2,0.0,198.24
11821,2024-07-10,8,2,97,1,0.0,14.78
11822,2023-03-30,19,19,170,2,0.0,265.9
11823,2024-01-12,17,3,488,1,0.0,84.52
11824,2024-10-12,19,19,362,1,0.0,132.95
11825,2024-05-08,19,19,297,1,0.15,113.01
11826,2023-01-13,8,2,174,2,0.0,29.56
11827,2024-09-09,15,13,52,2,0.0,383.12
11828,2024-05-19,16,10,42,2,0.0,285.5
11829,2024-05-12,1,23,99,2,0.0,404.86
11830,2023-02-03,12,15,211,3,0.0,186.63
11831,2024-05-27,15,19,465,1,0.0,132.95
11832,2023-02-28,19,21,156,2,0.0,310.28
11833,2023-03-17,5,17,130,1,0.0,115.98
11834,2024-12-11,3,17,494,2,0.0,231.96
11835,2024-02-06,9,6,277,2,0.0,264.2
11836,2023-08-26,18,16,303,1,0.0,99.12
11837,2023-11-15,13,20,287,1,0.0,176.04
11838,2023-09-23,4,12,388,2,0.0,153.0
11839,2024-07-24,15,11,392,2,0.15,18.77
11840,2024-02-18,15,15,238,1,0.0,62.21
11841,2024-11-14,2,9,5,1,0.0,14.86
11842,2024-02-02,9,24,115,1,0.1,175.82
11843,2023-11-21,19,11,410,3,0.0,33.12
11844,2024-04-10,8,22,432,1,0.0,297.41
11845,2023-03-23,16,19,390,3,0.0,398.85
11846,2023-08-31,2,20,117,1,0.0,176.04
11847,2023-08-20,6,8,136,1,0.0,176.75
11848,2024-08-17,14,21,384,1,0.0,155.14
11849,2024-04-07,11,9,468,1,0.1,13.37
11850,2024-05-26,9,5,445,1,0.0,33.68
11851,2023-12-01,10,9,278,1,0.0,14.86
11852,2023-10-15,18,6,440,2,0.0,264.2
11853,2023-02-14,19,19,156,1,0.0,132.95
11854,2024-12-18,15,24,372,3,0.0,586.08
11855,2023-08-11,4,24,278,1,0.0,195.36
11856,2023-04-05,12,5,199,3,0.0,101.04
11857,2023-01-21,11,4,433,1,0.0,220.67
11858,2023-10-24,6,22,248,1,0.2,237.93
11859,2023-02-22,15,17,305,3,0.0,347.94
11860,2024-08-20,12,8,419,1,0.0,176.75
11861,2024-08-16,10,5,412,2,0.0,67.36
11862,2024-05-03,14,13,426,1,0.0,191.56
11863,2023-05-01,4,15,56,2,0.0,124.42
11864,2023-02-22,16,4,489,2,0.0,441.34
11865,2024-08-12,16,4,201,1,0.0,220.67
11866,2023-11-11,12,20,149,1,0.0,176.04
11867,2024-11-20,14,10,175,1,0.0,142.75
11868,2024-04-17,5,3,263,1,0.2,67.62
11869,2024-08-01,15,18,78,1,0.0,216.73
11870,2023-06-20,13,17,350,1,0.0,115.98
11871,2024-08-13,7,19,152,1,0.1,119.65
11872,2024-06-03,11,20,138,1,0.0,176.04
11873,2024-11-07,19,2,6,1,0.0,14.78
11874,2024-09-15,17,3,133,2,0.0,169.04
11875,2024-12-28,12,1,380,2,0.1,220.3
11876,2024-03-02,1,24,432,1,0.15,166.06
11877,2024-03-20,13,21,371,3,0.0,465.42
11878,2024-08-27,20,5,94,1,0.0,33.68
11879,2024-10-27,14,23,35,1,0.0,202.43
11880,2023-08-12,17,7,68,2,0.2,241.17
11881,2024-02-24,18,24,244,2,0.0,390.72
11882,2023-02-04,20,25,393,2,0.0,288.06
11883,2024-03-29,15,8,456,2,0.0,353.5
11884,2024-04-12,15,17,306,1,0.1,104.38
11885,2024-01-19,15,18,21,2,0.0,433.46
11886,2024-10-31,7,23,292,2,0.0,404.86
11887,2024-08-01,14,21,74,1,0.1,139.63
11888,2024-01-21,8,17,255,2,0.0,231.96
11889,2024-04-24,19,6,95,1,0.0,132.1
11890,2024-03-30,3,9,344,1,0.0,14.86
11891,2023-03-29,2,19,485,1,0.0,132.95
11892,2024-03-24,8,24,184,1,0.2,156.29
11893,2023-05-07,5,13,284,1,0.0,191.56
11894,2024-09-03,14,21,89,1,0.1,139.63
11895,2023-07-11,2,22,209,1,0.0,297.41
11896,2024-07-06,6,11,148,1,0.1,9.94
11897,2023-07-26,6,1,119,1,0.0,122.39
11898,2023-07-17,8,1,27,2,0.1,220.3
11899,2023-05-27,7,3,316,1,0.0,84.52
11900,2024-08-26,8,20,130,1,0.0,176.04
11901,2023-10-14,13,25,12,1,0.0,144.03
11902,2024-02-15,1,24,428,1,0.0,195.36
11903,2024-01-22,19,25,499,1,0.0,144.03
11904,2023-09-22,8,10,349,1,0.1,128.48
11905,2023-01-03,13,15,314,1,0.0,62.21
11906,2023-12-19,7,11,175,1,0.0,11.04
11907,2024-03-24,18,22,451,1,0.2,237.93
11908,2024-02-06,11,13,399,1,0.0,191.56
11909,2023-05-24,20,19,157,1,0.0,132.95
11910,2023-04-03,5,14,259,1,0.0,49.79
11911,2023-12-23,2,12,17,1,0.0,76.5
11912,2024-01-27,9,25,130,3,0.0,432.09
11913,2024-06-27,18,17,173,2,0.0,231.96
11914,2023-10-22,18,5,246,2,0.2,53.89
11915,2023-12-04,19,6,324,1,0.0,132.1
11916,2024-06-16,1,1,132,1,0.0,122.39
11917,2023-06-20,12,18,180,1,0.0,216.73
11918,2023-11-15,17,15,411,4,0.0,248.84
11919,2023-01-07,11,9,127,1,0.0,14.86
11920,2024-03-30,14,20,390,1,0.0,176.04
11921,2023-11-06,12,4,171,1,0.0,220.67
11922,2023-01-31,16,7,286,1,0.0,150.73
11923,2024-03-10,18,3,272,1,0.1,76.07
11924,2024-10-14,15,12,279,2,0.15,130.05
11925,2024-02-11,1,12,348,3,0.0,229.5
11926,2023-07-04,2,21,118,1,0.0,155.14
11927,2024-08-27,5,18,87,1,0.0,216.73
11928,2023-05-06,8,10,455,1,0.0,142.75
11929,2023-03-18,16,20,18,1,0.15,149.63
11930,2023-04-06,20,9,497,2,0.0,29.72
11931,2023-11-30,14,4,473,1,0.0,220.67
11932,2023-08-02,19,2,398,1,0.0,14.78
11933,2024-08-13,5,17,277,1,0.0,115.98
11934,2024-04-28,19,6,269,1,0.1,118.89
11935,2024-05-10,6,12,471,1,0.0,76.5
11936,2024-06-15,16,23,104,1,0.15,172.07
11937,2024-12-26,6,20,413,1,0.0,176.04
11938,2023-11-14,14,2,89,3,0.0,44.34
11939,2024-08-13,4,6,243,2,0.15,224.57
11940,2024-11-13,10,21,154,1,0.0,155.14
11941,2023-04-28,14,23,5,4,0.0,809.72
11942,2023-08-29,7,7,390,1,0.0,150.73
11943,2023-07-07,18,6,286,3,0.0,396.3
11944,2024-06-02,1,17,242,2,0.0,231.96
11945,2023-01-05,1,22,166,1,0.0,297.41
11946,2023-03-22,2,5,92,3,0.2,80.83
11947,2024-06-23,16,14,160,1,0.0,49.79
11948,2023-12-13,5,11,481,1,0.0,11.04
11949,2023-01-22,5,22,349,1,0.0,297.41
11950,2023-06-13,1,9,43,3,0.0,44.58
11951,2024-05-15,12,5,153,1,0.0,33.68
11952,2024-01-11,9,12,35,1,0.0,76.5
11953,2024-02-12,9,11,272,2,0.0,22.08
11954,2024-05-25,20,20,71,1,0.0,176.04
11955,2024-11-05,3,10,29,1,0.0,142.75
11956,2023-10-03,13,18,213,1,0.0,216.73
11957,2023-05-15,15,18,164,1,0.0,216.73
11958,2024-10-27,1,11,400,1,0.0,11.04
11959,2023-04-11,12,5,88,1,0.0,33.68
11960,2024-02-20,19,8,230,1,0.1,159.08
11961,2023-09-16,9,7,88,1,0.0,150.73
11962,2023-02-22,8,1,445,1,0.0,122.39
11963,2024-02-12,2,6,247,1,0.0,132.1
11964,2024-07-01,11,24,150,3,0.0,586.08
11965,2024-07-09,7,15,104,1,0.0,62.21
11966,2023-01-14,19,17,496,1,0.0,115.98
11967,2024-01-17,17,5,488,1,0.1,30.31
11968,2024-05-20,5,23,462,1,0.2,161.94
11969,2023-09-01,18,12,111,2,0.0,153.0
11970,2024-02-12,18,12,363,1,0.0,76.5
11971,2024-10-21,1,2,219,1,0.0,14.78
11972,2023-02-20,3,18,443,1,0.0,216.73
11973,2023-09-23,11,7,229,1,0.1,135.66
11974,2024-08-31,5,17,118,2,0.0,231.96
11975,2023-05-18,13,8,249,4,0.0,707.0
11976,2023-03-19,9,10,380,1,0.0,142.75
11977,2024-11-10,17,13,361,1,0.0,191.56
11978,2023-04-13,20,5,325,2,0.0,67.36
11979,2024-04-16,1,20,49,2,0.0,352.08
11980,2024-01-09,2,23,370,1,0.0,202.43
11981,2023-04-20,19,6,222,1,0.0,132.1
11982,2024-05-23,20,4,434,1,0.0,220.67
11983,2024-05-09,5,2,15,1,0.0,14.78
11984,2024-09-24,5,19,180,1,0.0,132.95
11985,2023-03-17,19,6,67,1,0.0,132.1
11986,2023-02-17,4,16,435,1,0.0,99.12
11987,2024-07-29,5,7,282,1,0.0,150.73
11988,2023-12-08,5,8,497,1,0.0,176.75
11989,2024-08-01,15,5,431,1,0.15,28.63
11990,2023-01-04,9,10,295,1,0.0,142.75
11991,2024-10-24,7,24,387,2,0.15,332.11
11992,2024-05-03,19,1,175,1,0.1,110.15
11993,2024-06-01,6,9,304,2,0.0,29.72
11994,2023-04-16,11,8,275,2,0.0,353.5
11995,2024-10-08,12,13,469,1,0.0,191.56
11996,2023-11-27,3,11,220,1,0.0,11.04
11997,2023-08-05,20,10,331,1,0.1,128.48
11998,2024-03-30,3,12,145,3,0.0,229.5
11999,2024-09-07,6,20,499,2,0.0,352.08
12000,2023-01-20,15,17,172,1,0.0,115.98
12001,2024-04-15,10,9,357,1,0.0,14.86
12002,2023-04-24,10,8,469,2,0.0,353.5
12003,2023-07-07,10,25,288,2,0.0,288.06
12004,2024-04-23,8,4,299,2,0.1,397.21
12005,2024-02-26,6,22,198,2,0.1,535.34
12006,2023-05-14,12,10,308,2,0.1,256.95
12007,2023-03-23,17,12,474,1,0.0,76.5
12008,2024-07-12,8,13,355,4,0.0,766.24
12009,2023-03-13,6,20,154,1,0.0,176.04
12010,2024-10-30,19,16,488,1,0.0,99.12
12011,2024-04-26,15,22,121,1,0.0,297.41
12012,2024-10-23,14,22,363,2,0.1,535.34
12013,2024-04-17,16,5,88,1,0.0,33.68
12014,2023-09-22,10,24,98,1,0.0,195.36
12015,2024-10-12,10,21,102,2,0.0,310.28
12016,2024-10-06,11,19,441,1,0.0,132.95
12017,2023-11-08,15,23,266,1,0.0,202.43
12018,2024-05-22,6,8,310,1,0.0,176.75
12019,2024-01-21,12,22,244,1,0.0,297.41
12020,2023-04-23,11,5,463,2,0.0,67.36
12021,2024-02-20,10,19,115,1,0.0,132.95
12022,2024-06-14,2,20,428,1,0.2,140.83
12023,2023-06-10,20,25,469,1,0.0,144.03
12024,2024-08-08,2,24,391,1,0.0,195.36
12025,2023-08-20,9,19,476,1,0.0,132.95
12026,2024-06-30,1,8,329,2,0.0,353.5
12027,2023-10-31,5,12,151,1,0.0,76.5
12028,2024-04-27,19,21,443,1,0.0,155.14
12029,2024-03-04,2,7,321,3,0.0,452.19
12030,2023-02-01,2,23,291,1,0.0,202.43
12031,2023-10-21,1,20,308,2,0.0,352.08
12032,2023-03-09,14,14,358,1,0.0,49.79
12033,2023-12-29,16,6,213,1,0.0,132.1
12034,2023-05-11,10,6,451,1,0.0,132.1
12035,2023-06-21,13,16,196,2,0.0,198.24
12036,2024-12-12,5,21,65,1,0.15,131.87
12037,2024-01-10,9,14,305,1,0.1,44.81
12038,2023-06-07,2,13,114,1,0.0,191.56
12039,2024-02-27,20,3,119,2,0.0,169.04
12040,2023-02-24,20,13,390,1,0.0,191.56
12041,2023-03-28,9,23,473,1,0.0,202.43
12042,2024-10-06,2,11,468,1,0.0,11.04
12043,2023-04-13,11,1,76,1,0.0,122.39
12044,2024-04-22,8,6,56,1,0.0,132.1
12045,2024-12-15,6,15,420,1,0.0,62.21
12046,2023-07-06,13,12,160,4,0.0,306.0
12047,2023-03-09,9,13,252,3,0.0,574.68
12048,2023-12-03,1,10,450,3,0.2,342.6
12049,2023-01-12,3,18,268,3,0.0,650.19
12050,2023-09-30,5,4,471,1,0.1,198.6
12051,2024-09-17,8,7,112,1,0.0,150.73
12052,2023-12-04,9,17,230,1,0.0,115.98
12053,2023-11-19,18,7,327,2,0.2,241.17
12054,2023-09-06,11,2,316,1,0.0,14.78
12055,2024-03-03,14,3,467,1,0.0,84.52
12056,2024-12-11,16,4,409,1,0.0,220.67
12057,2023-03-26,12,14,128,1,0.0,49.79
12058,2024-09-01,1,6,405,1,0.0,132.1
12059,2023-06-22,6,3,221,1,0.0,84.52
12060,2023-06-17,10,1,239,2,0.0,244.78
12061,2023-08-30,13,23,167,2,0.0,404.86
12062,2023-01-11,2,18,369,3,0.0,650.19
12063,2023-07-27,5,2,310,2,0.0,29.56
12064,2024-07-30,1,18,295,1,0.0,216.73
12065,2023-02-08,2,8,222,2,0.2,282.8
12066,2023-11-04,14,1,35,2,0.0,244.78
12067,2024-10-22,10,17,155,1,0.0,115.98
12068,2023-05-30,15,9,258,2,0.0,29.72
12069,2024-05-15,8,24,432,2,0.1,351.65
12070,2024-12-09,2,23,366,1,0.0,202.43
12071,2023-10-18,6,25,329,1,0.0,144.03
12072,2023-09-12,4,2,206,1,0.0,14.78
12073,2024-09-26,16,20,307,2,0.0,352.08
12074,2023-05-28,2,13,377,1,0.0,191.56
12075,2024-03-19,15,4,487,1,0.0,220.67
12076,2024-01-08,9,21,485,1,0.0,155.14
12077,2024-08-07,8,13,319,1,0.0,191.56
12078,2023-07-21,10,2,490,1,0.0,14.78
12079,2023-08-25,19,12,205,2,0.0,153.0
12080,2024-08-24,1,10,142,1,0.0,142.75
12081,2023-11-24,19,11,443,1,0.0,11.04
12082,2023-07-07,12,25,90,1,0.0,144.03
12083,2024-06-09,16,19,286,1,0.0,132.95
12084,2024-12-15,7,5,128,2,0.0,67.36
12085,2024-06-07,4,14,457,1,0.0,49.79
12086,2023-08-15,8,22,11,1,0.15,252.8
12087,2024-05-07,8,16,142,1,0.0,99.12
12088,2023-12-27,7,15,26,1,0.0,62.21
12089,2023-07-05,8,13,217,1,0.0,191.56
12090,2023-11-06,5,21,151,1,0.0,155.14
12091,2024-05-02,9,1,12,1,0.0,122.39
12092,2024-10-10,19,17,276,1,0.2,92.78
12093,2024-01-19,7,21,366,2,0.0,310.28
12094,2024-04-14,6,19,29,3,0.0,398.85
12095,2023-09-05,8,2,178,2,0.0,29.56
12096,2023-02-15,11,25,469,2,0.0,288.06
12097,2023-03-16,13,12,25,1,0.0,76.5
12098,2023-05-09,8,25,421,2,0.0,288.06
12099,2023-05-16,11,21,50,1,0.0,155.14
12100,2023-01-30,16,13,363,1,0.0,191.56
12101,2023-04-02,12,18,485,1,0.0,216.73
12102,2024-01-01,11,12,274,1,0.0,76.5
12103,2024-05-25,2,22,412,2,0.0,594.82
12104,2024-08-24,9,21,325,2,0.0,310.28
12105,2024-12-05,5,6,459,1,0.0,132.1
12106,2024-10-25,10,15,485,1,0.0,62.21
12107,2023-12-03,3,2,304,1,0.0,14.78
12108,2024-09-27,6,3,191,1,0.0,84.52
12109,2024-01-17,3,12,68,1,0.0,76.5
12110,2023-11-26,2,17,482,1,0.0,115.98
12111,2024-05-12,17,13,39,2,0.0,383.12
12112,2024-08-23,3,20,433,1,0.0,176.04
12113,2023-09-13,12,14,463,1,0.1,44.81
12114,2023-01-22,12,16,367,1,0.0,99.12
12115,2023-08-17,10,12,313,1,0.0,76.5
12116,2023-09-18,3,11,316,1,0.0,11.04
12117,2024-12-31,4,9,171,1,0.0,14.86
12118,2024-12-09,11,17,184,1,0.15,98.58
12119,2024-05-23,4,10,458,2,0.1,256.95
12120,2024-02-06,14,6,409,2,0.0,264.2
12121,2023-08-25,6,10,491,2,0.15,242.68
12122,2024-06-11,5,25,143,1,0.0,144.03
12123,2024-02-24,8,20,9,1,0.15,149.63
12124,2024-03-16,4,4,382,2,0.0,441.34
12125,2024-02-25,5,23,433,2,0.0,404.86
12126,2023-03-18,18,2,337,1,0.0,14.78
12127,2024-01-09,14,19,122,1,0.2,106.36
12128,2023-11-28,1,18,235,1,0.15,184.22
12129,2024-03-22,3,2,161,2,0.0,29.56
12130,2023-02-12,10,11,79,1,0.0,11.04
12131,2023-02-26,11,21,311,1,0.0,155.14
12132,2024-07-29,13,17,257,1,0.0,115.98
12133,2024-01-03,14,5,305,1,0.0,33.68
12134,2024-04-01,15,10,450,1,0.0,142.75
12135,2023-03-21,10,2,98,2,0.0,29.56
12136,2024-12-14,1,21,468,2,0.0,310.28
12137,2024-06-01,2,2,382,2,0.0,29.56
12138,2024-08-30,2,4,56,1,0.15,187.57
12139,2023-02-15,3,15,470,2,0.0,124.42
12140,2023-10-19,14,2,376,2,0.15,25.13
12141,2023-04-09,2,17,376,2,0.0,231.96
12142,2023-08-10,20,22,77,1,0.0,297.41
12143,2024-05-12,17,24,269,1,0.0,195.36
12144,2024-05-27,18,7,51,1,0.0,150.73
12145,2024-07-04,20,3,107,2,0.0,169.04
12146,2023-02-09,9,23,410,1,0.1,182.19
12147,2024-02-05,4,25,198,2,0.0,288.06
12148,2023-09-06,18,18,268,1,0.0,216.73
12149,2023-04-27,14,18,496,1,0.0,216.73
12150,2024-06-04,16,8,363,1,0.2,141.4
12151,2024-07-02,12,15,46,4,0.2,199.07
12152,2024-06-24,12,16,478,1,0.1,89.21
12153,2024-03-06,20,13,24,1,0.0,191.56
12154,2023-12-25,19,9,196,1,0.15,12.63
12155,2023-12-09,18,18,275,1,0.0,216.73
12156,2023-06-14,13,12,246,1,0.0,76.5
12157,2023-06-30,17,8,18,2,0.0,353.5
12158,2023-01-13,16,6,487,1,0.1,118.89
12159,2023-06-09,16,21,81,1,0.0,155.14
12160,2023-01-02,18,17,58,1,0.2,92.78
12161,2024-11-20,10,8,230,1,0.0,176.75
12162,2023-06-08,7,2,235,2,0.0,29.56
12163,2023-08-04,12,22,216,1,0.0,297.41
12164,2023-10-17,1,25,239,1,0.0,144.03
12165,2024-06-12,8,15,373,1,0.0,62.21
12166,2024-12-30,18,7,114,2,0.0,301.46
12167,2023-02-20,13,9,310,1,0.0,14.86
12168,2024-03-30,17,8,390,1,0.0,176.75
12169,2024-09-04,19,9,322,1,0.0,14.86
12170,2024-08-06,12,23,53,1,0.1,182.19
12171,2024-10-18,9,6,178,2,0.0,264.2
12172,2023-10-18,20,20,281,3,0.0,528.12
12173,2023-07-29,14,5,237,1,0.1,30.31
12174,2023-03-23,9,24,199,2,0.0,390.72
12175,2024-05-07,9,3,289,1,0.0,84.52
12176,2023-02-06,14,14,195,1,0.2,39.83
12177,2024-06-23,17,6,371,1,0.0,132.1
12178,2024-03-03,15,18,191,2,0.15,368.44
12179,2023-03-12,18,6,173,1,0.0,132.1
12180,2024-05-18,4,14,44,3,0.0,149.37
12181,2024-03-11,10,3,182,1,0.0,84.52
12182,2024-03-17,2,25,180,4,0.0,576.12
12183,2024-11-15,12,22,421,1,0.0,297.41
12184,2024-02-16,7,19,156,1,0.0,132.95
12185,2023-09-12,3,9,258,1,0.0,14.86
12186,2023-02-19,15,24,108,1,0.0,195.36
12187,2024-08-25,5,10,9,2,0.0,285.5
12188,2023-02-03,5,4,179,1,0.0,220.67
12189,2024-06-25,12,3,220,1,0.0,84.52
12190,2023-12-06,7,16,123,1,0.0,99.12
12191,2024-04-25,16,7,247,2,0.0,301.46
12192,2023-09-05,1,1,347,1,0.1,110.15
12193,2023-07-24,4,25,194,2,0.0,288.06
12194,2024-05-22,18,14,247,1,0.0,49.79
12195,2023-04-21,19,21,401,1,0.0,155.14
12196,2023-06-14,14,1,56,1,0.0,122.39
12197,2024-01-16,10,22,281,1,0.0,297.41
12198,2024-05-07,5,2,7,1,0.0,14.78
12199,2023-04-16,5,15,135,1,0.2,49.77
12200,2024-11-12,10,20,173,1,0.0,176.04
12201,2023-11-02,11,22,152,2,0.0,594.82
12202,2024-08-27,2,14,260,1,0.0,49.79
12203,2023-02-07,19,21,301,1,0.0,155.14
12204,2024-07-17,7,19,291,3,0.0,398.85
12205,2024-05-22,13,19,324,1,0.0,132.95
12206,2024-04-14,8,24,267,3,0.0,586.08
12207,2024-06-06,16,5,70,1,0.0,33.68
12208,2023-11-13,7,1,7,2,0.0,244.78
12209,2023-07-27,10,5,128,1,0.0,33.68
12210,2024-06-22,8,3,396,1,0.1,76.07
12211,2024-11-01,19,20,41,2,0.15,299.27
12212,2023-10-26,8,23,161,1,0.0,202.43
12213,2023-06-11,20,10,158,1,0.15,121.34
12214,2024-09-25,8,22,10,1,0.0,297.41
12215,2024-05-18,9,7,55,1,0.0,150.73
12216,2024-03-24,19,15,290,1,0.0,62.21
12217,2024-10-21,14,23,161,1,0.0,202.43
12218,2023-10-05,14,4,387,1,0.0,220.67
12219,2024-02-01,5,12,263,1,0.0,76.5
12220,2024-09-26,16,19,355,1,0.0,132.95
12221,2023-07-19,12,20,52,2,0.0,352.08
12222,2024-06-18,20,4,409,1,0.1,198.6
12223,2024-01-22,6,13,75,2,0.1,344.81
12224,2023-12-25,11,20,324,1,0.0,176.04
12225,2024-02-18,2,6,3,1,0.0,132.1
12226,2023-06-19,5,10,128,2,0.0,285.5
12227,2023-02-08,5,13,115,1,0.15,162.83
12228,2023-10-21,2,22,191,1,0.0,297.41
12229,2024-01-27,15,14,232,1,0.0,49.79
12230,2023-04-15,6,24,185,1,0.0,195.36
12231,2023-03-22,12,14,266,2,0.0,99.58
12232,2024-07-31,2,4,423,1,0.1,198.6
12233,2023-09-26,4,25,473,1,0.0,144.03
12234,2024-06-12,6,20,396,1,0.0,176.04
12235,2024-06-03,1,15,173,2,0.0,124.42
12236,2023-03-13,14,6,207,1,0.0,132.1
12237,2024-03-17,2,14,364,2,0.0,99.58
12238,2024-07-09,4,11,436,1,0.1,9.94
12239,2023-07-04,7,23,297,1,0.0,202.43
12240,2023-05-11,16,24,270,1,0.0,195.36
12241,2024-07-20,10,2,395,1,0.0,14.78
12242,2023-10-10,16,4,326,1,0.0,220.67
12243,2024-09-20,2,10,299,2,0.1,256.95
12244,2024-07-24,13,16,410,2,0.0,198.24
12245,2023-07-18,14,12,43,1,0.0,76.5
12246,2023-12-13,20,23,166,1,0.1,182.19
12247,2024-07-18,10,11,156,2,0.0,22.08
12248,2023-11-05,6,14,410,1,0.15,42.32
12249,2023-09-23,18,25,77,1,0.1,129.63
12250,2023-09-15,18,4,279,2,0.1,397.21
12251,2024-02-07,7,7,371,1,0.0,150.73
12252,2023-03-14,8,11,445,1,0.0,11.04
12253,2024-04-17,8,8,237,1,0.0,176.75
12254,2023-03-20,10,22,188,1,0.0,297.41
12255,2023-02-12,8,6,483,1,0.0,132.1
12256,2023-03-17,4,23,468,1,0.0,202.43
12257,2024-06-29,2,6,357,3,0.2,317.04
12258,2023-06-06,13,12,348,1,0.0,76.5
12259,2024-01-25,19,11,416,1,0.1,9.94
12260,2023-05-05,9,23,404,1,0.0,202.43
12261,2023-05-05,20,2,391,2,0.15,25.13
12262,2023-09-12,19,23,210,2,0.0,404.86
12263,2023-01-07,13,4,44,1,0.15,187.57
12264,2023-01-26,9,14,233,2,0.0,99.58
12265,2023-04-05,17,17,291,3,0.0,347.94
12266,2023-05-08,4,2,418,1,0.15,12.56
12267,2024-08-17,20,11,65,1,0.15,9.38
12268,2023-11-19,13,3,490,3,0.0,253.56
12269,2024-11-04,5,14,455,1,0.15,42.32
12270,2023-11-08,14,13,287,1,0.0,191.56
12271,2024-07-19,7,21,149,1,0.0,155.14
12272,2023-03-06,2,3,113,1,0.0,84.52
12273,2023-09-26,3,13,144,3,0.0,574.68
12274,2023-04-06,7,4,387,1,0.0,220.67
12275,2023-03-13,17,25,54,1,0.0,144.03
12276,2023-04-24,18,20,325,1,0.0,176.04
12277,2023-04-17,10,1,5,2,0.0,244.78
12278,2023-12-17,8,12,81,1,0.15,65.02
12279,2023-11-19,15,17,448,1,0.0,115.98
12280,2024-08-24,1,9,159,1,0.0,14.86
12281,2023-11-16,17,18,185,3,0.0,650.19
12282,2024-02-29,1,16,294,1,0.0,99.12
12283,2023-10-09,2,5,414,2,0.15,57.26
12284,2024-01-31,15,10,52,2,0.15,242.68
12285,2023-10-31,17,10,235,2,0.0,285.5
12286,2024-06-23,7,16,36,1,0.2,79.3
12287,2023-01-23,7,18,54,1,0.0,216.73
12288,2023-09-26,12,12,391,1,0.0,76.5
12289,2024-02-04,9,6,162,1,0.0,132.1
12290,2024-04-30,5,1,485,1,0.15,104.03
12291,2023-06-06,15,12,168,1,0.0,76.5
12292,2024-11-08,20,16,138,1,0.0,99.12
12293,2023-02-25,15,13,372,4,0.0,766.24
12294,2023-10-02,1,19,114,1,0.15,113.01
12295,2023-08-08,15,13,136,1,0.0,191.56
12296,2023-09-22,20,8,322,1,0.0,176.75
12297,2024-08-17,20,24,472,3,0.0,586.08
12298,2024-06-21,15,25,2,1,0.0,144.03
12299,2024-09-10,8,21,127,2,0.2,248.22
12300,2024-09-15,4,13,363,1,0.0,191.56
12301,2023-08-23,13,16,383,1,0.0,99.12
12302,2024-09-21,10,10,46,1,0.0,142.75
12303,2023-07-10,13,9,494,1,0.1,13.37
12304,2023-11-27,13,1,9,1,0.0,122.39
12305,2023-08-18,6,5,219,2,0.0,67.36
12306,2024-04-06,12,23,120,1,0.0,202.43
12307,2023-03-08,18,5,24,2,0.0,67.36
12308,2023-12-23,13,7,124,2,0.1,271.31
12309,2023-03-31,2,25,42,2,0.0,288.06
12310,2023-01-28,18,6,309,1,0.0,132.1
12311,2024-02-20,11,9,152,1,0.0,14.86
12312,2024-02-21,4,7,85,1,0.0,150.73
12313,2023-11-02,13,22,477,2,0.2,475.86
12314,2023-10-23,1,8,32,1,0.0,176.75
12315,2023-10-15,15,25,149,1,0.0,144.03
12316,2024-06-17,13,20,238,1,0.0,176.04
12317,2024-09-05,10,2,449,1,0.0,14.78
12318,2024-07-28,13,21,397,1,0.0,155.14
12319,2024-10-12,19,6,418,1,0.0,132.1
12320,2024-06-15,19,3,140,2,0.1,152.14
12321,2024-06-04,9,25,265,3,0.0,432.09
12322,2023-03-13,15,11,7,1,0.0,11.04
12323,2024-10-27,8,14,208,3,0.0,149.37
12324,2023-04-20,1,10,28,1,0.0,142.75
12325,2024-04-11,15,24,3,1,0.1,175.82
12326,2023-03-15,15,20,249,1,0.0,176.04
12327,2023-08-16,16,20,161,1,0.0,176.04
12328,2024-08-10,10,15,305,1,0.1,55.99
12329,2023-07-22,7,24,418,1,0.0,195.36
12330,2023-02-07,15,10,271,1,0.0,142.75
12331,2023-04-16,4,15,477,1,0.15,52.88
12332,2023-03-17,15,5,55,1,0.0,33.68
12333,2024-08-10,14,18,427,1,0.0,216.73
12334,2023-02-23,2,18,143,1,0.0,216.73
12335,2024-09-22,1,18,88,1,0.0,216.73
12336,2023-04-06,9,18,147,2,0.0,433.46
12337,2023-10-28,3,12,484,1,0.0,76.5
12338,2024-01-01,11,13,435,1,0.0,191.56
12339,2024-08-29,14,13,230,1,0.0,191.56
12340,2023-10-14,8,15,119,1,0.0,62.21
12341,2023-08-27,17,19,156,1,0.0,132.95
12342,2024-11-10,14,14,360,1,0.0,49.79
12343,2023-12-06,8,9,291,2,0.0,29.72
12344,2023-04-22,16,21,398,1,0.0,155.14
12345,2024-11-07,8,6,185,2,0.0,264.2
12346,2023-09-07,1,4,449,1,0.0,220.67
12347,2023-02-26,10,23,317,1,0.0,202.43
12348,2024-12-12,19,4,93,1,0.0,220.67
12349,2024-01-29,13,22,179,1,0.0,297.41
12350,2023-08-08,13,13,368,2,0.0,383.12
12351,2023-04-25,20,1,245,3,0.2,293.74
12352,2024-10-25,15,14,121,1,0.0,49.79
12353,2023-04-17,15,21,111,1,0.1,139.63
12354,2024-08-04,10,20,391,1,0.1,158.44
12355,2024-03-13,5,25,140,1,0.0,144.03
12356,2024-06-02,16,3,368,3,0.15,215.53
12357,2023-06-05,7,7,406,1,0.1,135.66
12358,2024-07-27,12,11,434,1,0.0,11.04
12359,2024-06-22,13,20,440,1,0.1,158.44
12360,2023-12-04,8,19,428,2,0.0,265.9
12361,2024-09-28,5,14,444,2,0.0,99.58
12362,2024-05-05,13,20,284,1,0.0,176.04
12363,2024-04-09,3,24,134,1,0.1,175.82
12364,2024-12-08,9,11,296,1,0.0,11.04
12365,2023-07-25,4,12,459,1,0.0,76.5
12366,2024-05-08,20,25,200,1,0.0,144.03
12367,2024-03-26,2,25,221,2,0.0,288.06
12368,2023-01-07,12,3,187,1,0.0,84.52
12369,2024-07-26,4,11,245,2,0.0,22.08
12370,2023-08-23,11,1,237,2,0.0,244.78
12371,2024-09-14,5,11,61,1,0.0,11.04
12372,2023-05-05,13,20,70,1,0.0,176.04
12373,2023-12-23,19,18,286,1,0.0,216.73
12374,2024-09-19,7,21,479,1,0.0,155.14
12375,2024-01-15,9,1,202,1,0.0,122.39
12376,2023-11-06,19,13,274,2,0.0,383.12
12377,2024-12-11,1,23,53,1,0.0,202.43
12378,2023-10-31,11,3,185,1,0.0,84.52
12379,2024-05-12,1,17,434,1,0.0,115.98
12380,2023-08-25,20,1,368,1,0.0,122.39
12381,2023-09-01,9,22,339,1,0.0,297.41
12382,2023-05-16,16,14,357,1,0.0,49.79
12383,2023-04-12,18,22,203,1,0.0,297.41
12384,2024-02-12,19,20,495,1,0.0,176.04
12385,2023-06-04,12,12,165,2,0.15,130.05
12386,2023-05-10,20,4,427,1,0.0,220.67
12387,2024-10-26,2,13,169,1,0.0,191.56
12388,2023-01-25,20,24,474,1,0.0,195.36
12389,2023-06-27,13,20,28,1,0.15,149.63
12390,2023-01-08,2,11,342,1,0.0,11.04
12391,2023-03-24,4,19,342,3,0.0,398.85
12392,2023-02-26,3,14,419,1,0.0,49.79
12393,2023-12-01,14,16,37,1,0.1,89.21
12394,2024-08-22,15,19,99,2,0.2,212.72
12395,2024-07-29,9,20,404,2,0.0,352.08
12396,2023-09-16,20,10,321,1,0.0,142.75
12397,2024-06-10,3,23,72,1,0.0,202.43
12398,2023-03-31,8,3,1,1,0.2,67.62
12399,2023-02-18,18,19,263,4,0.0,531.8
12400,2023-05-24,7,10,272,1,0.0,142.75
12401,2023-11-07,13,7,427,1,0.0,150.73
12402,2024-08-09,20,12,27,1,0.0,76.5
12403,2024-11-27,18,17,437,1,0.15,98.58
12404,2024-02-19,16,1,66,1,0.0,122.39
12405,2023-07-21,7,18,38,2,0.0,433.46
12406,2023-03-04,9,25,341,1,0.1,129.63
12407,2023-09-26,17,2,64,1,0.0,14.78
12408,2024-05-20,15,17,486,1,0.0,115.98
12409,2024-10-05,8,23,322,1,0.15,172.07
12410,2024-02-27,12,1,497,2,0.0,244.78
12411,2023-11-21,3,10,311,2,0.0,285.5
12412,2023-05-22,5,17,37,2,0.1,208.76
12413,2024-06-27,18,3,70,1,0.0,84.52
12414,2023-05-24,1,11,211,1,0.0,11.04
12415,2023-08-07,3,9,270,1,0.0,14.86
12416,2024-02-12,10,2,63,1,0.0,14.78
12417,2024-05-07,13,22,33,4,0.0,1189.64
12418,2024-10-15,8,25,425,1,0.0,144.03
12419,2023-01-30,5,24,98,2,0.0,390.72
12420,2024-02-28,9,5,392,1,0.0,33.68
12421,2023-04-30,14,12,312,1,0.2,61.2
12422,2023-09-02,14,1,260,3,0.0,367.17
12423,2023-07-13,11,18,468,2,0.1,390.11
12424,2024-10-02,20,21,303,2,0.0,310.28
12425,2023-03-09,14,4,434,1,0.0,220.67
12426,2024-04-18,14,14,141,1,0.0,49.79
12427,2023-01-16,8,5,76,2,0.0,67.36
12428,2023-08-19,19,25,342,1,0.1,129.63
12429,2023-03-11,19,23,376,2,0.0,404.86
12430,2023-08-22,6,24,176,1,0.15,166.06
12431,2023-05-24,18,21,77,2,0.0,310.28
12432,2024-10-12,13,21,413,1,0.0,155.14
12433,2024-04-10,4,6,90,1,0.0,132.1
12434,2024-01-25,20,23,124,2,0.1,364.37
12435,2024-04-17,19,16,134,1,0.0,99.12
12436,2024-09-11,20,13,291,1,0.1,172.4
12437,2023-11-25,6,20,480,1,0.15,149.63
12438,2023-07-10,11,10,95,1,0.0,142.75
12439,2024-09-21,14,12,390,1,0.0,76.5
12440,2023-09-21,9,20,155,1,0.2,140.83
12441,2024-12-01,8,19,411,1,0.0,132.95
12442,2024-10-06,14,19,393,1,0.0,132.95
12443,2024-12-21,14,7,260,1,0.0,150.73
12444,2023-04-26,4,10,39,1,0.0,142.75
12445,2023-11-13,8,8,114,1,0.0,176.75
12446,2023-02-17,14,21,132,1,0.0,155.14
12447,2023-01-25,20,16,363,1,0.0,99.12
12448,2024-06-16,1,7,165,1,0.0,150.73
12449,2024-07-29,16,21,246,4,0.1,558.5
12450,2023-03-29,11,7,163,1,0.0,150.73
12451,2024-12-22,2,8,395,1,0.0,176.75
12452,2024-10-17,13,5,358,1,0.15,28.63
12453,2023-06-20,16,6,272,1,0.0,132.1
12454,2024-05-05,20,16,27,1,0.0,99.12
12455,2023-06-25,12,11,296,2,0.1,19.87
12456,2023-04-11,5,10,9,2,0.1,256.95
12457,2024-12-31,13,13,489,3,0.0,574.68
12458,2023-08-30,15,5,87,1,0.0,33.68
12459,2023-04-30,14,11,92,4,0.0,44.16
12460,2024-02-11,13,8,372,1,0.15,150.24
12461,2023-01-24,7,24,75,2,0.0,390.72
12462,2023-07-14,11,6,261,1,0.0,132.1
12463,2023-11-26,1,11,90,1,0.0,11.04
12464,2024-09-29,11,7,177,1,0.0,150.73
12465,2024-11-04,19,10,488,1,0.0,142.75
12466,2024-05-16,15,5,395,1,0.0,33.68
12467,2023-08-21,15,18,497,1,0.0,216.73
12468,2024-08-07,7,15,309,1,0.0,62.21
12469,2024-01-03,16,3,437,2,0.0,169.04
12470,2024-08-15,11,15,391,1,0.0,62.21
12471,2023-12-21,5,7,131,1,0.0,150.73
12472,2024-04-07,9,25,350,1,0.15,122.43
12473,2023-03-29,3,10,33,3,0.0,428.25
12474,2024-05-05,7,7,201,1,0.0,150.73
12475,2024-04-11,1,5,112,1,0.1,30.31
12476,2024-12-28,5,20,493,3,0.1,475.31
12477,2023-12-21,15,2,442,1,0.0,14.78
12478,2024-03-17,4,2,53,2,0.0,29.56
12479,2023-06-14,12,25,486,1,0.0,144.03
12480,2024-07-22,10,10,374,1,0.2,114.2
12481,2023-06-14,7,4,107,3,0.1,595.81
12482,2023-02-01,1,19,279,1,0.0,132.95
12483,2023-02-13,12,21,204,1,0.0,155.14
12484,2023-09-13,2,24,381,3,0.0,586.08
12485,2024-06-04,5,12,296,1,0.0,76.5
12486,2023-06-20,9,14,327,1,0.0,49.79
12487,2024-07-26,5,20,262,1,0.0,176.04
12488,2024-04-22,8,20,493,2,0.0,352.08
12489,2023-06-25,4,10,21,1,0.0,142.75
12490,2024-04-28,17,8,269,1,0.0,176.75
12491,2023-07-27,3,14,88,2,0.0,99.58
12492,2024-10-13,15,13,118,3,0.0,574.68
12493,2024-03-13,12,1,391,1,0.0,122.39
12494,2023-10-25,18,12,179,1,0.0,76.5
12495,2023-06-02,6,16,2,1,0.0,99.12
12496,2024-04-28,5,22,4,1,0.0,297.41
12497,2023-03-07,20,2,230,3,0.1,39.91
12498,2023-01-24,18,19,152,2,0.0,265.9
12499,2023-05-22,18,4,241,1,0.1,198.6
12500,2023-09-17,3,7,224,1,0.0,150.73
12501,2024-11-29,16,5,314,1,0.0,33.68
12502,2024-12-15,7,22,323,1,0.0,297.41
12503,2024-02-10,11,23,34,1,0.0,202.43
12504,2023-06-10,20,2,375,2,0.0,29.56
12505,2023-12-03,1,6,10,1,0.2,105.68
12506,2024-01-08,3,4,17,1,0.0,220.67
12507,2024-06-09,4,15,317,1,0.2,49.77
12508,2023-11-07,9,5,364,2,0.0,67.36
12509,2023-05-12,5,2,220,1,0.0,14.78
12510,2023-06-27,7,11,354,1,0.0,11.04
12511,2023-02-18,1,6,108,1,0.0,132.1
12512,2024-03-04,1,2,232,1,0.0,14.78
12513,2023-05-18,5,11,124,1,0.0,11.04
12514,2023-11-24,17,1,119,1,0.15,104.03
12515,2023-01-03,7,10,343,1,0.0,142.75
12516,2023-10-06,5,12,450,2,0.0,153.0
12517,2024-10-17,9,6,102,1,0.0,132.1
12518,2024-04-12,11,20,414,4,0.0,704.16
12519,2023-07-29,19,1,59,1,0.0,122.39
12520,2024-03-21,19,10,73,1,0.1,128.48
12521,2024-07-27,1,3,443,1,0.2,67.62
12522,2024-09-12,4,13,447,2,0.0,383.12
12523,2024-03-01,13,7,114,2,0.0,301.46
12524,2023-05-07,14,1,431,3,0.0,367.17
12525,2024-03-12,20,18,198,1,0.0,216.73
12526,2024-07-25,16,16,373,1,0.0,99.12
12527,2024-11-08,7,7,440,1,0.0,150.73
12528,2023-01-02,9,4,192,1,0.0,220.67
12529,2023-10-13,9,15,33,1,0.0,62.21
12530,2023-01-20,13,17,51,1,0.0,115.98
12531,2024-03-22,13,7,136,1,0.0,150.73
12532,2024-08-17,15,4,3,2,0.1,397.21
12533,2023-02-01,18,8,148,1,0.0,176.75
12534,2023-10-25,11,24,283,1,0.0,195.36
12535,2023-01-29,4,16,169,1,0.1,89.21
12536,2024-11-14,10,23,74,2,0.0,404.86
12537,2024-08-17,14,18,426,2,0.0,433.46
12538,2024-12-01,19,13,67,1,0.15,162.83
12539,2023-10-30,4,7,61,1,0.0,150.73
12540,2024-01-03,1,8,163,2,0.0,353.5
12541,2023-01-19,20,16,494,1,0.0,99.12
12542,2024-02-22,20,4,294,3,0.0,662.01
12543,2024-12-23,7,25,63,1,0.1,129.63
12544,2023-12-04,11,3,191,1,0.0,84.52
12545,2023-06-13,8,7,357,1,0.0,150.73
12546,2023-06-16,5,5,339,2,0.0,67.36
12547,2024-07-19,2,18,167,1,0.0,216.73
12548,2024-05-30,18,16,99,1,0.15,84.25
12549,2024-04-11,15,20,326,1,0.0,176.04
12550,2023-11-09,2,1,489,3,0.0,367.17
12551,2024-12-17,10,22,255,2,0.0,594.82
12552,2024-02-19,6,24,481,2,0.0,390.72
12553,2023-12-15,7,2,306,1,0.0,14.78
12554,2024-01-08,2,12,396,3,0.15,195.08
12555,2023-04-20,3,2,60,1,0.0,14.78
12556,2023-12-04,11,5,164,2,0.0,67.36
12557,2024-06-02,14,20,428,1,0.0,176.04
12558,2023-07-05,15,13,229,1,0.0,191.56
12559,2024-12-22,18,23,91,1,0.0,202.43
12560,2024-02-16,2,7,114,2,0.0,301.46
12561,2023-03-26,15,22,142,2,0.0,594.82
12562,2024-06-28,19,25,10,1,0.0,144.03
12563,2023-09-01,1,14,131,1,0.0,49.79
12564,2024-01-03,18,2,457,1,0.2,11.82
12565,2024-06-03,1,7,362,1,0.1,135.66
12566,2024-08-30,16,1,61,1,0.0,122.39
12567,2024-07-10,14,20,35,1,0.1,158.44
12568,2023-11-13,5,7,92,1,0.15,128.12
12569,2024-09-15,8,6,189,2,0.0,264.2
12570,2024-12-23,10,18,339,2,0.0,433.46
12571,2024-01-09,20,3,451,2,0.0,169.04
12572,2023-07-05,2,15,167,1,0.0,62.21
12573,2023-12-28,15,7,165,3,0.1,406.97
12574,2024-03-31,16,11,307,1,0.1,9.94
12575,2024-09-13,3,14,55,1,0.0,49.79
12576,2024-11-15,19,19,409,1,0.0,132.95
12577,2024-07-15,8,1,10,1,0.15,104.03
12578,2024-12-11,15,6,211,1,0.0,132.1
12579,2023-05-27,15,3,448,1,0.1,76.07
12580,2023-09-14,11,2,393,1,0.0,14.78
12581,2024-11-13,1,15,282,1,0.2,49.77
12582,2024-08-06,12,12,496,1,0.0,76.5
12583,2024-06-27,19,24,238,1,0.15,166.06
12584,2023-02-09,4,12,450,1,0.0,76.5
12585,2023-12-23,6,4,93,1,0.0,220.67
12586,2023-04-30,7,3,104,1,0.15,71.84
12587,2024-01-24,17,18,305,1,0.0,216.73
12588,2024-01-20,2,23,4,3,0.0,607.29
12589,2024-06-10,7,13,140,3,0.0,574.68
12590,2024-04-14,14,8,349,1,0.0,176.75
12591,2023-03-14,5,5,344,1,0.0,33.68
12592,2024-06-03,19,21,455,1,0.0,155.14
12593,2024-06-12,19,8,317,2,0.0,353.5
12594,2023-08-21,1,25,352,1,0.0,144.03
12595,2024-05-22,9,17,200,1,0.0,115.98
12596,2023-04-19,4,2,383,1,0.0,14.78
12597,2023-09-10,19,11,310,1,0.0,11.04
12598,2024-10-16,16,12,296,1,0.0,76.5
12599,2024-08-31,5,1,239,1,0.0,122.39
12600,2023-04-18,11,3,357,3,0.0,253.56
12601,2024-02-08,2,2,468,1,0.0,14.78
12602,2023-08-14,7,16,267,1,0.0,99.12
12603,2024-11-24,18,25,452,1,0.0,144.03
12604,2024-06-15,12,21,452,2,0.0,310.28
12605,2023-05-30,17,21,188,1,0.0,155.14
12606,2024-10-20,18,15,441,1,0.0,62.21
12607,2024-09-21,17,20,204,1,0.0,176.04
12608,2024-06-08,4,8,280,1,0.0,176.75
12609,2023-09-22,8,5,497,1,0.1,30.31
12610,2024-08-12,15,8,203,1,0.0,176.75
12611,2024-12-23,19,8,5,1,0.15,150.24
12612,2024-10-22,1,2,241,2,0.0,29.56
12613,2023-08-31,16,19,301,1,0.0,132.95
12614,2023-10-19,20,23,299,1,0.0,202.43
12615,2024-09-18,10,12,401,2,0.0,153.0
12616,2023-10-11,11,8,237,4,0.1,636.3
12617,2024-12-01,9,3,446,1,0.0,84.52
12618,2023-11-28,2,19,232,2,0.0,265.9
12619,2024-02-17,19,22,464,1,0.0,297.41
12620,2023-06-24,14,2,70,2,0.0,29.56
12621,2024-01-30,11,14,146,2,0.0,99.58
12622,2024-10-31,8,4,153,2,0.0,441.34
12623,2024-04-07,12,6,291,1,0.0,132.1
12624,2023-04-22,13,3,16,1,0.0,84.52
12625,2023-09-23,8,22,175,1,0.0,297.41
12626,2024-08-16,17,11,108,1,0.0,11.04
12627,2024-09-17,17,21,169,2,0.0,310.28
12628,2024-10-03,19,19,380,1,0.0,132.95
12629,2023-02-25,15,23,416,1,0.0,202.43
12630,2024-09-12,19,9,495,1,0.0,14.86
12631,2024-03-15,12,18,260,2,0.0,433.46
12632,2023-11-18,8,13,473,1,0.0,191.56
12633,2024-11-19,14,2,341,1,0.0,14.78
12634,2024-07-19,3,21,194,2,0.0,310.28
12635,2024-05-03,17,14,159,1,0.0,49.79
12636,2023-08-12,10,1,347,1,0.1,110.15
12637,2023-02-09,16,14,431,1,0.0,49.79
12638,2024-12-15,4,24,413,1,0.0,195.36
12639,2024-12-04,15,7,491,1,0.0,150.73
12640,2024-02-02,4,21,451,2,0.0,310.28
12641,2024-12-03,7,1,162,2,0.0,244.78
12642,2024-11-21,1,12,252,1,0.0,76.5
12643,2024-06-04,18,4,112,1,0.0,220.67
12644,2024-02-02,19,11,81,1,0.0,11.04
12645,2023-06-02,7,10,102,4,0.0,571.0
12646,2024-12-29,10,1,7,1,0.0,122.39
12647,2023-08-30,7,6,210,1,0.0,132.1
12648,2024-08-18,19,12,310,2,0.0,153.0
12649,2023-12-18,11,10,350,2,0.0,285.5
12650,2023-02-14,6,3,115,1,0.0,84.52
12651,2023-03-31,5,1,477,3,0.0,367.17
12652,2024-11-30,11,13,101,2,0.0,383.12
12653,2023-06-12,15,14,122,2,0.0,99.58
12654,2023-11-18,11,2,415,3,0.0,44.34
12655,2023-05-02,10,22,320,2,0.2,475.86
12656,2024-04-06,5,15,135,2,0.0,124.42
12657,2024-08-31,2,19,97,1,0.0,132.95
12658,2023-05-24,5,20,126,1,0.0,176.04
12659,2023-10-02,16,3,250,1,0.0,84.52
12660,2023-03-18,10,23,218,3,0.0,607.29
12661,2024-09-19,11,16,454,1,0.0,99.12
12662,2023-02-04,19,24,125,2,0.2,312.58
12663,2024-12-12,12,22,356,1,0.0,297.41
12664,2024-04-07,2,16,468,1,0.15,84.25
12665,2023-06-02,2,22,21,1,0.15,252.8
12666,2024-02-25,4,21,241,3,0.0,465.42
12667,2023-09-15,3,9,100,1,0.0,14.86
12668,2024-03-04,10,2,136,1,0.0,14.78
12669,2024-01-05,19,23,141,1,0.0,202.43
12670,2024-04-26,13,12,57,1,0.0,76.5
12671,2023-06-13,4,17,283,1,0.1,104.38
12672,2024-07-31,8,12,475,1,0.0,76.5
12673,2024-11-09,5,17,245,1,0.0,115.98
12674,2024-11-24,1,16,432,1,0.0,99.12
12675,2024-03-04,11,11,16,1,0.0,11.04
12676,2024-03-24,13,4,53,1,0.0,220.67
12677,2023-06-07,6,2,446,2,0.15,25.13
12678,2023-06-03,18,8,333,2,0.15,300.47
12679,2023-08-31,1,11,187,2,0.0,22.08
12680,2024-01-31,10,12,146,1,0.0,76.5
12681,2024-03-05,18,14,356,1,0.0,49.79
12682,2023-12-01,9,14,190,2,0.0,99.58
12683,2024-01-14,11,16,416,2,0.1,178.42
12684,2023-12-15,2,19,65,2,0.0,265.9
12685,2024-02-22,7,11,362,1,0.0,11.04
12686,2023-12-07,16,23,256,2,0.0,404.86
12687,2024-05-13,18,23,311,2,0.0,404.86
12688,2024-11-26,7,13,119,1,0.0,191.56
12689,2024-10-23,5,9,250,3,0.0,44.58
12690,2024-02-24,7,1,296,1,0.0,122.39
12691,2024-09-07,2,7,135,1,0.0,150.73
12692,2024-11-25,2,14,15,1,0.0,49.79
12693,2024-06-16,6,7,356,3,0.0,452.19
12694,2023-09-08,13,6,290,2,0.0,264.2
12695,2024-01-22,5,8,486,2,0.0,353.5
12696,2024-03-10,19,20,9,1,0.0,176.04
12697,2023-07-08,6,21,77,3,0.0,465.42
12698,2023-03-05,19,14,228,2,0.0,99.58
12699,2024-01-19,11,17,347,1,0.0,115.98
12700,2023-01-24,13,8,54,1,0.0,176.75
12701,2024-04-13,20,14,20,1,0.0,49.79
12702,2024-03-18,15,6,13,2,0.0,264.2
12703,2023-03-10,11,19,348,1,0.0,132.95
12704,2023-04-21,6,25,20,2,0.2,230.45
12705,2023-02-27,7,10,300,1,0.0,142.75
12706,2023-08-02,9,25,159,2,0.0,288.06
12707,2024-09-18,2,22,235,1,0.0,297.41
12708,2024-03-22,20,23,244,1,0.0,202.43
12709,2023-06-17,4,3,196,1,0.0,84.52
12710,2023-07-06,3,2,283,1,0.0,14.78
12711,2024-10-26,7,15,352,1,0.1,55.99
12712,2023-09-01,8,3,302,1,0.0,84.52
12713,2024-10-12,3,4,380,2,0.0,441.34
12714,2024-09-02,6,24,296,2,0.0,390.72
12715,2024-01-22,20,9,76,1,0.0,14.86
12716,2023-04-26,1,17,436,1,0.0,115.98
12717,2023-12-16,3,11,82,1,0.0,11.04
12718,2023-06-27,14,11,22,1,0.0,11.04
12719,2023-02-26,18,6,65,2,0.0,264.2
12720,2023-05-29,17,13,120,2,0.0,383.12
12721,2024-10-30,15,8,228,1,0.0,176.75
12722,2023-10-14,6,1,233,1,0.0,122.39
12723,2023-02-25,11,5,147,1,0.0,33.68
12724,2024-09-27,18,25,166,3,0.0,432.09
12725,2024-05-17,18,2,275,2,0.0,29.56
12726,2024-03-31,6,18,457,2,0.0,433.46
12727,2024-07-14,5,9,32,3,0.0,44.58
12728,2024-02-14,7,25,78,2,0.1,259.25
12729,2023-06-12,17,20,426,1,0.0,176.04
12730,2024-12-11,1,9,492,1,0.0,14.86
12731,2023-03-23,6,16,216,1,0.0,99.12
12732,2024-08-13,18,19,28,1,0.0,132.95
12733,2023-10-26,9,17,213,1,0.15,98.58
12734,2024-12-21,17,15,297,2,0.0,124.42
12735,2023-11-09,16,7,210,1,0.0,150.73
12736,2023-01-14,19,18,214,1,0.2,173.38
12737,2024-12-10,14,23,454,1,0.0,202.43
12738,2023-09-29,15,17,80,2,0.0,231.96
12739,2024-12-12,11,20,91,1,0.15,149.63
12740,2024-01-06,15,10,112,1,0.0,142.75
12741,2024-04-08,18,15,239,1,0.0,62.21
12742,2024-12-16,18,16,464,1,0.0,99.12
12743,2024-07-03,9,8,8,1,0.1,159.08
12744,2024-03-28,1,17,415,3,0.0,347.94
12745,2024-12-14,9,3,214,2,0.0,169.04
12746,2023-11-22,15,15,398,1,0.0,62.21
12747,2023-02-24,14,22,45,2,0.0,594.82
12748,2023-05-26,20,2,264,1,0.0,14.78
12749,2024-05-27,20,17,233,1,0.0,115.98
12750,2023-06-06,18,9,157,1,0.0,14.86
12751,2023-06-08,13,17,268,1,0.0,115.98
12752,2023-03-04,20,5,70,1,0.1,30.31
12753,2024-06-08,5,13,458,1,0.0,191.56
12754,2024-02-15,3,17,363,1,0.0,115.98
12755,2024-10-21,13,2,132,1,0.0,14.78
12756,2023-05-03,15,10,14,1,0.0,142.75
12757,2023-01-02,11,9,101,1,0.0,14.86
12758,2024-05-19,3,8,331,3,0.2,424.2
12759,2024-06-12,14,8,18,2,0.0,353.5
12760,2023-12-23,13,17,278,1,0.0,115.98
12761,2024-06-11,1,8,407,1,0.0,176.75
12762,2023-07-26,3,3,354,1,0.0,84.52
12763,2024-10-18,13,14,194,1,0.0,49.79
12764,2023-11-09,19,6,430,1,0.0,132.1
12765,2024-01-12,3,22,74,1,0.1,267.67
12766,2024-04-22,19,22,269,1,0.0,297.41
12767,2023-07-15,4,3,451,1,0.0,84.52
12768,2023-06-28,9,16,69,1,0.0,99.12
12769,2024-07-24,12,14,122,1,0.0,49.79
12770,2024-01-18,9,19,43,1,0.0,132.95
12771,2024-02-13,1,6,44,1,0.0,132.1
12772,2024-08-13,20,17,44,1,0.0,115.98
12773,2024-09-23,18,15,349,1,0.0,62.21
12774,2023-09-25,18,2,11,3,0.0,44.34
12775,2024-06-18,15,12,2,3,0.0,229.5
12776,2024-12-01,17,8,400,1,0.0,176.75
12777,2024-12-02,4,15,188,1,0.0,62.21
12778,2023-06-24,2,14,246,1,0.0,49.79
12779,2024-04-23,4,9,371,1,0.1,13.37
12780,2023-02-26,16,5,424,1,0.0,33.68
12781,2023-10-20,2,5,146,2,0.0,67.36
12782,2023-08-20,8,15,218,1,0.0,62.21
12783,2024-07-15,19,13,191,1,0.0,191.56
12784,2024-03-29,20,3,195,2,0.2,135.23
12785,2024-04-08,5,10,332,1,0.0,142.75
12786,2023-10-28,14,17,43,1,0.0,115.98
12787,2024-11-03,3,6,18,1,0.0,132.1
12788,2024-08-07,1,24,27,1,0.0,195.36
12789,2024-11-23,4,1,255,2,0.0,244.78
12790,2024-07-22,12,18,15,2,0.2,346.77
12791,2023-06-30,1,7,191,1,0.0,150.73
12792,2023-02-19,5,15,179,2,0.1,111.98
12793,2024-11-16,6,12,352,1,0.0,76.5
12794,2024-10-03,8,4,361,1,0.1,198.6
12795,2024-11-30,2,13,42,1,0.2,153.25
12796,2023-01-13,6,8,318,1,0.0,176.75
12797,2024-04-26,12,21,464,1,0.0,155.14
12798,2024-10-01,20,11,243,1,0.0,11.04
12799,2023-10-03,15,19,346,2,0.0,265.9
12800,2024-12-10,11,9,328,4,0.1,53.5
12801,2023-08-24,20,18,217,1,0.0,216.73
12802,2023-11-26,15,20,384,2,0.0,352.08
12803,2023-11-25,6,4,178,1,0.0,220.67
12804,2023-06-04,13,5,340,1,0.0,33.68
12805,2024-11-25,9,10,343,4,0.0,571.0
12806,2024-10-26,6,11,29,2,0.0,22.08
12807,2023-10-16,3,24,208,1,0.0,195.36
12808,2023-10-19,4,17,179,1,0.1,104.38
12809,2023-08-05,15,22,150,1,0.0,297.41
12810,2023-02-10,12,3,48,1,0.0,84.52
12811,2023-07-12,8,10,235,1,0.0,142.75
12812,2024-09-19,8,18,445,1,0.0,216.73
12813,2024-03-30,14,4,408,1,0.2,176.54
12814,2024-02-09,19,10,395,1,0.0,142.75
12815,2024-12-04,13,25,274,1,0.0,144.03
12816,2023-04-28,13,4,393,1,0.0,220.67
12817,2023-01-05,17,11,164,2,0.0,22.08
12818,2023-12-18,3,4,414,1,0.0,220.67
12819,2024-04-13,10,25,307,1,0.0,144.03
12820,2024-11-12,17,13,153,3,0.15,488.48
12821,2024-09-22,13,22,265,1,0.0,297.41
12822,2024-06-05,3,8,141,1,0.2,141.4
12823,2023-10-07,19,22,314,1,0.0,297.41
12824,2023-02-05,17,21,30,1,0.0,155.14
12825,2023-08-05,11,25,258,1,0.0,144.03
12826,2024-02-15,6,16,146,4,0.1,356.83
12827,2023-02-16,12,16,228,1,0.0,99.12
12828,2023-09-19,9,18,170,2,0.2,346.77
12829,2023-01-28,19,18,317,1,0.0,216.73
12830,2024-08-14,18,10,224,2,0.15,242.68
12831,2023-08-03,6,9,133,1,0.0,14.86
12832,2024-01-18,8,12,163,2,0.0,153.0
12833,2023-05-29,15,12,378,1,0.0,76.5
12834,2024-08-28,4,4,50,1,0.15,187.57
12835,2023-04-30,3,5,355,2,0.0,67.36
12836,2023-02-28,17,19,191,1,0.0,132.95
12837,2024-12-10,18,1,129,1,0.0,122.39
12838,2024-02-25,14,25,460,1,0.0,144.03
12839,2024-06-07,20,25,284,1,0.0,144.03
12840,2024-11-15,11,24,306,1,0.15,166.06
12841,2023-08-16,6,21,40,1,0.0,155.14
12842,2023-09-06,12,21,424,1,0.1,139.63
12843,2024-08-13,14,5,61,1,0.15,28.63
12844,2024-05-27,7,21,27,2,0.0,310.28
12845,2024-11-05,7,20,334,1,0.0,176.04
12846,2023-10-09,18,12,5,2,0.0,153.0
12847,2023-02-10,5,21,76,1,0.0,155.14
12848,2024-11-03,9,18,80,1,0.0,216.73
12849,2023-12-21,16,12,340,2,0.0,153.0
12850,2023-05-18,1,15,172,1,0.15,52.88
12851,2023-12-27,6,19,422,1,0.0,132.95
12852,2024-08-11,17,4,446,1,0.0,220.67
12853,2024-05-10,18,20,443,2,0.2,281.66
12854,2023-04-15,20,14,73,2,0.0,99.58
12855,2023-03-07,10,25,241,2,0.2,230.45
12856,2024-11-24,18,20,144,2,0.0,352.08
12857,2024-04-02,10,14,198,1,0.1,44.81
12858,2023-01-06,10,17,90,1,0.0,115.98
12859,2024-08-20,8,17,479,1,0.0,115.98
12860,2024-04-11,4,7,247,2,0.0,301.46
12861,2024-07-14,9,11,350,2,0.0,22.08
12862,2024-04-30,6,19,42,1,0.0,132.95
12863,2023-09-26,14,2,41,1,0.0,14.78
12864,2024-04-14,6,9,256,1,0.0,14.86
12865,2023-12-11,9,25,177,1,0.0,144.03
12866,2023-05-28,20,3,427,2,0.15,143.68
12867,2023-07-05,14,19,229,1,0.2,106.36
12868,2024-03-14,20,22,471,1,0.0,297.41
12869,2024-05-30,17,19,333,1,0.0,132.95
12870,2024-09-25,15,19,302,1,0.0,132.95
12871,2024-07-08,17,19,237,1,0.0,132.95
12872,2024-04-26,11,14,151,1,0.0,49.79
12873,2023-10-13,11,20,263,1,0.0,176.04
12874,2023-09-22,15,9,389,2,0.1,26.75
12875,2023-10-29,3,4,121,1,0.0,220.67
12876,2023-10-12,1,5,60,1,0.0,33.68
12877,2024-09-17,5,18,370,1,0.0,216.73
12878,2024-08-18,7,2,213,2,0.0,29.56
12879,2023-01-04,11,25,493,2,0.0,288.06
12880,2024-09-08,14,16,94,1,0.15,84.25
12881,2024-12-13,3,15,358,1,0.0,62.21
12882,2024-08-18,7,10,129,1,0.0,142.75
12883,2024-01-21,8,14,265,1,0.0,49.79
12884,2024-09-09,1,15,57,2,0.0,124.42
12885,2023-06-06,9,7,431,1,0.0,150.73
12886,2024-06-24,10,19,404,1,0.0,132.95
12887,2023-10-29,16,3,310,1,0.0,84.52
12888,2023-09-06,14,1,369,2,0.0,244.78
12889,2024-11-04,3,21,185,1,0.0,155.14
12890,2024-02-24,18,5,412,1,0.1,30.31
12891,2024-02-16,5,2,362,1,0.0,14.78
12892,2023-05-16,8,4,445,1,0.0,220.67
12893,2023-03-05,15,11,15,1,0.0,11.04
12894,2024-11-04,20,5,130,2,0.0,67.36
12895,2024-06-14,1,14,444,1,0.0,49.79
12896,2023-11-20,4,9,194,3,0.0,44.58
12897,2023-02-05,5,11,362,1,0.0,11.04
12898,2023-05-14,15,24,326,3,0.0,586.08
12899,2023-11-02,7,12,429,2,0.0,153.0
12900,2024-03-26,6,13,414,1,0.0,191.56
12901,2024-10-28,16,7,35,2,0.1,271.31
12902,2024-07-03,14,2,326,1,0.15,12.56
12903,2024-10-26,6,24,146,1,0.0,195.36
12904,2023-11-02,12,23,215,2,0.0,404.86
12905,2023-07-12,3,1,410,1,0.0,122.39
12906,2023-04-18,5,2,321,1,0.1,13.3
12907,2023-03-20,7,4,279,4,0.0,882.68
12908,2024-12-18,6,21,286,1,0.0,155.14
12909,2024-05-14,18,7,389,1,0.1,135.66
12910,2023-02-18,13,21,214,1,0.0,155.14
12911,2023-03-21,11,19,357,1,0.0,132.95
12912,2023-11-28,17,10,170,2,0.0,285.5
12913,2024-06-09,13,20,193,1,0.0,176.04
12914,2023-08-26,12,11,222,1,0.0,11.04
12915,2023-11-30,10,14,41,1,0.0,49.79
12916,2024-06-19,1,5,85,1,0.0,33.68
12917,2024-10-05,18,23,349,2,0.0,404.86
12918,2024-06-18,6,22,174,1,0.0,297.41
12919,2023-05-23,3,9,481,1,0.1,13.37
12920,2023-06-25,17,14,361,1,0.0,49.79
12921,2024-07-07,13,24,222,1,0.0,195.36
12922,2024-08-21,2,22,467,1,0.0,297.41
12923,2023-11-20,20,10,140,4,0.0,571.0
12924,2024-02-04,19,11,473,1,0.0,11.04
12925,2024-09-12,17,22,390,3,0.0,892.23
12926,2023-11-17,6,23,355,2,0.1,364.37
12927,2024-06-29,10,9,230,1,0.0,14.86
12928,2023-02-06,11,16,79,1,0.1,89.21
12929,2023-02-15,8,19,41,2,0.0,265.9
12930,2024-11-22,6,24,418,1,0.0,195.36
12931,2024-09-23,18,23,285,1,0.0,202.43
12932,2024-04-16,3,6,406,1,0.0,132.1
12933,2023-06-21,7,5,382,1,0.0,33.68
12934,2023-06-13,1,25,107,3,0.0,432.09
12935,2024-03-18,13,22,268,2,0.0,594.82
12936,2024-03-22,10,16,65,1,0.0,99.12
12937,2024-03-29,16,1,280,2,0.0,244.78
12938,2024-02-03,5,8,219,2,0.0,353.5
12939,2024-07-08,11,4,96,1,0.0,220.67
12940,2024-04-27,5,18,271,1,0.0,216.73
12941,2024-04-18,13,15,15,1,0.0,62.21
12942,2023-09-07,5,10,4,1,0.0,142.75
12943,2024-06-01,16,10,230,2,0.15,242.68
12944,2024-07-28,8,7,426,2,0.1,271.31
12945,2023-10-03,15,17,497,1,0.0,115.98
12946,2023-03-23,1,2,209,1,0.0,14.78
12947,2023-07-06,18,11,117,2,0.0,22.08
12948,2023-08-16,9,10,327,1,0.0,142.75
12949,2024-10-10,12,10,417,1,0.1,128.48
12950,2024-10-13,12,6,246,1,0.0,132.1
12951,2023-09-06,11,1,457,1,0.0,122.39
12952,2024-03-11,6,15,99,2,0.0,124.42
12953,2024-10-27,5,25,440,1,0.0,144.03
12954,2024-04-08,16,21,330,3,0.0,465.42
12955,2024-12-31,2,6,131,2,0.0,264.2
12956,2023-12-17,12,9,362,1,0.1,13.37
12957,2024-08-21,16,19,112,1,0.2,106.36
12958,2023-03-04,5,9,398,1,0.0,14.86
12959,2024-04-18,8,12,382,1,0.1,68.85
12960,2024-10-13,5,4,88,1,0.0,220.67
12961,2024-07-17,12,18,418,1,0.0,216.73
12962,2024-04-03,1,11,160,1,0.0,11.04
12963,2024-12-09,2,19,391,1,0.0,132.95
12964,2023-06-06,11,23,176,1,0.0,202.43
12965,2023-12-14,17,1,310,1,0.0,122.39
12966,2024-12-18,19,16,408,2,0.0,198.24
12967,2024-04-05,15,13,333,2,0.0,383.12
12968,2023-02-09,10,18,54,2,0.0,433.46
12969,2023-04-17,14,17,245,1,0.0,115.98
12970,2024-07-25,18,21,438,2,0.0,310.28
12971,2023-03-12,12,3,404,2,0.0,169.04
12972,2024-08-20,14,15,327,1,0.0,62.21
12973,2023-10-20,13,8,446,1,0.0,176.75
12974,2024-10-22,15,14,120,1,0.0,49.79
12975,2024-06-24,13,8,431,1,0.0,176.75
12976,2023-12-01,10,24,494,2,0.1,351.65
12977,2023-10-13,17,22,344,1,0.0,297.41
12978,2023-09-28,14,13,256,1,0.0,191.56
12979,2023-08-22,7,12,96,3,0.0,229.5
12980,2024-12-28,3,5,494,1,0.0,33.68
12981,2024-12-18,20,19,170,1,0.1,119.65
12982,2023-12-27,15,17,15,3,0.1,313.15
12983,2023-01-11,14,12,457,4,0.15,260.1
12984,2023-06-15,8,16,347,1,0.0,99.12
12985,2024-09-21,9,24,482,2,0.0,390.72
12986,2023-11-17,19,14,347,1,0.0,49.79
12987,2023-10-13,6,23,216,1,0.0,202.43
12988,2023-10-09,2,15,250,1,0.0,62.21
12989,2024-02-27,1,10,326,1,0.0,142.75
12990,2024-07-22,20,11,166,1,0.0,11.04
12991,2023-07-31,2,20,44,1,0.0,176.04
12992,2023-05-12,2,5,116,1,0.0,33.68
12993,2023-09-08,19,2,262,1,0.0,14.78
12994,2023-01-30,4,22,124,1,0.0,297.41
12995,2024-05-31,16,16,47,1,0.0,99.12
12996,2024-01-20,5,3,279,2,0.0,169.04
12997,2023-08-18,8,9,183,1,0.15,12.63
12998,2024-03-10,18,24,320,1,0.0,195.36
12999,2023-02-24,11,17,457,1,0.0,115.98
13000,2024-07-15,3,24,20,1,0.0,195.36
13001,2024-07-07,1,16,485,1,0.2,79.3
13002,2023-04-30,12,16,420,1,0.0,99.12
13003,2023-08-12,7,9,235,1,0.0,14.86
13004,2023-10-14,7,19,167,1,0.0,132.95
13005,2024-02-18,15,2,11,1,0.0,14.78
13006,2023-05-13,15,15,252,1,0.0,62.21
13007,2023-06-19,17,11,393,3,0.1,29.81
13008,2024-04-16,3,3,164,1,0.0,84.52
13009,2024-01-26,12,5,312,1,0.0,33.68
13010,2024-03-17,20,23,189,1,0.2,161.94
13011,2024-04-18,19,3,342,4,0.1,304.27
13012,2023-10-30,12,17,492,1,0.0,115.98
13013,2024-05-21,11,2,291,1,0.0,14.78
13014,2023-12-18,12,12,500,1,0.1,68.85
13015,2024-01-12,1,3,457,1,0.0,84.52
13016,2023-12-21,8,3,353,3,0.0,253.56
13017,2024-10-06,13,16,69,1,0.0,99.12
13018,2024-07-30,3,18,227,1,0.0,216.73
13019,2023-04-28,10,9,264,1,0.0,14.86
13020,2024-01-09,10,2,460,2,0.0,29.56
13021,2023-03-18,18,8,115,1,0.0,176.75
13022,2024-10-01,12,7,483,2,0.0,301.46
13023,2023-06-14,11,5,68,2,0.0,67.36
13024,2024-11-09,5,13,415,2,0.2,306.5
13025,2023-03-05,15,1,458,2,0.0,244.78
13026,2024-11-15,17,3,84,1,0.2,67.62
13027,2023-03-18,13,15,333,1,0.1,55.99
13028,2023-11-03,20,10,323,1,0.0,142.75
13029,2024-12-10,12,6,252,1,0.0,132.1
13030,2023-10-30,10,2,164,3,0.0,44.34
13031,2023-06-02,2,1,412,1,0.1,110.15
13032,2023-07-29,2,12,405,1,0.15,65.02
13033,2024-11-21,13,10,392,1,0.15,121.34
13034,2024-09-29,9,18,238,1,0.0,216.73
13035,2023-07-27,1,13,263,1,0.0,191.56
13036,2024-07-14,5,22,154,1,0.0,297.41
13037,2023-02-28,7,4,422,1,0.1,198.6
13038,2024-01-07,8,2,89,1,0.0,14.78
13039,2023-04-04,6,20,378,2,0.0,352.08
13040,2023-10-19,10,4,5,1,0.0,220.67
13041,2024-12-07,14,12,120,1,0.0,76.5
13042,2023-10-24,1,21,295,3,0.0,465.42
13043,2023-09-14,3,5,91,1,0.0,33.68
13044,2023-04-01,18,4,462,1,0.0,220.67
13045,2023-02-09,12,23,368,1,0.0,202.43
13046,2024-11-16,19,3,163,1,0.0,84.52
13047,2024-08-19,19,24,32,1,0.0,195.36
13048,2024-12-27,16,21,312,2,0.0,310.28
13049,2023-09-16,3,5,70,2,0.0,67.36
13050,2024-11-05,11,8,155,1,0.0,176.75
13051,2024-02-21,1,9,45,1,0.2,11.89
13052,2024-07-20,20,21,45,1,0.0,155.14
13053,2023-04-27,7,12,410,1,0.0,76.5
13054,2023-11-06,8,1,135,1,0.0,122.39
13055,2024-05-29,12,20,243,1,0.0,176.04
13056,2023-03-12,7,15,110,1,0.0,62.21
13057,2024-09-07,20,1,222,4,0.0,489.56
13058,2024-12-15,14,15,280,3,0.0,186.63
13059,2024-03-01,3,15,96,1,0.0,62.21
13060,2024-05-20,8,17,149,1,0.0,115.98
13061,2023-05-12,4,15,394,2,0.0,124.42
13062,2023-04-30,5,8,14,1,0.0,176.75
13063,2023-06-19,20,8,45,1,0.0,176.75
13064,2024-12-13,17,21,43,3,0.0,465.42
13065,2023-08-18,2,25,48,1,0.0,144.03
13066,2023-10-24,19,7,440,1,0.0,150.73
13067,2023-11-09,6,25,317,1,0.0,144.03
13068,2024-06-22,20,6,26,1,0.2,105.68
13069,2024-07-23,18,1,331,1,0.1,110.15
13070,2024-06-24,3,13,297,2,0.0,383.12
13071,2024-01-24,14,19,155,1,0.0,132.95
13072,2024-01-05,6,25,97,1,0.0,144.03
13073,2023-04-30,19,10,56,1,0.0,142.75
13074,2024-11-23,19,22,19,2,0.2,475.86
13075,2024-06-09,5,2,36,1,0.0,14.78
13076,2024-11-11,13,24,494,1,0.15,166.06
13077,2024-07-29,7,14,49,3,0.0,149.37
13078,2024-03-28,5,17,120,1,0.0,115.98
13079,2024-03-17,13,11,251,1,0.0,11.04
13080,2023-02-25,10,7,499,1,0.0,150.73
13081,2024-12-29,3,17,467,1,0.0,115.98
13082,2024-05-10,3,5,6,1,0.0,33.68
13083,2024-11-18,19,22,48,1,0.15,252.8
13084,2024-09-25,4,24,455,1,0.1,175.82
13085,2024-06-02,16,17,149,1,0.0,115.98
13086,2023-02-06,11,9,417,1,0.0,14.86
13087,2023-01-31,4,7,123,1,0.0,150.73
13088,2023-07-30,6,1,12,1,0.1,110.15
13089,2023-09-12,9,7,488,4,0.0,602.92
13090,2023-09-27,19,17,189,2,0.0,231.96
13091,2024-03-16,1,6,491,1,0.0,132.1
13092,2024-05-19,3,21,132,1,0.0,155.14
13093,2024-06-15,16,16,395,3,0.0,297.36
13094,2024-02-05,12,6,30,1,0.0,132.1
13095,2024-05-22,15,12,178,1,0.0,76.5
13096,2024-12-23,15,1,78,1,0.2,97.91
13097,2023-08-20,3,10,423,2,0.15,242.68
13098,2024-01-22,7,18,61,1,0.15,184.22
13099,2024-02-08,1,2,428,1,0.1,13.3
13100,2023-07-20,16,13,492,2,0.0,383.12
13101,2024-10-19,17,5,373,1,0.0,33.68
13102,2023-03-20,3,13,334,1,0.0,191.56
13103,2024-11-18,2,16,162,2,0.0,198.24
13104,2024-12-07,1,22,489,3,0.15,758.4
13105,2023-07-12,19,11,314,1,0.1,9.94
13106,2024-01-24,7,18,31,2,0.0,433.46
13107,2024-03-10,13,24,446,2,0.0,390.72
13108,2024-04-17,1,22,7,3,0.0,892.23
13109,2023-12-20,9,16,207,1,0.0,99.12
13110,2024-09-03,13,16,204,3,0.1,267.62
13111,2024-12-03,5,17,393,1,0.0,115.98
13112,2023-09-11,7,18,354,3,0.0,650.19
13113,2024-04-17,2,22,15,2,0.0,594.82
13114,2024-05-19,4,3,381,1,0.0,84.52
13115,2024-11-27,1,13,401,1,0.0,191.56
13116,2023-01-28,19,8,254,2,0.0,353.5
13117,2023-03-09,9,3,336,1,0.15,71.84
13118,2023-02-19,18,22,216,1,0.0,297.41
13119,2023-07-22,8,16,94,1,0.0,99.12
13120,2023-08-10,10,2,111,1,0.0,14.78
13121,2023-02-01,13,1,173,1,0.1,110.15
13122,2024-07-01,16,11,151,3,0.0,33.12
13123,2023-10-20,18,14,356,1,0.0,49.79
13124,2024-06-22,18,10,99,1,0.0,142.75
13125,2024-09-30,6,23,125,1,0.0,202.43
13126,2024-04-24,11,20,308,2,0.0,352.08
13127,2023-01-06,19,23,253,1,0.0,202.43
13128,2023-07-10,5,6,269,1,0.0,132.1
13129,2023-11-29,5,7,352,1,0.0,150.73
13130,2024-01-18,18,1,485,2,0.15,208.06
13131,2023-12-12,12,3,162,1,0.0,84.52
13132,2023-04-26,7,9,318,1,0.0,14.86
13133,2023-04-28,19,10,489,1,0.0,142.75
13134,2024-03-06,1,16,494,1,0.0,99.12
13135,2023-08-08,10,18,266,1,0.0,216.73
13136,2023-06-19,8,14,220,1,0.0,49.79
13137,2024-05-22,18,3,288,2,0.0,169.04
13138,2023-07-31,18,12,364,1,0.0,76.5
13139,2024-05-15,7,23,203,3,0.0,607.29
13140,2024-07-30,7,15,75,3,0.2,149.3
13141,2023-09-04,18,1,9,2,0.0,244.78
13142,2023-02-03,9,24,356,1,0.1,175.82
13143,2023-08-30,14,2,131,2,0.0,29.56
13144,2024-03-25,12,2,266,1,0.0,14.78
13145,2023-11-15,9,23,265,2,0.15,344.13
13146,2024-03-17,16,6,484,1,0.15,112.28
13147,2024-12-13,8,4,252,2,0.0,441.34
13148,2023-04-01,5,12,20,1,0.0,76.5
13149,2024-02-14,8,13,55,1,0.0,191.56
13150,2024-04-13,11,14,177,1,0.1,44.81
13151,2023-06-22,19,22,227,1,0.0,297.41
13152,2024-05-07,13,4,20,2,0.0,441.34
13153,2023-05-05,9,24,184,1,0.1,175.82
13154,2024-06-09,10,1,3,1,0.0,122.39
13155,2024-06-09,4,16,57,1,0.0,99.12
13156,2023-10-03,9,15,410,2,0.0,124.42
13157,2023-03-23,12,16,225,2,0.0,198.24
13158,2023-07-02,18,3,58,1,0.0,84.52
13159,2024-12-07,13,25,457,1,0.0,144.03
13160,2023-03-12,3,23,213,1,0.0,202.43
13161,2024-07-05,13,16,61,1,0.0,99.12
13162,2023-04-15,10,25,198,1,0.0,144.03
13163,2023-02-01,7,6,450,2,0.1,237.78
13164,2024-01-20,3,13,46,1,0.1,172.4
13165,2024-06-12,20,13,86,1,0.0,191.56
13166,2024-02-14,1,6,401,1,0.0,132.1
13167,2023-12-23,9,3,195,2,0.0,169.04
13168,2023-12-26,6,10,380,1,0.0,142.75
13169,2024-02-12,17,25,497,1,0.0,144.03
13170,2023-09-10,13,8,260,1,0.0,176.75
13171,2023-09-19,8,3,256,1,0.0,84.52
13172,2024-04-07,3,19,137,1,0.0,132.95
13173,2023-01-28,7,8,149,2,0.0,353.5
13174,2024-11-22,11,7,144,1,0.0,150.73
13175,2023-12-13,12,16,346,2,0.0,198.24
13176,2024-02-25,14,10,15,1,0.0,142.75
13177,2023-01-10,8,20,4,4,0.0,704.16
13178,2023-03-30,3,17,308,1,0.15,98.58
13179,2024-02-28,5,21,78,1,0.0,155.14
13180,2024-05-23,5,7,490,1,0.0,150.73
13181,2023-08-14,17,17,193,1,0.0,115.98
13182,2024-08-24,16,4,465,2,0.0,441.34
13183,2023-10-01,5,14,354,1,0.0,49.79
13184,2023-04-12,15,6,381,3,0.0,396.3
13185,2023-08-01,13,12,409,2,0.0,153.0
13186,2024-06-27,8,21,274,1,0.0,155.14
13187,2024-01-12,2,19,483,2,0.0,265.9
13188,2024-08-17,11,13,429,1,0.0,191.56
13189,2024-11-26,1,20,405,1,0.0,176.04
13190,2024-08-22,7,4,133,1,0.0,220.67
13191,2023-01-31,20,7,294,1,0.0,150.73
13192,2023-03-29,14,15,350,1,0.0,62.21
13193,2024-01-05,2,1,279,2,0.0,244.78
13194,2023-04-27,3,16,97,3,0.0,297.36
13195,2024-02-26,9,6,439,2,0.0,264.2
13196,2023-01-20,8,8,141,2,0.0,353.5
13197,2024-06-24,9,25,288,1,0.0,144.03
13198,2023-10-06,7,4,447,1,0.0,220.67
13199,2024-04-30,15,17,18,2,0.0,231.96
13200,2023-01-16,14,2,89,2,0.0,29.56
13201,2024-05-13,19,4,170,1,0.0,220.67
13202,2024-12-30,11,21,449,1,0.0,155.14
13203,2024-12-26,6,14,305,3,0.0,149.37
13204,2023-12-20,13,17,220,1,0.0,115.98
13205,2024-08-12,11,13,151,1,0.0,191.56
13206,2023-05-22,3,10,380,1,0.0,142.75
13207,2024-12-14,12,8,433,1,0.0,176.75
13208,2024-03-21,5,8,244,1,0.0,176.75
13209,2023-12-01,1,20,58,3,0.0,528.12
13210,2024-02-29,3,9,332,2,0.0,29.72
13211,2024-04-02,7,5,139,1,0.15,28.63
13212,2023-11-10,10,23,357,1,0.1,182.19
13213,2023-11-23,8,18,161,2,0.0,433.46
13214,2024-11-14,7,8,283,1,0.0,176.75
13215,2023-08-22,6,24,217,1,0.2,156.29
13216,2023-10-13,17,15,311,1,0.0,62.21
13217,2024-05-13,3,24,352,1,0.0,195.36
13218,2024-11-30,2,3,47,1,0.0,84.52
13219,2024-03-31,1,5,239,1,0.0,33.68
13220,2024-07-23,4,25,65,1,0.0,144.03
13221,2024-11-30,10,7,326,2,0.0,301.46
13222,2024-11-13,3,14,378,1,0.0,49.79
13223,2023-09-03,2,1,439,2,0.1,220.3
13224,2023-10-05,19,18,155,1,0.2,173.38
13225,2024-07-26,10,11,47,1,0.0,11.04
13226,2024-12-16,10,20,89,1,0.1,158.44
13227,2024-10-02,8,15,161,4,0.0,248.84
13228,2024-12-05,18,1,104,1,0.1,110.15
13229,2024-10-17,7,12,248,2,0.0,153.0
13230,2023-06-23,18,21,415,1,0.0,155.14
13231,2024-04-28,12,16,441,1,0.0,99.12
13232,2024-02-20,16,20,294,1,0.0,176.04
13233,2024-07-22,4,21,338,1,0.0,155.14
13234,2023-08-02,2,21,471,1,0.15,131.87
13235,2023-05-22,14,9,454,2,0.0,29.72
13236,2023-11-21,15,1,487,1,0.0,122.39
13237,2024-12-29,3,11,175,2,0.0,22.08
13238,2024-06-14,18,11,67,2,0.15,18.77
13239,2023-03-08,17,9,444,1,0.0,14.86
13240,2024-04-24,2,1,346,1,0.0,122.39
13241,2024-06-18,20,7,143,3,0.0,452.19
13242,2023-03-16,1,13,250,2,0.0,383.12
13243,2024-08-13,4,17,60,1,0.0,115.98
13244,2024-03-02,4,22,39,1,0.0,297.41
13245,2023-11-04,9,1,131,2,0.0,244.78
13246,2024-01-26,3,1,496,1,0.0,122.39
13247,2023-04-16,19,20,439,3,0.0,528.12
13248,2024-05-31,8,1,31,1,0.0,122.39
13249,2024-08-13,15,2,186,1,0.0,14.78
13250,2023-11-25,10,21,448,1,0.0,155.14
13251,2024-05-16,7,10,492,1,0.0,142.75
13252,2024-11-17,18,9,440,1,0.2,11.89
13253,2024-10-29,11,5,497,1,0.0,33.68
13254,2024-12-16,16,25,497,2,0.0,288.06
13255,2023-10-27,18,15,346,2,0.1,111.98
13256,2024-05-22,15,24,3,1,0.0,195.36
13257,2023-02-27,16,21,287,1,0.0,155.14
13258,2024-07-27,4,11,324,4,0.0,44.16
13259,2023-05-31,11,9,125,2,0.15,25.26
13260,2023-06-26,11,17,477,2,0.0,231.96
13261,2023-04-08,6,19,45,1,0.0,132.95
13262,2024-10-27,18,6,425,1,0.0,132.1
13263,2023-02-01,18,18,497,1,0.0,216.73
13264,2023-06-17,6,2,208,2,0.0,29.56
13265,2024-05-09,19,24,498,2,0.15,332.11
13266,2024-08-22,2,18,315,1,0.0,216.73
13267,2024-02-23,13,1,211,1,0.0,122.39
13268,2023-01-20,5,25,278,2,0.1,259.25
13269,2024-03-16,12,17,467,1,0.15,98.58
13270,2023-07-28,18,1,111,1,0.0,122.39
13271,2024-08-07,12,7,236,1,0.0,150.73
13272,2023-03-06,14,16,158,1,0.0,99.12
13273,2024-02-17,17,7,69,1,0.1,135.66
13274,2023-04-22,1,14,425,1,0.0,49.79
13275,2023-01-15,7,1,350,1,0.0,122.39
13276,2024-04-28,1,15,426,1,0.0,62.21
13277,2024-08-30,1,24,229,1,0.0,195.36
13278,2023-02-17,8,21,250,1,0.0,155.14
13279,2024-06-16,2,19,271,1,0.15,113.01
13280,2024-10-08,17,9,385,4,0.0,59.44
13281,2024-03-02,14,13,385,1,0.0,191.56
13282,2024-08-16,8,24,85,1,0.0,195.36
13283,2023-02-07,16,4,410,1,0.1,198.6
13284,2024-12-17,8,7,140,1,0.0,150.73
13285,2024-05-31,9,22,305,2,0.15,505.6
13286,2023-06-08,14,11,252,2,0.0,22.08
13287,2023-11-08,14,9,479,1,0.0,14.86
13288,2024-12-14,12,7,31,1,0.1,135.66
13289,2024-05-01,10,21,345,1,0.0,155.14
13290,2023-10-03,11,17,203,1,0.0,115.98
13291,2023-11-21,14,23,242,1,0.0,202.43
13292,2024-02-09,12,9,347,1,0.0,14.86
13293,2023-10-10,3,11,396,1,0.0,11.04
13294,2024-09-04,17,16,83,1,0.0,99.12
13295,2024-05-29,4,9,229,1,0.0,14.86
13296,2024-08-23,9,9,256,1,0.1,13.37
13297,2024-05-03,19,3,180,1,0.0,84.52
13298,2023-01-04,2,8,100,1,0.0,176.75
13299,2023-11-05,5,18,32,2,0.0,433.46
13300,2023-07-10,14,20,500,3,0.2,422.5
13301,2023-07-03,13,13,314,1,0.0,191.56
13302,2023-08-20,2,8,111,1,0.0,176.75
13303,2023-05-09,13,18,340,1,0.0,216.73
13304,2023-09-19,12,10,88,1,0.15,121.34
13305,2024-01-16,15,14,115,2,0.0,99.58
13306,2023-09-05,1,21,314,2,0.15,263.74
13307,2023-02-03,15,18,386,2,0.0,433.46
13308,2023-09-22,2,13,376,2,0.0,383.12
13309,2024-01-26,8,7,172,1,0.0,150.73
13310,2023-03-30,14,17,264,1,0.0,115.98
13311,2023-12-05,9,10,239,1,0.0,142.75
13312,2024-02-14,16,7,189,1,0.0,150.73
13313,2023-05-06,5,20,176,1,0.1,158.44
13314,2024-12-26,16,9,390,1,0.0,14.86
13315,2024-10-10,19,19,304,3,0.0,398.85
13316,2023-01-26,2,24,369,1,0.0,195.36
13317,2024-01-02,7,23,205,1,0.0,202.43
13318,2024-02-22,20,12,477,1,0.0,76.5
13319,2023-08-02,7,24,70,1,0.0,195.36
13320,2024-05-19,14,18,119,1,0.0,216.73
13321,2023-08-11,9,10,67,1,0.0,142.75
13322,2023-06-03,18,10,484,2,0.0,285.5
13323,2023-12-30,6,15,396,1,0.0,62.21
13324,2024-06-16,8,17,239,2,0.0,231.96
13325,2023-05-24,8,23,255,1,0.0,202.43
13326,2024-11-11,19,14,107,2,0.1,89.62
13327,2023-04-15,2,18,120,2,0.0,433.46
13328,2023-08-23,16,14,423,1,0.0,49.79
13329,2024-12-16,2,3,4,1,0.0,84.52
13330,2024-07-10,19,20,160,1,0.0,176.04
13331,2023-05-26,7,23,129,1,0.1,182.19
13332,2023-02-04,7,14,381,1,0.0,49.79
13333,2024-04-01,1,20,137,1,0.0,176.04
13334,2023-07-22,7,12,120,2,0.0,153.0
13335,2023-07-21,4,23,324,1,0.0,202.43
13336,2024-10-03,18,4,455,1,0.0,220.67
13337,2024-06-10,7,12,274,2,0.1,137.7
13338,2023-10-15,12,24,205,1,0.0,195.36
13339,2024-10-11,3,7,66,1,0.1,135.66
13340,2024-01-04,16,16,457,1,0.0,99.12
13341,2024-07-14,1,16,138,1,0.0,99.12
13342,2024-04-20,8,14,226,1,0.0,49.79
13343,2023-04-14,19,8,269,1,0.0,176.75
13344,2024-12-28,12,16,386,1,0.0,99.12
13345,2024-12-04,16,7,487,2,0.0,301.46
13346,2024-03-07,19,9,338,2,0.0,29.72
13347,2024-01-30,18,18,9,2,0.0,433.46
13348,2024-10-30,13,22,152,1,0.1,267.67
13349,2024-01-14,12,7,158,1,0.0,150.73
13350,2023-11-06,5,23,50,1,0.0,202.43
13351,2024-01-12,16,25,341,2,0.15,244.85
13352,2024-12-14,8,10,238,2,0.0,285.5
13353,2024-09-27,6,20,223,3,0.15,448.9
13354,2023-10-24,1,16,166,2,0.15,168.5
13355,2023-07-31,5,12,323,3,0.0,229.5
13356,2024-04-06,7,3,332,2,0.0,169.04
13357,2024-09-08,14,4,268,1,0.0,220.67
13358,2024-06-26,12,2,316,1,0.0,14.78
13359,2023-07-29,9,12,372,1,0.0,76.5
13360,2023-05-16,17,14,285,1,0.0,49.79
13361,2023-08-07,19,7,20,3,0.2,361.75
13362,2023-08-15,20,17,234,1,0.15,98.58
13363,2024-09-20,20,6,240,1,0.0,132.1
13364,2024-11-24,7,21,347,1,0.0,155.14
13365,2023-08-05,3,19,356,2,0.0,265.9
13366,2024-01-17,1,9,122,4,0.0,59.44
13367,2023-06-18,4,10,305,1,0.0,142.75
13368,2024-06-06,12,9,388,2,0.0,29.72
13369,2024-08-18,14,21,494,1,0.0,155.14
13370,2023-12-20,3,24,349,1,0.0,195.36
13371,2024-12-02,5,3,170,1,0.1,76.07
13372,2023-01-12,13,13,224,1,0.0,191.56
13373,2024-03-20,17,5,208,1,0.0,33.68
13374,2024-10-15,2,13,207,1,0.0,191.56
13375,2024-10-23,15,13,115,1,0.1,172.4
13376,2023-11-01,16,14,48,1,0.0,49.79
13377,2023-11-01,19,22,348,1,0.0,297.41
13378,2024-06-28,14,3,127,2,0.0,169.04
13379,2023-05-26,18,12,299,1,0.0,76.5
13380,2024-01-02,20,5,46,1,0.0,33.68
13381,2023-01-01,8,20,271,2,0.0,352.08
13382,2023-12-05,16,15,196,1,0.0,62.21
13383,2023-06-22,5,3,53,1,0.0,84.52
13384,2023-11-25,13,8,124,1,0.0,176.75
13385,2024-11-24,7,20,294,1,0.0,176.04
13386,2024-11-23,8,2,306,2,0.0,29.56
13387,2024-09-10,9,12,315,1,0.0,76.5
13388,2023-12-11,10,13,4,1,0.2,153.25
13389,2023-07-25,18,13,289,2,0.0,383.12
13390,2023-12-24,10,15,213,1,0.0,62.21
13391,2024-01-06,14,3,399,2,0.0,169.04
13392,2024-11-09,7,20,39,1,0.0,176.04
13393,2024-04-26,2,9,263,2,0.0,29.72
13394,2024-05-17,7,22,17,2,0.0,594.82
13395,2023-02-24,5,4,379,1,0.0,220.67
13396,2023-04-04,1,4,340,2,0.0,441.34
13397,2023-05-30,15,23,482,2,0.0,404.86
13398,2023-07-28,13,24,344,3,0.1,527.47
13399,2024-01-21,8,20,350,1,0.0,176.04
13400,2023-06-21,12,11,377,2,0.0,22.08
13401,2024-02-04,15,10,105,1,0.0,142.75
13402,2024-12-22,6,24,485,2,0.0,390.72
13403,2023-07-29,10,4,471,3,0.0,662.01
13404,2024-06-01,15,7,138,1,0.1,135.66
13405,2024-07-31,7,11,307,4,0.0,44.16
13406,2023-03-08,14,10,342,2,0.0,285.5
13407,2024-02-05,1,3,409,2,0.0,169.04
13408,2023-04-09,19,17,64,3,0.0,347.94
13409,2023-02-04,20,10,6,1,0.0,142.75
13410,2023-11-06,14,4,203,2,0.0,441.34
13411,2023-01-24,15,4,107,2,0.15,375.14
13412,2023-06-07,14,20,159,1,0.0,176.04
13413,2023-11-08,15,16,397,1,0.0,99.12
13414,2024-07-25,19,10,322,1,0.0,142.75
13415,2024-12-16,17,19,183,2,0.0,265.9
13416,2024-09-20,12,1,323,1,0.0,122.39
13417,2023-10-14,3,17,248,1,0.0,115.98
13418,2024-03-17,2,25,403,1,0.0,144.03
13419,2024-09-23,1,10,307,2,0.2,228.4
13420,2023-07-22,16,8,50,1,0.0,176.75
13421,2024-02-29,10,9,469,2,0.0,29.72
13422,2024-12-25,12,12,327,2,0.0,153.0
13423,2024-07-26,4,1,8,1,0.0,122.39
13424,2023-10-20,12,11,385,1,0.0,11.04
13425,2024-05-17,8,24,367,1,0.0,195.36
13426,2023-10-06,14,3,223,1,0.0,84.52
13427,2024-08-11,10,11,131,1,0.0,11.04
13428,2024-05-20,7,19,353,1,0.0,132.95
13429,2023-08-28,18,21,226,2,0.1,279.25
13430,2024-07-16,2,21,382,1,0.0,155.14
13431,2024-12-17,19,2,16,1,0.0,14.78
13432,2024-11-14,12,13,471,2,0.0,383.12
13433,2023-03-31,18,9,98,1,0.0,14.86
13434,2024-03-29,18,10,410,1,0.0,142.75
13435,2023-11-07,15,16,47,1,0.15,84.25
13436,2024-08-30,17,9,473,1,0.0,14.86
13437,2024-07-06,17,9,122,1,0.0,14.86
13438,2024-03-31,9,3,126,1,0.0,84.52
13439,2023-09-28,12,25,23,1,0.15,122.43
13440,2024-09-12,13,12,261,2,0.0,153.0
13441,2023-11-23,17,13,21,1,0.2,153.25
13442,2024-02-09,6,11,383,1,0.2,8.83
13443,2023-11-08,2,16,262,1,0.0,99.12
13444,2024-08-07,19,10,425,1,0.2,114.2
13445,2024-11-13,20,20,488,1,0.0,176.04
13446,2024-10-17,6,25,136,1,0.0,144.03
13447,2023-08-16,10,21,397,1,0.1,139.63
13448,2023-08-26,12,18,129,1,0.2,173.38
13449,2024-06-25,13,15,305,1,0.1,55.99
13450,2023-12-04,6,4,420,4,0.0,882.68
13451,2023-04-15,12,12,200,1,0.0,76.5
13452,2023-02-02,8,12,259,1,0.0,76.5
13453,2024-04-07,3,10,3,1,0.0,142.75
13454,2024-06-17,18,20,24,3,0.0,528.12
13455,2023-08-03,11,10,445,1,0.0,142.75
13456,2023-11-14,10,19,196,1,0.0,132.95
13457,2024-03-13,1,23,464,1,0.0,202.43
13458,2023-11-03,2,20,109,1,0.0,176.04
13459,2024-05-03,13,11,133,2,0.0,22.08
13460,2024-03-27,9,8,236,2,0.1,318.15
13461,2024-03-16,19,12,63,1,0.1,68.85
13462,2024-11-03,3,4,219,2,0.0,441.34
13463,2023-03-25,6,1,91,1,0.0,122.39
13464,2023-04-29,11,16,23,1,0.0,99.12
13465,2023-09-01,19,22,418,2,0.0,594.82
13466,2024-11-27,11,2,180,1,0.0,14.78
13467,2024-07-18,14,14,364,2,0.0,99.58
13468,2024-05-29,3,25,327,1,0.0,144.03
13469,2024-07-30,2,5,22,1,0.0,33.68
13470,2023-11-17,20,18,114,1,0.0,216.73
13471,2023-08-09,7,25,191,1,0.0,144.03
13472,2023-05-15,18,8,213,1,0.0,176.75
13473,2024-11-08,4,9,418,1,0.1,13.37
13474,2023-08-17,17,21,161,1,0.0,155.14
13475,2023-11-20,1,16,86,1,0.0,99.12
13476,2024-08-23,11,1,403,1,0.2,97.91
13477,2024-05-08,7,21,405,2,0.0,310.28
13478,2024-06-15,1,3,55,1,0.0,84.52
13479,2023-02-01,3,22,95,2,0.0,594.82
13480,2023-10-29,12,5,439,2,0.0,67.36
13481,2024-04-21,4,2,494,2,0.0,29.56
13482,2024-07-08,3,8,467,2,0.2,282.8
13483,2024-01-19,18,5,29,2,0.0,67.36
13484,2024-01-30,3,21,307,1,0.0,155.14
13485,2023-10-30,20,23,291,1,0.1,182.19
13486,2024-08-15,4,19,98,1,0.0,132.95
13487,2024-02-15,12,16,19,1,0.0,99.12
13488,2023-12-19,4,10,344,1,0.0,142.75
13489,2024-08-30,8,8,427,1,0.0,176.75
13490,2024-08-13,14,17,273,1,0.0,115.98
13491,2024-03-24,3,12,257,1,0.15,65.02
13492,2024-03-19,16,8,40,1,0.0,176.75
13493,2024-05-09,1,25,275,1,0.0,144.03
13494,2023-01-12,10,19,313,1,0.0,132.95
13495,2023-06-01,20,8,436,1,0.0,176.75
13496,2023-07-28,6,24,385,2,0.0,390.72
13497,2024-07-25,12,2,9,2,0.0,29.56
13498,2024-05-17,4,6,308,1,0.0,132.1
13499,2024-03-08,3,16,79,1,0.0,99.12
13500,2024-08-28,8,14,107,1,0.0,49.79
13501,2023-05-24,3,3,391,1,0.0,84.52
13502,2023-07-19,9,18,296,1,0.0,216.73
13503,2023-12-05,2,4,289,4,0.1,794.41
13504,2023-09-29,2,21,341,1,0.0,155.14
13505,2023-02-23,7,14,245,1,0.0,49.79
13506,2024-11-16,16,13,186,2,0.0,383.12
13507,2024-06-18,18,9,179,1,0.0,14.86
13508,2024-01-30,5,1,367,1,0.0,122.39
13509,2024-04-04,9,3,277,4,0.0,338.08
13510,2023-01-08,13,6,205,1,0.0,132.1
13511,2023-04-19,3,10,354,1,0.0,142.75
13512,2023-07-05,14,13,404,1,0.15,162.83
13513,2023-05-15,2,11,333,2,0.0,22.08
13514,2023-08-24,2,18,199,2,0.0,433.46
13515,2024-08-29,12,3,483,2,0.0,169.04
13516,2023-03-17,14,4,163,1,0.0,220.67
13517,2024-05-17,3,7,87,1,0.0,150.73
13518,2023-04-23,4,23,284,1,0.0,202.43
13519,2024-03-17,2,25,426,1,0.0,144.03
13520,2024-10-20,3,6,278,1,0.0,132.1
13521,2023-03-25,4,7,342,1,0.0,150.73
13522,2023-05-15,8,20,448,2,0.0,352.08
13523,2024-11-26,20,13,475,3,0.0,574.68
13524,2023-08-15,7,1,31,2,0.0,244.78
13525,2023-07-06,11,2,183,1,0.0,14.78
13526,2024-08-20,17,10,394,1,0.0,142.75
13527,2024-05-22,19,22,369,1,0.15,252.8
13528,2023-05-19,2,22,220,1,0.0,297.41
13529,2023-06-04,8,9,59,1,0.0,14.86
13530,2023-10-19,11,23,308,1,0.0,202.43
13531,2024-03-16,18,17,337,1,0.15,98.58
13532,2024-12-05,20,22,434,1,0.0,297.41
13533,2023-04-18,1,9,452,1,0.0,14.86
13534,2024-08-19,13,3,325,2,0.0,169.04
13535,2023-04-21,19,21,391,1,0.0,155.14
13536,2024-02-19,18,3,25,3,0.0,253.56
13537,2023-10-23,12,11,16,1,0.0,11.04
13538,2023-12-03,5,6,387,1,0.0,132.1
13539,2023-02-20,7,8,406,1,0.0,176.75
13540,2024-03-08,1,6,266,1,0.0,132.1
13541,2023-05-06,13,6,403,3,0.0,396.3
13542,2023-10-08,4,19,483,2,0.0,265.9
13543,2024-12-06,1,14,130,1,0.1,44.81
13544,2023-09-19,14,7,430,1,0.0,150.73
13545,2023-02-13,18,2,360,1,0.0,14.78
13546,2023-03-19,20,14,256,2,0.0,99.58
13547,2023-04-15,9,18,20,2,0.0,433.46
13548,2024-07-19,8,3,140,4,0.0,338.08
13549,2024-03-11,19,11,167,1,0.0,11.04
13550,2023-09-27,9,9,290,1,0.1,13.37
13551,2023-12-13,1,6,303,1,0.0,132.1
13552,2024-11-27,11,18,425,1,0.0,216.73
13553,2024-05-28,2,16,212,1,0.0,99.12
13554,2023-05-15,15,13,135,1,0.0,191.56
13555,2023-12-20,18,2,113,1,0.0,14.78
13556,2024-12-01,18,22,469,2,0.0,594.82
13557,2023-12-23,2,16,250,2,0.0,198.24
13558,2023-09-22,5,8,312,1,0.0,176.75
13559,2023-10-08,3,17,157,2,0.0,231.96
13560,2023-05-27,20,8,337,1,0.2,141.4
13561,2023-01-17,10,18,318,1,0.0,216.73
13562,2024-01-03,15,23,477,1,0.1,182.19
13563,2024-10-28,15,4,465,3,0.0,662.01
13564,2024-03-17,6,19,162,1,0.0,132.95
13565,2023-07-15,18,6,148,1,0.15,112.28
13566,2024-04-10,13,20,386,2,0.0,352.08
13567,2024-02-04,20,18,44,1,0.1,195.06
13568,2024-09-06,12,7,100,1,0.0,150.73
13569,2023-02-15,4,24,201,3,0.0,586.08
13570,2023-10-20,16,18,72,1,0.0,216.73
13571,2024-06-21,13,10,64,1,0.0,142.75
13572,2024-04-25,10,4,345,2,0.1,397.21
13573,2024-12-17,11,2,299,1,0.0,14.78
13574,2023-01-15,5,24,495,2,0.0,390.72
13575,2024-12-20,15,24,491,1,0.15,166.06
13576,2024-02-02,3,19,62,1,0.1,119.65
13577,2024-02-04,13,6,71,1,0.0,132.1
13578,2024-07-07,13,16,223,1,0.0,99.12
13579,2023-01-09,7,22,158,1,0.2,237.93
13580,2024-09-03,17,4,66,1,0.0,220.67
13581,2023-10-04,13,16,449,1,0.0,99.12
13582,2024-07-15,20,15,470,1,0.0,62.21
13583,2024-10-08,14,3,248,1,0.0,84.52
13584,2024-10-28,2,8,64,2,0.0,353.5
13585,2024-02-10,12,5,194,1,0.15,28.63
13586,2023-06-11,16,19,382,1,0.1,119.65
13587,2024-05-17,10,6,23,1,0.0,132.1
13588,2023-06-11,3,4,460,1,0.1,198.6
13589,2024-01-08,16,1,488,1,0.0,122.39
13590,2023-05-16,7,9,45,1,0.1,13.37
13591,2023-06-01,11,10,76,1,0.0,142.75
13592,2023-10-08,6,7,493,2,0.15,256.24
13593,2023-07-27,11,18,78,2,0.0,433.46
13594,2023-12-16,13,21,426,1,0.15,131.87
13595,2023-02-04,1,6,267,1,0.0,132.1
13596,2023-11-25,17,25,429,2,0.0,288.06
13597,2024-09-26,10,8,308,1,0.0,176.75
13598,2024-02-04,3,23,232,1,0.0,202.43
13599,2023-07-04,4,17,186,1,0.0,115.98
13600,2023-02-27,11,12,396,1,0.0,76.5
13601,2023-06-03,1,17,321,3,0.1,313.15
13602,2024-01-04,8,13,170,1,0.0,191.56
13603,2023-07-23,3,16,97,3,0.0,297.36
13604,2023-05-02,17,4,140,1,0.0,220.67
13605,2024-01-16,14,9,9,1,0.0,14.86
13606,2023-12-04,20,19,118,1,0.2,106.36
13607,2023-10-23,5,16,125,1,0.2,79.3
13608,2023-06-03,5,16,372,1,0.0,99.12
13609,2024-12-20,3,21,453,3,0.0,465.42
13610,2023-05-31,19,12,139,1,0.0,76.5
13611,2023-09-22,8,21,372,1,0.0,155.14
13612,2023-04-22,9,10,466,1,0.0,142.75
13613,2024-12-16,3,10,144,3,0.2,342.6
13614,2023-02-01,18,2,475,1,0.0,14.78
13615,2024-05-12,17,24,114,2,0.0,390.72
13616,2023-09-29,7,5,349,1,0.0,33.68
13617,2024-10-12,15,13,449,1,0.0,191.56
13618,2024-05-08,19,13,391,1,0.15,162.83
13619,2024-07-11,5,23,353,1,0.0,202.43
13620,2023-11-05,4,23,476,1,0.1,182.19
13621,2023-04-28,14,9,477,2,0.0,29.72
13622,2024-06-27,5,17,117,1,0.15,98.58
13623,2023-04-05,7,21,252,1,0.0,155.14
13624,2024-09-29,19,3,444,1,0.0,84.52
13625,2024-11-28,17,23,42,1,0.0,202.43
13626,2024-05-29,4,23,335,2,0.0,404.86
13627,2023-01-16,2,15,412,1,0.0,62.21
13628,2024-11-28,5,2,442,3,0.0,44.34
13629,2023-11-14,12,23,238,1,0.0,202.43
13630,2024-06-15,20,22,387,1,0.0,297.41
13631,2024-03-21,7,4,348,1,0.15,187.57
13632,2023-12-16,15,21,498,1,0.0,155.14
13633,2023-10-17,12,16,444,1,0.0,99.12
13634,2023-05-11,14,24,110,1,0.0,195.36
13635,2024-12-17,18,16,74,1,0.0,99.12
13636,2023-07-20,16,24,422,2,0.0,390.72
13637,2024-10-03,5,5,162,1,0.1,30.31
13638,2023-11-06,5,21,328,1,0.0,155.14
13639,2023-11-04,3,14,461,1,0.1,44.81
13640,2024-04-22,17,21,348,1,0.0,155.14
13641,2024-07-24,6,10,284,2,0.0,285.5
13642,2023-01-26,11,9,24,3,0.0,44.58
13643,2023-09-13,9,10,173,1,0.1,128.48
13644,2024-01-10,8,3,284,1,0.0,84.52
13645,2024-06-23,6,18,262,1,0.0,216.73
13646,2024-04-28,6,11,4,1,0.0,11.04
13647,2023-09-26,15,5,204,4,0.15,114.51
13648,2024-04-29,14,12,195,2,0.0,153.0
13649,2024-01-23,2,4,273,1,0.0,220.67
13650,2023-05-12,18,17,280,2,0.0,231.96
13651,2024-05-22,10,23,165,1,0.0,202.43
13652,2024-12-24,17,23,229,1,0.0,202.43
13653,2023-03-22,5,14,29,1,0.0,49.79
13654,2024-10-02,16,25,161,2,0.15,244.85
13655,2023-08-01,3,14,351,1,0.0,49.79
13656,2023-08-09,13,25,285,1,0.0,144.03
13657,2024-01-04,20,8,98,3,0.2,424.2
13658,2023-04-16,12,20,398,2,0.15,299.27
13659,2024-12-05,4,6,337,1,0.0,132.1
13660,2024-11-27,10,25,365,1,0.0,144.03
13661,2023-03-26,9,21,405,1,0.0,155.14
13662,2023-09-27,8,4,2,1,0.0,220.67
13663,2024-10-12,4,7,8,2,0.0,301.46
13664,2024-02-01,3,3,143,1,0.0,84.52
13665,2023-10-21,12,1,73,1,0.1,110.15
13666,2024-08-28,20,18,196,2,0.0,433.46
13667,2023-11-15,10,2,139,2,0.0,29.56
13668,2023-07-29,7,3,36,2,0.0,169.04
13669,2024-09-01,20,9,436,2,0.0,29.72
13670,2024-05-05,4,8,416,1,0.1,159.08
13671,2023-05-06,12,7,117,2,0.0,301.46
13672,2023-08-21,8,18,455,1,0.0,216.73
13673,2023-10-11,19,6,478,1,0.0,132.1
13674,2024-04-06,6,11,319,1,0.0,11.04
13675,2024-03-18,20,11,240,3,0.0,33.12
13676,2023-01-30,3,3,13,1,0.0,84.52
13677,2023-02-16,7,1,406,2,0.0,244.78
13678,2024-10-10,10,12,116,1,0.0,76.5
13679,2023-10-29,10,24,308,2,0.1,351.65
13680,2024-09-06,16,11,187,1,0.0,11.04
13681,2024-12-29,12,11,417,1,0.0,11.04
13682,2024-07-18,14,11,321,1,0.15,9.38
13683,2023-03-12,17,11,269,1,0.0,11.04
13684,2024-06-02,3,5,429,1,0.1,30.31
13685,2024-05-02,17,22,207,1,0.0,297.41
13686,2023-02-24,5,13,60,1,0.0,191.56
13687,2024-01-11,19,22,303,1,0.15,252.8
13688,2023-06-07,16,18,311,1,0.0,216.73
13689,2023-09-19,7,21,234,3,0.0,465.42
13690,2024-03-23,8,1,264,1,0.2,97.91
13691,2023-05-11,16,2,463,1,0.0,14.78
13692,2023-10-23,19,7,445,2,0.0,301.46
13693,2023-02-16,7,5,110,1,0.0,33.68
13694,2023-05-01,6,2,86,2,0.15,25.13
13695,2023-07-10,8,1,446,1,0.2,97.91
13696,2024-09-08,11,13,136,1,0.0,191.56
13697,2024-07-24,2,15,476,1,0.0,62.21
13698,2024-03-25,1,20,149,2,0.1,316.87
13699,2024-04-06,7,25,352,1,0.0,144.03
13700,2023-05-01,10,17,375,2,0.0,231.96
13701,2024-06-21,7,15,409,1,0.0,62.21
13702,2024-02-10,18,1,238,1,0.0,122.39
13703,2023-11-14,16,19,131,1,0.0,132.95
13704,2023-01-07,15,24,10,2,0.0,390.72
13705,2023-08-15,13,12,198,1,0.1,68.85
13706,2024-02-25,12,21,206,1,0.0,155.14
13707,2023-01-13,1,5,345,1,0.0,33.68
13708,2024-04-05,13,17,493,1,0.0,115.98
13709,2023-05-23,6,18,438,2,0.0,433.46
13710,2024-07-16,5,5,62,4,0.0,134.72
13711,2023-07-05,18,16,66,1,0.1,89.21
13712,2023-05-04,19,9,425,1,0.1,13.37
13713,2023-08-06,17,8,213,1,0.0,176.75
13714,2024-07-04,6,6,247,1,0.15,112.28
13715,2024-07-22,9,22,391,1,0.0,297.41
13716,2024-03-26,5,23,219,1,0.0,202.43
13717,2023-09-25,7,24,307,1,0.15,166.06
13718,2023-07-30,7,9,436,2,0.0,29.72
13719,2023-01-12,10,1,370,1,0.0,122.39
13720,2024-01-04,19,16,430,3,0.15,252.76
13721,2024-03-17,19,2,86,1,0.15,12.56
13722,2024-11-09,13,21,206,3,0.1,418.88
13723,2024-11-06,2,15,455,2,0.0,124.42
13724,2023-10-07,18,22,181,2,0.0,594.82
13725,2023-08-26,4,24,94,1,0.0,195.36
13726,2023-07-27,9,17,335,1,0.0,115.98
13727,2023-09-28,7,1,175,1,0.0,122.39
13728,2024-06-17,9,24,297,3,0.0,586.08
13729,2024-07-29,3,16,58,1,0.0,99.12
13730,2024-06-17,10,13,441,3,0.0,574.68
13731,2024-03-19,12,2,51,1,0.15,12.56
13732,2023-06-07,9,7,93,1,0.0,150.73
13733,2023-05-02,1,25,447,3,0.0,432.09
13734,2024-02-03,8,5,240,1,0.0,33.68
13735,2024-07-24,3,19,243,1,0.0,132.95
13736,2024-12-18,8,19,405,3,0.0,398.85
13737,2024-01-21,9,13,321,1,0.0,191.56
13738,2024-06-25,4,13,43,2,0.0,383.12
13739,2024-12-06,11,9,297,1,0.0,14.86
13740,2023-12-25,18,4,413,2,0.0,441.34
13741,2024-10-02,12,25,294,1,0.1,129.63
13742,2023-09-22,6,6,38,1,0.0,132.1
13743,2024-09-29,8,9,256,1,0.0,14.86
13744,2024-08-10,7,7,472,1,0.0,150.73
13745,2023-04-17,7,24,391,1,0.0,195.36
13746,2024-02-24,7,22,466,2,0.0,594.82
13747,2024-12-19,16,13,91,2,0.1,344.81
13748,2024-05-15,13,1,237,2,0.0,244.78
13749,2024-03-13,17,14,253,2,0.0,99.58
13750,2024-05-02,16,3,188,1,0.0,84.52
13751,2024-08-04,7,23,185,2,0.0,404.86
13752,2024-07-26,14,23,37,3,0.2,485.83
13753,2023-08-02,10,18,46,1,0.0,216.73
13754,2024-05-12,9,1,305,1,0.0,122.39
13755,2023-03-16,19,19,178,1,0.0,132.95
13756,2023-08-14,18,18,13,2,0.0,433.46
13757,2024-07-14,18,19,410,1,0.0,132.95
13758,2023-11-26,16,14,438,1,0.15,42.32
13759,2023-05-14,7,3,103,1,0.0,84.52
13760,2024-09-14,20,7,7,1,0.1,135.66
13761,2024-11-26,13,17,59,1,0.0,115.98
13762,2024-01-08,1,12,17,1,0.0,76.5
13763,2023-04-07,3,14,42,1,0.0,49.79
13764,2023-08-18,20,10,55,1,0.15,121.34
13765,2023-12-01,10,25,145,1,0.0,144.03
13766,2023-07-07,7,19,212,1,0.0,132.95
13767,2023-09-15,16,20,317,1,0.0,176.04
13768,2023-06-10,3,22,134,1,0.0,297.41
13769,2024-08-22,20,25,7,1,0.0,144.03
13770,2023-03-31,1,16,443,1,0.0,99.12
13771,2024-06-21,13,8,50,2,0.0,353.5
13772,2024-01-29,9,11,423,1,0.0,11.04
13773,2024-04-16,20,4,10,2,0.2,353.07
13774,2023-11-16,20,5,293,3,0.0,101.04
13775,2023-04-02,11,21,464,1,0.0,155.14
13776,2024-05-07,8,6,272,1,0.0,132.1
13777,2024-11-08,13,20,233,3,0.15,448.9
13778,2024-09-19,19,10,196,1,0.0,142.75
13779,2024-04-17,8,6,199,1,0.0,132.1
13780,2024-04-07,6,4,19,1,0.0,220.67
13781,2024-08-21,13,13,61,1,0.15,162.83
13782,2023-02-16,6,10,390,1,0.0,142.75
13783,2023-07-18,15,6,93,1,0.0,132.1
13784,2024-03-18,10,5,115,3,0.0,101.04
13785,2024-11-12,17,19,409,1,0.0,132.95
13786,2024-02-01,19,7,290,1,0.0,150.73
13787,2024-03-25,6,4,459,1,0.15,187.57
13788,2023-10-01,12,15,318,1,0.0,62.21
13789,2024-04-25,4,24,341,2,0.0,390.72
13790,2024-10-23,12,14,186,1,0.0,49.79
13791,2024-11-29,7,25,81,3,0.15,367.28
13792,2024-05-15,15,19,4,1,0.1,119.65
13793,2023-05-02,4,10,349,2,0.0,285.5
13794,2023-12-20,4,22,427,4,0.1,1070.68
13795,2024-04-22,16,2,106,1,0.0,14.78
13796,2024-10-02,6,20,374,1,0.0,176.04
13797,2024-02-28,1,20,419,1,0.0,176.04
13798,2024-08-23,14,19,261,3,0.0,398.85
13799,2023-12-15,18,11,353,1,0.0,11.04
13800,2024-07-02,18,11,216,2,0.0,22.08
13801,2023-03-06,2,11,476,3,0.0,33.12
13802,2024-06-20,11,3,345,1,0.15,71.84
13803,2024-09-11,16,19,103,1,0.2,106.36
13804,2023-12-22,16,8,442,1,0.0,176.75
13805,2024-08-28,10,1,425,2,0.1,220.3
13806,2023-08-06,7,19,438,1,0.0,132.95
13807,2024-02-25,9,10,140,2,0.0,285.5
13808,2024-05-23,2,14,87,1,0.0,49.79
13809,2024-01-27,7,2,77,1,0.0,14.78
13810,2024-05-16,13,12,430,2,0.15,130.05
13811,2024-05-19,14,8,454,4,0.0,707.0
13812,2023-12-26,9,21,377,1,0.0,155.14
13813,2023-12-09,13,18,198,1,0.0,216.73
13814,2024-09-25,9,7,420,1,0.0,150.73
13815,2024-08-20,9,7,498,1,0.0,150.73
13816,2024-03-29,3,9,179,1,0.0,14.86
13817,2023-12-29,8,14,141,2,0.0,99.58
13818,2024-03-29,9,21,443,1,0.0,155.14
13819,2023-11-24,5,23,130,2,0.0,404.86
13820,2023-01-25,12,12,124,2,0.0,153.0
13821,2024-03-29,16,9,87,1,0.0,14.86
13822,2024-09-06,1,18,287,2,0.0,433.46
13823,2023-10-07,17,6,313,1,0.0,132.1
13824,2024-02-12,11,21,450,2,0.0,310.28
13825,2023-08-21,20,1,133,1,0.0,122.39
13826,2023-12-07,8,18,226,1,0.0,216.73
13827,2023-12-28,2,15,396,1,0.0,62.21
13828,2024-05-08,17,21,4,4,0.0,620.56
13829,2024-01-19,8,14,273,1,0.0,49.79
13830,2023-08-10,7,8,374,1,0.0,176.75
13831,2024-06-30,12,7,474,2,0.0,301.46
13832,2024-02-17,19,18,97,1,0.0,216.73
13833,2023-07-11,20,14,62,1,0.0,49.79
13834,2023-09-11,14,1,308,2,0.0,244.78
13835,2024-01-24,10,6,500,1,0.0,132.1
13836,2024-06-21,2,7,357,1,0.1,135.66
13837,2023-10-11,1,19,244,1,0.0,132.95
13838,2023-08-15,15,25,108,2,0.1,259.25
13839,2023-02-26,9,21,45,1,0.0,155.14
13840,2023-12-13,7,13,91,1,0.0,191.56
13841,2024-12-01,11,16,53,1,0.0,99.12
13842,2023-02-16,5,7,209,2,0.0,301.46
13843,2024-01-05,17,13,118,2,0.0,383.12
13844,2024-06-29,15,10,324,1,0.0,142.75
13845,2024-08-18,14,7,106,1,0.15,128.12
13846,2023-07-26,10,7,474,2,0.0,301.46
13847,2024-02-09,15,18,144,1,0.1,195.06
13848,2024-10-25,14,25,137,1,0.0,144.03
13849,2024-12-09,13,20,443,1,0.0,176.04
13850,2024-03-18,2,13,127,1,0.0,191.56
13851,2023-08-12,5,9,463,3,0.0,44.58
13852,2024-05-12,7,2,421,1,0.15,12.56
13853,2024-08-07,20,3,243,1,0.0,84.52
13854,2023-09-28,4,2,172,1,0.0,14.78
13855,2024-08-31,5,18,401,1,0.0,216.73
13856,2023-02-24,19,1,146,1,0.0,122.39
13857,2023-03-13,2,13,450,1,0.0,191.56
13858,2023-04-01,1,24,92,1,0.1,175.82
13859,2024-10-05,16,21,224,1,0.0,155.14
13860,2023-02-15,16,5,412,1,0.0,33.68
13861,2024-06-30,4,17,350,1,0.0,115.98
13862,2024-09-02,11,10,59,1,0.0,142.75
13863,2024-02-06,10,1,266,1,0.0,122.39
13864,2023-09-26,19,24,452,2,0.2,312.58
13865,2024-04-17,16,17,290,1,0.0,115.98
13866,2024-10-11,16,2,104,1,0.0,14.78
13867,2024-06-14,7,15,121,1,0.0,62.21
13868,2023-01-23,14,6,45,1,0.0,132.1
13869,2023-09-27,9,25,111,1,0.1,129.63
13870,2023-11-26,12,21,139,1,0.15,131.87
13871,2024-12-23,17,7,303,1,0.15,128.12
13872,2023-08-04,11,24,12,1,0.0,195.36
13873,2023-12-19,6,17,210,1,0.0,115.98
13874,2023-02-02,6,24,390,1,0.0,195.36
13875,2024-04-23,1,14,372,1,0.0,49.79
13876,2024-02-18,17,11,241,2,0.0,22.08
13877,2023-12-09,16,16,31,2,0.0,198.24
13878,2024-05-07,3,22,326,1,0.0,297.41
13879,2024-12-17,4,13,483,2,0.0,383.12
13880,2023-06-13,20,18,94,3,0.0,650.19
13881,2023-09-02,13,10,473,1,0.0,142.75
13882,2023-04-08,7,14,292,1,0.0,49.79
13883,2023-04-23,5,15,97,1,0.0,62.21
13884,2024-05-18,15,13,130,1,0.0,191.56
13885,2024-01-08,20,11,331,1,0.0,11.04
13886,2024-08-25,17,11,495,1,0.15,9.38
13887,2023-11-01,4,9,359,1,0.1,13.37
13888,2023-08-01,8,16,256,1,0.0,99.12
13889,2024-02-26,17,20,229,2,0.0,352.08
13890,2023-01-10,11,23,470,1,0.0,202.43
13891,2024-12-11,1,10,251,1,0.0,142.75
13892,2024-08-15,3,25,389,1,0.0,144.03
13893,2023-02-15,13,24,433,3,0.2,468.86
13894,2024-10-18,12,22,61,1,0.1,267.67
13895,2023-01-31,14,2,137,1,0.0,14.78
13896,2023-02-11,16,13,19,2,0.0,383.12
13897,2024-04-10,17,19,105,1,0.0,132.95
13898,2024-07-04,10,11,226,1,0.0,11.04
13899,2024-06-27,9,6,263,1,0.0,132.1
13900,2023-07-20,1,20,117,1,0.0,176.04
13901,2023-09-18,17,18,431,1,0.0,216.73
13902,2023-12-26,14,24,477,1,0.0,195.36
13903,2023-12-03,1,12,445,4,0.1,275.4
13904,2023-10-26,9,7,318,1,0.1,135.66
13905,2023-05-13,16,6,95,1,0.0,132.1
13906,2024-06-10,2,12,315,1,0.0,76.5
13907,2023-01-11,7,21,61,1,0.0,155.14
13908,2024-04-07,18,3,445,1,0.0,84.52
13909,2024-06-02,8,23,406,1,0.0,202.43
13910,2024-11-10,9,14,126,1,0.15,42.32
13911,2023-03-26,14,6,253,1,0.0,132.1
13912,2024-06-15,11,14,383,1,0.2,39.83
13913,2024-10-01,17,10,425,2,0.0,285.5
13914,2023-10-01,9,1,137,2,0.0,244.78
13915,2023-02-12,18,7,288,1,0.0,150.73
13916,2024-11-05,11,16,381,1,0.0,99.12
13917,2024-08-24,7,3,13,1,0.0,84.52
13918,2023-07-24,6,20,498,1,0.0,176.04
13919,2024-10-02,2,20,237,1,0.15,149.63
13920,2024-10-03,12,23,224,2,0.0,404.86
13921,2023-01-06,11,23,80,1,0.1,182.19
13922,2024-03-09,20,15,320,1,0.0,62.21
13923,2023-02-25,4,14,381,2,0.0,99.58
13924,2024-01-06,6,13,106,2,0.0,383.12
13925,2024-10-26,2,16,461,1,0.0,99.12
13926,2023-05-14,20,20,486,3,0.0,528.12
13927,2024-09-04,20,14,206,1,0.0,49.79
13928,2024-01-26,7,12,113,1,0.0,76.5
13929,2023-01-22,20,21,422,1,0.15,131.87
13930,2023-06-19,8,4,184,1,0.1,198.6
13931,2024-02-14,12,7,136,1,0.0,150.73
13932,2023-01-04,8,8,16,2,0.0,353.5
13933,2024-03-26,20,12,330,1,0.0,76.5
13934,2024-08-30,4,16,412,1,0.0,99.12
13935,2023-12-26,2,7,412,1,0.0,150.73
13936,2023-07-04,15,25,107,1,0.0,144.03
13937,2023-06-17,1,9,61,4,0.0,59.44
13938,2023-05-30,20,25,183,2,0.1,259.25
13939,2023-08-09,3,19,286,2,0.15,226.02
13940,2023-12-10,5,6,103,1,0.0,132.1
13941,2023-03-22,18,23,72,2,0.15,344.13
13942,2024-12-23,13,19,478,2,0.2,212.72
13943,2024-06-13,5,19,414,1,0.0,132.95
13944,2023-02-26,10,24,271,1,0.15,166.06
13945,2023-05-08,2,22,291,1,0.0,297.41
13946,2023-09-01,2,7,466,1,0.0,150.73
13947,2023-12-10,15,23,112,1,0.2,161.94
13948,2024-06-12,12,21,228,1,0.0,155.14
13949,2024-05-12,20,6,229,1,0.1,118.89
13950,2023-07-29,19,1,416,1,0.0,122.39
13951,2024-06-22,5,24,139,1,0.0,195.36
13952,2023-12-04,11,3,122,2,0.2,135.23
13953,2024-06-22,4,24,192,1,0.0,195.36
13954,2023-03-28,18,22,81,1,0.0,297.41
13955,2024-05-12,5,18,441,2,0.0,433.46
13956,2024-11-17,5,23,224,1,0.0,202.43
13957,2023-10-09,5,15,301,1,0.15,52.88
13958,2023-12-30,4,4,259,1,0.1,198.6
13959,2023-12-12,12,13,332,1,0.0,191.56
13960,2024-04-23,14,23,397,3,0.1,546.56
13961,2024-06-24,17,22,339,1,0.0,297.41
13962,2023-03-23,11,20,464,2,0.0,352.08
13963,2023-12-13,8,19,28,1,0.0,132.95
13964,2024-06-09,4,17,295,1,0.2,92.78
13965,2024-03-09,20,18,169,2,0.1,390.11
13966,2023-11-17,15,5,199,2,0.0,67.36
13967,2023-04-16,11,2,8,1,0.0,14.78
13968,2024-12-26,17,13,284,1,0.0,191.56
13969,2023-10-16,19,19,379,1,0.1,119.65
13970,2023-04-28,11,8,378,1,0.0,176.75
13971,2023-02-01,17,24,293,1,0.0,195.36
13972,2023-05-20,9,12,148,3,0.1,206.55
13973,2024-02-21,10,6,22,1,0.0,132.1
13974,2023-09-01,11,9,14,1,0.0,14.86
13975,2024-03-30,14,8,305,1,0.0,176.75
13976,2024-01-05,12,14,402,1,0.1,44.81
13977,2023-12-27,7,23,189,2,0.0,404.86
13978,2023-12-07,3,11,440,1,0.2,8.83
13979,2023-03-05,17,12,388,1,0.0,76.5
13980,2024-12-05,15,25,225,1,0.0,144.03
13981,2023-12-25,15,11,322,1,0.1,9.94
13982,2024-05-23,16,10,140,1,0.0,142.75
13983,2024-01-17,19,5,448,1,0.0,33.68
13984,2023-07-04,12,17,146,1,0.0,115.98
13985,2024-12-07,17,6,230,2,0.0,264.2
13986,2023-06-01,10,1,378,1,0.0,122.39
13987,2024-08-23,8,3,248,3,0.0,253.56
13988,2024-09-02,16,24,316,2,0.0,390.72
13989,2023-02-09,1,1,253,1,0.0,122.39
13990,2023-03-05,10,22,448,2,0.0,594.82
13991,2023-12-05,20,21,146,1,0.0,155.14
13992,2024-07-14,10,19,292,1,0.0,132.95
13993,2024-12-05,15,1,459,1,0.0,122.39
13994,2023-09-29,4,24,224,1,0.0,195.36
13995,2024-03-12,5,24,102,1,0.0,195.36
13996,2024-11-25,14,17,338,4,0.0,463.92
13997,2024-05-15,4,11,79,1,0.15,9.38
13998,2023-12-08,11,21,462,1,0.0,155.14
13999,2023-01-31,6,19,398,1,0.0,132.95
14000,2024-04-06,14,9,229,1,0.1,13.37
14001,2023-09-27,20,18,376,3,0.0,650.19
14002,2023-01-22,13,22,155,1,0.0,297.41
14003,2023-05-07,5,9,467,1,0.0,14.86
14004,2023-06-06,16,18,76,1,0.0,216.73
14005,2024-11-26,12,14,102,1,0.0,49.79
14006,2023-03-06,10,19,419,2,0.0,265.9
14007,2024-01-12,4,15,356,2,0.0,124.42
14008,2024-10-04,7,18,142,1,0.0,216.73
14009,2023-04-16,16,18,465,1,0.0,216.73
14010,2024-10-14,2,3,29,3,0.0,253.56
14011,2023-12-12,11,12,285,2,0.0,153.0
14012,2023-09-04,10,14,181,2,0.0,99.58
14013,2023-12-31,11,10,455,1,0.1,128.48
14014,2024-01-08,14,5,411,2,0.0,67.36
14015,2023-07-11,4,3,218,1,0.0,84.52
14016,2024-07-25,7,6,105,1,0.0,132.1
14017,2024-01-17,16,12,359,1,0.0,76.5
14018,2024-02-29,14,21,261,1,0.0,155.14
14019,2023-02-25,18,8,421,2,0.0,353.5
14020,2024-09-19,12,1,389,2,0.0,244.78
14021,2023-01-08,10,11,412,2,0.0,22.08
14022,2024-08-17,3,22,16,2,0.0,594.82
14023,2024-05-29,14,10,389,2,0.0,285.5
14024,2023-02-22,10,3,103,1,0.0,84.52
14025,2023-03-23,16,12,46,1,0.2,61.2
14026,2024-01-15,11,12,349,2,0.0,153.0
14027,2024-04-27,18,21,165,1,0.0,155.14
14028,2023-06-12,3,25,321,1,0.0,144.03
14029,2024-08-15,15,4,299,1,0.0,220.67
14030,2023-08-26,8,15,201,1,0.0,62.21
14031,2024-07-23,13,11,455,1,0.0,11.04
14032,2023-02-17,20,3,350,1,0.0,84.52
14033,2023-09-06,3,23,343,2,0.15,344.13
14034,2024-11-27,17,20,295,2,0.0,352.08
14035,2024-06-14,17,10,280,3,0.2,342.6
14036,2023-12-25,1,16,46,1,0.0,99.12
14037,2023-02-04,12,15,191,2,0.0,124.42
14038,2024-07-19,7,8,306,1,0.0,176.75
14039,2023-03-22,3,15,56,1,0.0,62.21
14040,2024-01-14,7,12,89,1,0.15,65.02
14041,2023-02-14,6,15,208,1,0.0,62.21
14042,2023-10-19,2,17,17,1,0.0,115.98
14043,2024-09-17,7,22,352,1,0.0,297.41
14044,2024-11-25,7,13,482,1,0.0,191.56
14045,2024-08-07,14,1,125,1,0.0,122.39
14046,2024-05-26,19,19,22,1,0.0,132.95
14047,2023-07-09,1,8,341,1,0.0,176.75
14048,2024-11-16,18,16,287,1,0.0,99.12
14049,2024-10-13,15,1,266,2,0.0,244.78
14050,2023-06-23,3,15,287,1,0.0,62.21
14051,2024-06-29,20,15,109,1,0.2,49.77
14052,2024-06-24,10,9,146,1,0.0,14.86
14053,2024-04-05,17,14,51,1,0.0,49.79
14054,2024-02-27,15,5,222,1,0.0,33.68
14055,2024-02-18,8,11,383,3,0.1,29.81
14056,2023-10-07,5,13,379,1,0.0,191.56
14057,2023-01-09,18,23,120,4,0.0,809.72
14058,2023-11-03,3,8,96,1,0.0,176.75
14059,2023-10-29,6,13,381,1,0.0,191.56
14060,2024-02-19,14,20,150,1,0.0,176.04
14061,2024-05-07,9,16,77,2,0.0,198.24
14062,2024-02-27,10,19,141,2,0.15,226.02
14063,2023-01-31,9,5,238,1,0.0,33.68
14064,2024-10-25,18,10,100,1,0.0,142.75
14065,2024-12-01,16,1,307,1,0.2,97.91
14066,2024-03-20,14,20,123,1,0.1,158.44
14067,2024-03-28,20,21,402,1,0.0,155.14
14068,2024-10-28,11,3,266,2,0.0,169.04
14069,2023-04-06,18,4,243,1,0.0,220.67
14070,2024-03-30,10,16,140,2,0.1,178.42
14071,2024-09-16,19,10,87,1,0.0,142.75
14072,2023-11-15,3,19,157,2,0.1,239.31
14073,2023-09-21,13,24,418,2,0.0,390.72
14074,2024-09-16,7,16,407,1,0.0,99.12
14075,2024-08-05,20,4,361,1,0.0,220.67
14076,2023-12-26,11,1,170,3,0.1,330.45
14077,2024-03-23,13,25,160,1,0.0,144.03
14078,2024-10-31,5,8,101,1,0.0,176.75
14079,2024-09-21,9,8,6,1,0.0,176.75
14080,2023-06-06,13,15,406,1,0.0,62.21
14081,2024-08-20,1,12,434,1,0.0,76.5
14082,2024-07-22,19,5,413,4,0.0,134.72
14083,2024-01-20,9,7,393,1,0.0,150.73
14084,2024-08-26,13,23,200,2,0.0,404.86
14085,2024-03-04,17,14,33,3,0.0,149.37
14086,2023-05-05,18,11,94,1,0.0,11.04
14087,2023-05-23,19,5,401,1,0.0,33.68
14088,2023-05-30,8,1,341,1,0.0,122.39
14089,2024-10-27,5,8,137,1,0.0,176.75
14090,2024-01-28,18,9,252,1,0.0,14.86
14091,2023-05-21,6,23,463,2,0.15,344.13
14092,2023-02-23,8,8,240,1,0.0,176.75
14093,2023-08-01,8,9,249,2,0.0,29.72
14094,2024-12-24,9,5,28,4,0.0,134.72
14095,2024-02-01,3,7,105,3,0.0,452.19
14096,2024-06-11,14,17,252,1,0.0,115.98
14097,2023-11-05,17,16,494,2,0.0,198.24
14098,2023-12-01,8,24,27,2,0.0,390.72
14099,2023-09-29,11,25,168,1,0.0,144.03
14100,2024-08-21,13,23,352,2,0.1,364.37
14101,2023-11-30,15,3,340,2,0.0,169.04
14102,2024-02-13,12,15,423,1,0.0,62.21
14103,2024-04-16,17,3,198,1,0.15,71.84
14104,2024-07-29,1,19,28,1,0.15,113.01
14105,2023-12-28,5,17,470,1,0.0,115.98
14106,2024-02-10,16,17,334,1,0.1,104.38
14107,2024-03-10,9,9,328,1,0.0,14.86
14108,2023-09-19,20,18,136,1,0.0,216.73
14109,2023-08-08,14,1,469,1,0.0,122.39
14110,2023-08-18,6,14,240,1,0.15,42.32
14111,2023-02-07,12,20,211,2,0.0,352.08
14112,2023-04-20,9,6,493,4,0.0,528.4
14113,2024-03-20,12,22,99,1,0.0,297.41
14114,2023-09-15,9,15,91,2,0.0,124.42
14115,2023-02-13,2,24,150,1,0.15,166.06
14116,2023-06-04,3,1,351,1,0.0,122.39
14117,2024-06-06,14,6,227,1,0.0,132.1
14118,2023-09-14,15,15,367,1,0.0,62.21
14119,2023-04-13,12,12,71,2,0.2,122.4
14120,2023-02-21,8,21,167,1,0.1,139.63
14121,2023-03-26,19,20,48,1,0.0,176.04
14122,2024-08-08,17,1,178,1,0.15,104.03
14123,2024-11-17,1,24,412,2,0.0,390.72
14124,2023-12-15,4,5,121,2,0.1,60.62
14125,2023-08-18,11,9,451,1,0.0,14.86
14126,2024-07-14,11,15,26,1,0.0,62.21
14127,2024-07-10,3,11,321,1,0.1,9.94
14128,2023-09-27,7,14,468,2,0.0,99.58
14129,2023-07-10,6,15,364,2,0.0,124.42
14130,2024-07-30,17,11,445,1,0.0,11.04
14131,2024-05-02,14,25,211,1,0.0,144.03
14132,2024-12-28,6,6,438,1,0.0,132.1
14133,2024-05-16,19,18,355,2,0.0,433.46
14134,2023-02-18,9,16,66,4,0.0,396.48
14135,2023-08-01,7,5,281,1,0.2,26.94
14136,2023-04-09,1,8,206,2,0.1,318.15
14137,2023-02-11,17,19,316,1,0.0,132.95
14138,2023-03-21,16,13,23,1,0.1,172.4
14139,2023-02-09,12,10,78,2,0.1,256.95
14140,2023-05-10,20,14,42,1,0.0,49.79
14141,2024-06-25,9,5,179,1,0.0,33.68
14142,2024-04-15,10,13,298,1,0.0,191.56
14143,2024-02-21,12,2,317,1,0.1,13.3
14144,2024-09-04,1,4,171,1,0.15,187.57
14145,2023-05-16,16,20,10,1,0.0,176.04
14146,2024-12-20,20,21,220,1,0.1,139.63
14147,2023-04-08,4,12,411,4,0.0,306.0
14148,2023-10-24,7,15,163,1,0.0,62.21
14149,2024-05-30,7,16,23,1,0.0,99.12
14150,2023-11-16,1,10,322,1,0.0,142.75
14151,2024-05-10,16,14,375,1,0.0,49.79
14152,2024-01-11,4,4,114,1,0.1,198.6
14153,2023-02-11,14,14,40,1,0.0,49.79
14154,2023-01-12,20,18,385,1,0.0,216.73
14155,2023-06-06,5,14,56,2,0.0,99.58
14156,2024-02-16,18,18,301,1,0.2,173.38
14157,2024-04-11,10,1,174,1,0.1,110.15
14158,2023-07-25,15,11,57,1,0.0,11.04
14159,2023-10-17,15,23,123,1,0.0,202.43
14160,2023-06-08,2,2,146,1,0.15,12.56
14161,2023-09-09,3,22,313,1,0.0,297.41
14162,2023-05-10,15,8,145,1,0.0,176.75
14163,2023-09-12,3,3,92,1,0.1,76.07
14164,2024-02-28,14,8,211,1,0.0,176.75
14165,2023-12-02,6,19,114,1,0.0,132.95
14166,2023-07-26,13,14,45,1,0.0,49.79
14167,2024-02-28,12,4,174,3,0.0,662.01
14168,2024-06-06,1,4,215,1,0.0,220.67
14169,2023-05-30,9,2,233,1,0.0,14.78
14170,2023-11-05,14,2,234,1,0.1,13.3
14171,2023-05-23,2,3,346,3,0.0,253.56
14172,2023-09-05,13,22,323,2,0.0,594.82
14173,2024-04-29,2,23,74,1,0.0,202.43
14174,2024-04-10,11,13,58,2,0.0,383.12
14175,2023-01-08,1,11,456,1,0.0,11.04
14176,2023-12-31,14,5,282,2,0.0,67.36
14177,2024-05-14,2,7,219,2,0.1,271.31
14178,2024-08-15,1,10,164,1,0.0,142.75
14179,2024-04-18,3,19,396,1,0.15,113.01
14180,2023-03-14,6,18,43,1,0.0,216.73
14181,2024-12-15,13,14,233,2,0.0,99.58
14182,2024-12-05,6,20,498,2,0.0,352.08
14183,2023-09-04,12,17,410,1,0.15,98.58
14184,2023-07-12,19,5,412,1,0.0,33.68
14185,2023-08-24,8,15,9,1,0.0,62.21
14186,2024-10-06,12,15,140,1,0.1,55.99
14187,2024-06-26,10,2,376,1,0.0,14.78
14188,2024-08-19,11,1,496,1,0.0,122.39
14189,2023-03-25,14,19,170,2,0.0,265.9
14190,2024-04-29,2,1,459,1,0.0,122.39
14191,2024-03-28,19,5,152,1,0.0,33.68
14192,2023-07-12,5,8,441,1,0.0,176.75
14193,2023-04-21,17,19,117,2,0.0,265.9
14194,2023-02-02,5,3,139,1,0.0,84.52
14195,2023-06-30,13,15,350,1,0.0,62.21
14196,2023-09-29,14,22,384,1,0.0,297.41
14197,2024-06-25,11,6,322,1,0.2,105.68
14198,2024-12-04,19,20,13,1,0.0,176.04
14199,2023-05-27,2,6,156,2,0.0,264.2
14200,2023-03-12,3,11,166,1,0.15,9.38
14201,2024-12-17,2,4,399,1,0.0,220.67
14202,2023-11-20,8,10,98,1,0.0,142.75
14203,2023-10-19,13,2,397,1,0.0,14.78
14204,2024-01-09,8,2,115,2,0.1,26.6
14205,2024-03-02,7,23,392,1,0.1,182.19
14206,2023-09-01,1,15,162,3,0.0,186.63
14207,2024-05-08,12,19,359,1,0.15,113.01
14208,2023-11-23,2,14,2,4,0.0,199.16
14209,2024-08-14,18,4,461,1,0.1,198.6
14210,2023-10-16,4,24,208,2,0.15,332.11
14211,2023-09-27,8,19,231,3,0.1,358.96
14212,2024-04-04,2,23,328,1,0.0,202.43
14213,2024-10-24,5,7,50,2,0.1,271.31
14214,2024-04-18,1,21,425,1,0.0,155.14
14215,2023-10-04,15,13,32,1,0.0,191.56
14216,2023-04-24,6,1,175,1,0.0,122.39
14217,2024-12-21,20,21,87,2,0.0,310.28
14218,2024-07-19,8,20,442,2,0.0,352.08
14219,2023-08-06,19,20,382,1,0.1,158.44
14220,2024-04-26,3,2,230,1,0.0,14.78
14221,2024-10-19,18,2,192,1,0.1,13.3
14222,2024-01-25,17,20,56,2,0.0,352.08
14223,2024-04-09,13,5,310,3,0.0,101.04
14224,2024-03-31,12,6,19,1,0.0,132.1
14225,2023-12-30,16,22,488,1,0.0,297.41
14226,2023-08-31,19,22,123,3,0.0,892.23
14227,2023-02-01,3,12,30,1,0.0,76.5
14228,2024-12-12,19,22,43,1,0.15,252.8
14229,2024-01-23,20,9,394,1,0.2,11.89
14230,2024-07-15,7,10,127,1,0.0,142.75
14231,2024-10-28,3,1,250,1,0.15,104.03
14232,2024-08-25,7,2,456,1,0.2,11.82
14233,2024-01-20,10,1,330,1,0.0,122.39
14234,2024-05-26,1,7,266,2,0.0,301.46
14235,2024-09-08,9,2,371,1,0.0,14.78
14236,2023-11-12,10,20,476,1,0.0,176.04
14237,2023-12-30,11,21,293,1,0.1,139.63
14238,2023-07-27,12,11,240,1,0.1,9.94
14239,2023-01-22,16,15,437,1,0.2,49.77
14240,2024-01-27,12,17,4,1,0.0,115.98
14241,2024-08-13,9,13,201,1,0.0,191.56
14242,2023-07-04,1,23,241,1,0.0,202.43
14243,2024-07-04,11,3,218,1,0.0,84.52
14244,2023-05-31,6,15,231,2,0.0,124.42
14245,2023-04-24,19,23,339,1,0.0,202.43
14246,2023-06-13,14,17,14,1,0.0,115.98
14247,2023-05-12,13,16,404,1,0.0,99.12
14248,2023-03-08,4,8,288,1,0.0,176.75
14249,2024-03-22,17,6,441,1,0.0,132.1
14250,2023-01-21,4,13,14,1,0.0,191.56
14251,2024-09-12,8,6,224,1,0.0,132.1
14252,2023-01-04,19,13,333,1,0.0,191.56
14253,2023-03-11,19,9,143,1,0.0,14.86
14254,2024-08-08,1,25,418,1,0.0,144.03
14255,2024-07-23,3,9,335,1,0.0,14.86
14256,2024-04-23,2,5,26,1,0.0,33.68
14257,2023-07-21,5,25,256,1,0.0,144.03
14258,2024-12-07,6,23,271,2,0.0,404.86
14259,2023-01-25,12,13,476,1,0.2,153.25
14260,2024-11-15,17,13,237,1,0.2,153.25
14261,2024-04-21,16,17,436,3,0.2,278.35
14262,2024-05-22,2,8,44,1,0.0,176.75
14263,2023-10-12,19,1,238,1,0.0,122.39
14264,2023-05-18,13,12,260,1,0.15,65.02
14265,2023-05-13,4,9,54,2,0.0,29.72
14266,2024-07-30,11,22,219,2,0.1,535.34
14267,2024-10-25,20,20,466,3,0.1,475.31
14268,2024-02-15,10,17,223,1,0.0,115.98
14269,2023-01-29,16,12,231,1,0.0,76.5
14270,2023-07-27,11,25,493,4,0.0,576.12
14271,2024-08-31,12,6,200,1,0.0,132.1
14272,2024-12-13,4,17,304,1,0.1,104.38
14273,2023-06-21,5,21,19,1,0.0,155.14
14274,2023-12-29,4,4,498,1,0.0,220.67
14275,2023-07-29,12,9,206,1,0.0,14.86
14276,2023-09-03,19,5,479,1,0.1,30.31
14277,2024-11-09,10,19,375,1,0.0,132.95
14278,2024-06-27,20,23,90,3,0.0,607.29
14279,2023-12-16,12,11,55,4,0.0,44.16
14280,2024-03-10,15,10,383,1,0.0,142.75
14281,2023-09-30,17,25,214,1,0.1,129.63
14282,2024-10-16,16,16,97,1,0.15,84.25
14283,2024-01-07,18,22,62,4,0.15,1011.19
14284,2024-07-18,5,22,375,2,0.0,594.82
14285,2023-04-26,16,5,373,2,0.0,67.36
14286,2024-05-23,9,11,261,1,0.2,8.83
14287,2024-04-05,10,7,256,1,0.0,150.73
14288,2024-04-06,20,22,123,1,0.0,297.41
14289,2024-01-18,20,14,476,1,0.0,49.79
14290,2024-09-29,11,25,336,1,0.0,144.03
14291,2024-07-17,10,17,111,1,0.0,115.98
14292,2024-07-03,8,17,191,2,0.2,185.57
14293,2024-01-31,20,6,297,1,0.0,132.1
14294,2024-08-27,16,7,385,1,0.0,150.73
14295,2023-05-08,6,6,180,1,0.0,132.1
14296,2023-05-29,2,12,432,1,0.2,61.2
14297,2023-03-24,20,5,103,1,0.0,33.68
14298,2023-03-05,13,22,457,2,0.0,594.82
14299,2023-09-18,14,15,328,1,0.0,62.21
14300,2024-08-14,4,5,77,1,0.0,33.68
14301,2024-01-26,16,9,58,1,0.0,14.86
14302,2024-08-14,3,15,292,1,0.0,62.21
14303,2024-03-06,19,11,295,1,0.0,11.04
14304,2023-07-13,7,24,190,2,0.15,332.11
14305,2023-09-02,2,12,109,1,0.1,68.85
14306,2024-10-04,3,1,126,2,0.0,244.78
14307,2024-07-22,16,24,286,1,0.0,195.36
14308,2023-08-10,2,23,165,2,0.0,404.86
14309,2024-10-18,13,11,272,1,0.0,11.04
14310,2023-05-16,17,3,409,1,0.1,76.07
14311,2024-05-03,12,25,119,4,0.2,460.9
14312,2023-08-30,11,3,432,1,0.0,84.52
14313,2023-12-23,6,24,28,2,0.1,351.65
14314,2023-05-20,20,18,346,1,0.1,195.06
14315,2023-10-11,18,18,490,2,0.1,390.11
14316,2024-05-17,9,6,246,2,0.0,264.2
14317,2024-05-31,4,15,59,1,0.0,62.21
14318,2023-07-10,18,8,81,1,0.0,176.75
14319,2024-02-17,19,12,438,1,0.0,76.5
14320,2024-11-11,10,12,382,1,0.2,61.2
14321,2024-01-13,4,24,232,1,0.0,195.36
14322,2023-08-25,19,12,499,1,0.0,76.5
14323,2023-06-19,5,3,71,1,0.0,84.52
14324,2024-08-15,8,21,43,1,0.0,155.14
14325,2024-03-27,15,10,262,2,0.2,228.4
14326,2024-03-17,11,22,464,1,0.0,297.41
14327,2023-01-09,8,21,291,1,0.2,124.11
14328,2024-10-28,9,18,352,1,0.0,216.73
14329,2024-03-25,12,15,429,1,0.0,62.21
14330,2024-10-21,2,7,162,4,0.0,602.92
14331,2023-11-30,16,15,372,1,0.0,62.21
14332,2024-05-09,19,13,41,1,0.1,172.4
14333,2024-04-14,10,18,105,1,0.0,216.73
14334,2023-03-17,5,9,343,1,0.0,14.86
14335,2023-11-21,11,4,106,1,0.0,220.67
14336,2023-12-23,3,21,36,1,0.0,155.14
14337,2024-12-12,2,3,439,1,0.0,84.52
14338,2024-08-24,5,22,461,1,0.0,297.41
14339,2024-04-15,6,1,26,1,0.15,104.03
14340,2024-09-25,9,24,264,3,0.0,586.08
14341,2023-02-05,7,25,195,1,0.0,144.03
14342,2024-08-28,12,9,231,1,0.0,14.86
14343,2024-10-21,12,2,214,1,0.0,14.78
14344,2023-07-10,20,8,132,1,0.0,176.75
14345,2023-07-21,7,23,296,1,0.0,202.43
14346,2023-04-13,14,7,275,1,0.0,150.73
14347,2024-01-22,15,13,500,1,0.1,172.4
14348,2023-01-05,17,22,275,1,0.0,297.41
14349,2023-11-13,19,17,389,1,0.0,115.98
14350,2023-10-06,8,16,397,1,0.0,99.12
14351,2024-08-16,9,10,137,1,0.0,142.75
14352,2023-04-19,2,6,403,1,0.0,132.1
14353,2023-03-11,1,15,154,1,0.2,49.77
14354,2023-05-30,16,25,400,1,0.0,144.03
14355,2024-08-30,16,17,134,3,0.0,347.94
14356,2024-09-29,7,21,179,1,0.0,155.14
14357,2023-10-13,19,12,77,1,0.0,76.5
14358,2023-04-28,1,8,55,1,0.0,176.75
14359,2024-06-21,3,16,259,1,0.0,99.12
14360,2024-07-12,20,2,213,2,0.0,29.56
14361,2024-09-17,20,2,329,1,0.0,14.78
14362,2023-04-27,7,7,492,1,0.0,150.73
14363,2023-06-09,19,23,126,1,0.2,161.94
14364,2024-01-14,15,19,498,1,0.0,132.95
14365,2023-11-10,17,10,455,2,0.0,285.5
14366,2024-10-11,3,7,52,2,0.0,301.46
14367,2023-04-02,11,8,367,3,0.0,530.25
14368,2024-05-26,2,8,438,2,0.0,353.5
14369,2023-07-13,10,14,235,2,0.0,99.58
14370,2024-01-14,13,14,28,1,0.0,49.79
14371,2024-10-20,3,4,446,1,0.0,220.67
14372,2024-02-26,10,18,431,2,0.0,433.46
14373,2024-12-06,10,9,427,2,0.0,29.72
14374,2023-12-09,10,7,214,1,0.0,150.73
14375,2023-06-16,1,22,467,1,0.0,297.41
14376,2023-07-02,4,13,426,2,0.0,383.12
14377,2023-08-25,11,8,364,3,0.0,530.25
14378,2023-09-14,13,20,319,2,0.1,316.87
14379,2024-12-27,5,1,340,1,0.0,122.39
14380,2023-09-13,19,4,146,1,0.0,220.67
14381,2023-01-05,16,15,429,4,0.0,248.84
14382,2023-03-27,15,8,127,1,0.0,176.75
14383,2024-11-09,13,17,197,1,0.0,115.98
14384,2023-03-05,20,22,475,2,0.0,594.82
14385,2023-12-15,9,18,242,1,0.0,216.73
14386,2024-12-22,2,4,214,1,0.0,220.67
14387,2023-02-21,8,9,475,4,0.1,53.5
14388,2024-08-07,17,22,437,1,0.0,297.41
14389,2023-03-20,2,21,227,1,0.15,131.87
14390,2024-08-14,12,5,56,1,0.0,33.68
14391,2024-02-05,7,20,173,1,0.0,176.04
14392,2023-05-17,3,20,133,2,0.1,316.87
14393,2024-10-09,3,9,379,1,0.0,14.86
14394,2023-07-01,1,22,468,1,0.15,252.8
14395,2023-06-24,6,17,150,1,0.0,115.98
14396,2024-10-10,4,21,250,1,0.0,155.14
14397,2023-12-13,17,23,22,1,0.0,202.43
14398,2024-09-13,11,19,224,1,0.0,132.95
14399,2023-09-17,3,18,271,1,0.1,195.06
14400,2023-12-07,7,4,346,1,0.0,220.67
14401,2023-07-21,14,10,201,1,0.0,142.75
14402,2024-01-04,1,11,72,1,0.0,11.04
14403,2024-06-14,11,7,482,2,0.15,256.24
14404,2024-09-03,3,20,169,2,0.0,352.08
14405,2024-03-17,11,15,283,1,0.0,62.21
14406,2023-04-30,15,16,332,1,0.1,89.21
14407,2024-09-19,4,17,342,1,0.1,104.38
14408,2024-01-18,16,4,281,1,0.0,220.67
14409,2023-06-24,19,8,31,1,0.0,176.75
14410,2024-12-24,10,24,304,4,0.0,781.44
14411,2023-07-02,6,16,44,1,0.0,99.12
14412,2024-08-21,4,4,330,2,0.1,397.21
14413,2024-12-10,6,12,293,1,0.1,68.85
14414,2024-08-19,20,11,139,1,0.1,9.94
14415,2024-05-30,4,4,149,2,0.0,441.34
14416,2023-04-23,10,21,4,1,0.2,124.11
14417,2023-03-28,7,1,418,1,0.0,122.39
14418,2024-06-09,12,24,356,1,0.0,195.36
14419,2024-12-19,19,1,98,1,0.0,122.39
14420,2024-08-17,4,21,146,1,0.0,155.14
14421,2023-06-22,14,9,165,1,0.0,14.86
14422,2023-06-07,1,5,464,1,0.0,33.68
14423,2023-05-04,6,13,421,1,0.0,191.56
14424,2024-12-15,10,25,456,1,0.1,129.63
14425,2023-02-13,5,20,27,1,0.0,176.04
14426,2024-09-26,17,25,332,1,0.0,144.03
14427,2023-11-06,14,19,317,2,0.0,265.9
14428,2024-05-30,17,1,492,1,0.0,122.39
14429,2024-06-17,13,24,207,1,0.0,195.36
14430,2024-01-08,20,14,153,1,0.0,49.79
14431,2024-07-10,3,8,354,2,0.1,318.15
14432,2024-07-09,5,13,238,1,0.0,191.56
14433,2023-07-11,20,16,64,1,0.15,84.25
14434,2023-09-11,13,17,235,2,0.0,231.96
14435,2024-11-20,4,15,468,1,0.0,62.21
14436,2024-03-02,10,20,490,1,0.0,176.04
14437,2023-10-07,19,3,64,1,0.0,84.52
14438,2023-11-05,4,20,287,1,0.0,176.04
14439,2024-11-04,4,9,98,2,0.0,29.72
14440,2023-03-05,17,6,162,1,0.0,132.1
14441,2023-05-21,7,20,53,2,0.0,352.08
14442,2024-01-03,13,18,425,4,0.0,866.92
14443,2024-06-30,6,5,455,1,0.0,33.68
14444,2023-08-30,10,18,94,3,0.0,650.19
14445,2024-07-10,9,10,479,1,0.0,142.75
14446,2023-01-13,5,25,76,1,0.0,144.03
14447,2023-09-15,13,19,90,2,0.0,265.9
14448,2024-02-07,16,22,427,1,0.0,297.41
14449,2023-03-25,8,22,400,1,0.0,297.41
14450,2023-06-11,1,10,72,1,0.15,121.34
14451,2023-11-27,9,10,82,2,0.0,285.5
14452,2023-09-05,18,6,218,1,0.0,132.1
14453,2024-03-27,2,1,417,1,0.0,122.39
14454,2024-04-03,16,16,198,1,0.0,99.12
14455,2023-01-31,10,15,396,1,0.0,62.21
14456,2023-05-18,20,9,471,1,0.15,12.63
14457,2023-07-22,19,18,385,3,0.0,650.19
14458,2024-07-02,16,14,328,1,0.0,49.79
14459,2024-12-24,14,9,363,1,0.0,14.86
14460,2024-02-09,16,1,155,3,0.0,367.17
14461,2023-02-23,18,13,359,1,0.0,191.56
14462,2024-05-26,16,2,442,1,0.15,12.56
14463,2023-05-18,3,9,21,1,0.0,14.86
14464,2024-04-04,11,20,92,2,0.1,316.87
14465,2023-10-27,2,10,11,1,0.0,142.75
14466,2023-09-04,7,11,358,1,0.0,11.04
14467,2023-02-06,12,16,438,3,0.1,267.62
14468,2023-03-16,1,24,353,1,0.0,195.36
14469,2024-11-20,20,18,366,1,0.0,216.73
14470,2024-05-19,5,16,146,1,0.0,99.12
14471,2024-04-18,5,23,177,1,0.2,161.94
14472,2023-10-11,6,1,222,1,0.0,122.39
14473,2023-12-03,14,7,382,3,0.0,452.19
14474,2024-11-13,19,2,344,1,0.0,14.78
14475,2023-08-01,19,17,92,2,0.0,231.96
14476,2024-05-12,14,14,386,1,0.1,44.81
14477,2024-12-27,19,12,283,1,0.0,76.5
14478,2023-11-23,8,13,285,2,0.0,383.12
14479,2024-11-18,6,4,408,1,0.1,198.6
14480,2024-06-07,19,22,98,2,0.2,475.86
14481,2024-01-26,7,13,497,1,0.0,191.56
14482,2024-11-17,15,14,282,2,0.0,99.58
14483,2024-10-28,14,23,265,1,0.0,202.43
14484,2023-01-22,16,20,453,3,0.0,528.12
14485,2023-02-10,9,17,93,2,0.1,208.76
14486,2024-10-28,8,14,181,2,0.0,99.58
14487,2024-04-12,8,25,41,1,0.1,129.63
14488,2024-06-17,20,1,309,1,0.0,122.39
14489,2024-01-12,19,2,121,1,0.1,13.3
14490,2023-03-14,3,23,372,1,0.2,161.94
14491,2024-03-12,19,21,304,1,0.0,155.14
14492,2023-07-11,3,14,334,1,0.2,39.83
14493,2023-07-15,11,5,128,2,0.0,67.36
14494,2023-11-16,2,10,178,2,0.0,285.5
14495,2023-01-08,16,12,438,1,0.0,76.5
14496,2024-11-16,12,5,4,1,0.0,33.68
14497,2024-07-25,18,7,471,1,0.2,120.58
14498,2023-11-01,19,9,313,1,0.0,14.86
14499,2024-09-18,13,24,102,1,0.0,195.36
14500,2023-12-21,17,24,214,1,0.15,166.06
14501,2024-12-22,5,1,394,1,0.0,122.39
14502,2023-03-14,8,6,280,1,0.0,132.1
14503,2023-01-12,11,12,467,1,0.0,76.5
14504,2024-08-15,12,12,38,1,0.0,76.5
14505,2024-09-17,9,3,283,1,0.0,84.52
14506,2023-10-14,12,4,143,1,0.0,220.67
14507,2023-06-25,6,7,461,1,0.0,150.73
14508,2024-01-15,19,5,171,1,0.15,28.63
14509,2023-12-27,7,3,363,1,0.0,84.52
14510,2023-02-05,11,14,314,1,0.0,49.79
14511,2023-03-10,12,12,151,2,0.0,153.0
14512,2023-04-09,19,6,212,1,0.0,132.1
14513,2023-08-02,12,5,57,1,0.15,28.63
14514,2024-12-21,4,21,14,2,0.0,310.28
14515,2024-09-02,14,17,255,1,0.0,115.98
14516,2023-11-22,8,18,441,2,0.0,433.46
14517,2024-03-15,8,24,206,1,0.0,195.36
14518,2023-12-31,1,16,483,2,0.0,198.24
14519,2023-12-10,9,25,34,1,0.0,144.03
14520,2024-05-18,8,25,255,1,0.0,144.03
14521,2023-05-26,5,14,122,1,0.0,49.79
14522,2023-09-25,5,2,215,1,0.1,13.3
14523,2024-12-19,17,3,403,1,0.0,84.52
14524,2024-04-22,2,11,364,1,0.0,11.04
14525,2023-07-23,6,10,111,1,0.0,142.75
14526,2024-10-10,18,20,58,1,0.0,176.04
14527,2023-05-24,17,21,42,2,0.0,310.28
14528,2024-03-27,3,7,455,1,0.0,150.73
14529,2024-06-22,20,19,335,1,0.0,132.95
14530,2024-08-06,8,15,181,2,0.0,124.42
14531,2023-11-11,11,14,450,1,0.0,49.79
14532,2023-05-23,4,14,37,2,0.2,79.66
14533,2023-06-15,15,2,384,1,0.0,14.78
14534,2023-11-21,14,22,126,1,0.0,297.41
14535,2024-05-24,7,11,37,1,0.1,9.94
14536,2023-03-31,10,17,311,2,0.0,231.96
14537,2023-07-30,8,25,54,1,0.0,144.03
14538,2023-01-17,18,13,258,1,0.0,191.56
14539,2024-02-17,6,20,499,1,0.0,176.04
14540,2023-09-04,2,12,419,2,0.0,153.0
14541,2024-03-18,11,22,401,1,0.0,297.41
14542,2024-08-18,9,21,345,1,0.0,155.14
14543,2023-01-27,1,18,121,2,0.0,433.46
14544,2024-06-29,4,4,261,1,0.0,220.67
14545,2023-01-20,8,2,361,1,0.0,14.78
14546,2024-03-03,10,6,281,1,0.0,132.1
14547,2024-01-17,3,5,347,1,0.0,33.68
14548,2023-02-08,2,4,67,1,0.0,220.67
14549,2023-03-11,17,8,79,1,0.0,176.75
14550,2023-11-09,1,6,279,2,0.0,264.2
14551,2023-03-31,15,11,24,2,0.0,22.08
14552,2023-05-18,17,8,135,2,0.0,353.5
14553,2024-03-08,3,12,218,1,0.1,68.85
14554,2024-10-11,18,1,241,1,0.0,122.39
14555,2024-06-29,15,24,329,1,0.0,195.36
14556,2024-10-09,7,20,95,1,0.0,176.04
14557,2023-03-07,10,8,291,2,0.0,353.5
14558,2024-09-13,19,3,245,2,0.1,152.14
14559,2023-01-12,7,24,341,2,0.0,390.72
14560,2023-05-12,1,15,144,1,0.0,62.21
14561,2023-07-12,10,20,341,2,0.0,352.08
14562,2024-05-22,9,24,110,1,0.0,195.36
14563,2023-07-29,10,7,157,1,0.0,150.73
14564,2023-05-13,4,14,23,1,0.0,49.79
14565,2024-02-26,12,10,34,2,0.1,256.95
14566,2023-02-16,1,5,151,1,0.0,33.68
14567,2024-02-09,1,3,34,1,0.1,76.07
14568,2023-01-13,10,4,57,1,0.0,220.67
14569,2023-07-24,4,17,121,1,0.0,115.98
14570,2023-12-24,15,19,293,2,0.15,226.02
14571,2023-11-24,16,1,390,1,0.1,110.15
14572,2023-05-31,5,4,348,1,0.15,187.57
14573,2023-08-26,20,25,492,1,0.0,144.03
14574,2024-01-01,14,4,387,1,0.0,220.67
14575,2024-12-10,3,2,251,1,0.1,13.3
14576,2024-01-22,3,6,364,2,0.0,264.2
14577,2024-06-19,20,16,457,1,0.0,99.12
14578,2024-07-26,19,23,284,1,0.0,202.43
14579,2024-05-23,18,23,464,2,0.0,404.86
14580,2024-04-09,16,6,217,1,0.0,132.1
14581,2024-05-02,15,10,470,1,0.15,121.34
14582,2024-01-15,3,13,112,2,0.0,383.12
14583,2024-05-27,16,6,238,1,0.0,132.1
14584,2024-11-26,7,5,311,1,0.0,33.68
14585,2024-07-03,3,23,273,2,0.0,404.86
14586,2024-08-10,8,11,315,2,0.0,22.08
14587,2024-04-12,6,5,22,1,0.0,33.68
14588,2023-10-12,17,8,244,1,0.0,176.75
14589,2023-08-19,2,14,141,2,0.0,99.58
14590,2024-01-05,4,4,301,1,0.0,220.67
14591,2023-09-16,11,15,175,2,0.0,124.42
14592,2024-05-28,14,4,476,1,0.0,220.67
14593,2024-06-06,3,7,331,1,0.0,150.73
14594,2024-04-12,8,22,144,1,0.0,297.41
14595,2023-04-27,18,22,285,1,0.1,267.67
14596,2024-12-19,13,4,399,2,0.0,441.34
14597,2023-11-16,2,23,127,2,0.0,404.86
14598,2024-10-03,4,10,179,1,0.0,142.75
14599,2024-05-11,11,25,262,1,0.0,144.03
14600,2023-12-06,19,21,55,1,0.15,131.87
14601,2024-07-06,11,14,123,1,0.0,49.79
14602,2024-11-05,2,21,186,1,0.0,155.14
14603,2023-10-13,10,4,308,1,0.0,220.67
14604,2023-07-15,8,25,299,2,0.1,259.25
14605,2023-07-07,15,9,42,2,0.0,29.72
14606,2024-11-21,9,24,16,1,0.0,195.36
14607,2024-02-25,8,8,265,1,0.0,176.75
14608,2023-11-18,15,23,5,1,0.0,202.43
14609,2023-05-24,2,16,379,1,0.0,99.12
14610,2024-04-24,3,3,394,1,0.0,84.52
14611,2023-12-18,9,15,96,1,0.0,62.21
14612,2023-02-26,12,10,184,2,0.0,285.5
14613,2024-11-29,11,24,387,1,0.0,195.36
14614,2023-08-13,11,20,137,3,0.0,528.12
14615,2023-10-17,2,19,231,1,0.0,132.95
14616,2024-06-12,19,6,347,1,0.1,118.89
14617,2024-02-28,15,6,240,1,0.0,132.1
14618,2024-12-16,17,18,276,1,0.0,216.73
14619,2024-08-24,6,14,330,1,0.0,49.79
14620,2023-05-19,4,15,391,1,0.0,62.21
14621,2023-02-02,2,24,234,2,0.0,390.72
14622,2023-05-24,1,17,474,4,0.15,394.33
14623,2023-10-11,1,15,394,1,0.0,62.21
14624,2024-09-25,10,6,254,1,0.0,132.1
14625,2023-03-11,4,4,401,1,0.0,220.67
14626,2023-06-27,10,25,207,1,0.0,144.03
14627,2023-04-19,15,19,188,1,0.1,119.65
14628,2024-11-15,1,23,457,1,0.0,202.43
14629,2023-10-14,4,9,483,1,0.0,14.86
14630,2023-01-24,10,23,283,2,0.0,404.86
14631,2024-03-13,14,20,248,2,0.0,352.08
14632,2023-03-25,17,17,215,4,0.0,463.92
14633,2023-09-21,9,10,77,1,0.1,128.48
14634,2024-03-19,5,7,395,1,0.0,150.73
14635,2023-10-27,10,17,422,1,0.0,115.98
14636,2024-05-24,2,23,357,1,0.0,202.43
14637,2023-09-22,19,2,281,2,0.0,29.56
14638,2024-02-29,16,3,43,1,0.0,84.52
14639,2023-04-28,1,18,61,1,0.0,216.73
14640,2024-05-29,15,16,239,1,0.0,99.12
14641,2023-01-15,8,17,125,4,0.0,463.92
14642,2023-06-10,11,1,238,1,0.0,122.39
14643,2023-02-18,10,23,338,2,0.0,404.86
14644,2023-10-28,8,4,403,1,0.1,198.6
14645,2023-01-30,15,4,126,1,0.0,220.67
14646,2023-05-18,10,6,431,2,0.0,264.2
14647,2024-01-21,14,2,396,1,0.0,14.78
14648,2024-06-26,19,23,315,2,0.0,404.86
14649,2024-05-09,9,20,308,1,0.0,176.04
14650,2024-11-07,2,2,134,1,0.0,14.78
14651,2023-08-22,17,2,52,1,0.15,12.56
14652,2024-04-20,15,4,320,1,0.0,220.67
14653,2024-09-01,17,2,478,1,0.0,14.78
14654,2024-08-27,19,11,74,1,0.0,11.04
14655,2023-09-25,13,5,431,1,0.0,33.68
14656,2024-08-10,6,16,146,1,0.0,99.12
14657,2024-04-23,1,19,145,1,0.1,119.65
14658,2024-06-24,4,17,54,2,0.0,231.96
14659,2024-11-03,17,18,219,1,0.0,216.73
14660,2023-10-23,8,6,70,1,0.0,132.1
14661,2023-09-11,3,4,417,1,0.2,176.54
14662,2023-09-28,12,10,353,1,0.0,142.75
14663,2024-01-24,12,5,50,1,0.0,33.68
14664,2024-06-06,4,2,86,1,0.1,13.3
14665,2024-04-19,12,19,305,1,0.0,132.95
14666,2023-03-24,16,18,30,1,0.0,216.73
14667,2023-01-23,8,14,139,1,0.0,49.79
14668,2023-09-05,15,17,139,2,0.0,231.96
14669,2023-07-22,5,14,182,1,0.0,49.79
14670,2024-01-26,16,10,152,1,0.0,142.75
14671,2023-01-30,11,10,108,1,0.15,121.34
14672,2024-01-25,5,3,162,1,0.0,84.52
14673,2023-04-04,5,25,106,1,0.2,115.22
14674,2023-05-07,3,12,421,1,0.0,76.5
14675,2023-12-21,3,24,59,1,0.0,195.36
14676,2024-08-29,1,1,328,2,0.2,195.82
14677,2023-05-21,1,15,195,1,0.0,62.21
14678,2023-01-12,16,12,53,1,0.0,76.5
14679,2023-09-11,13,8,333,1,0.0,176.75
14680,2024-08-20,7,20,28,1,0.0,176.04
14681,2023-02-03,12,7,447,3,0.0,452.19
14682,2023-05-12,6,1,39,1,0.0,122.39
14683,2024-11-06,14,15,402,1,0.0,62.21
14684,2024-03-24,8,19,384,1,0.0,132.95
14685,2024-01-10,7,15,287,2,0.0,124.42
14686,2023-09-29,5,19,162,1,0.0,132.95
14687,2024-03-10,4,1,64,2,0.0,244.78
14688,2024-02-24,4,5,494,1,0.0,33.68
14689,2024-12-25,20,23,293,1,0.0,202.43
14690,2024-09-17,10,16,139,2,0.0,198.24
14691,2023-05-26,14,9,406,2,0.0,29.72
14692,2024-12-09,11,24,162,1,0.1,175.82
14693,2023-08-03,15,13,391,1,0.0,191.56
14694,2023-11-21,5,10,206,1,0.0,142.75
14695,2024-06-26,5,18,369,1,0.0,216.73
14696,2024-10-18,20,2,189,2,0.0,29.56
14697,2023-03-03,18,21,55,1,0.0,155.14
14698,2023-10-04,20,1,298,1,0.0,122.39
14699,2024-11-02,6,7,410,1,0.0,150.73
14700,2023-07-16,5,5,100,1,0.0,33.68
14701,2023-12-22,19,25,118,1,0.0,144.03
14702,2023-12-23,7,20,486,1,0.0,176.04
14703,2024-11-16,11,6,449,4,0.15,449.14
14704,2024-10-22,6,8,261,2,0.0,353.5
14705,2024-06-14,1,23,173,2,0.0,404.86
14706,2023-01-29,16,9,162,1,0.0,14.86
14707,2023-02-16,16,7,367,2,0.0,301.46
14708,2024-11-12,19,19,352,2,0.0,265.9
14709,2024-10-07,15,2,414,1,0.0,14.78
14710,2023-08-05,12,9,133,1,0.15,12.63
14711,2023-10-29,5,9,184,1,0.0,14.86
14712,2023-07-05,9,16,361,2,0.15,168.5
14713,2024-12-19,16,17,248,2,0.0,231.96
14714,2023-09-17,10,22,399,1,0.0,297.41
14715,2023-10-08,19,13,200,1,0.0,191.56
14716,2023-09-28,19,1,126,1,0.15,104.03
14717,2023-02-04,10,19,219,1,0.0,132.95
14718,2023-10-17,2,18,25,1,0.0,216.73
14719,2024-03-21,1,5,198,1,0.2,26.94
14720,2024-08-04,18,6,448,1,0.0,132.1
14721,2024-06-07,5,15,200,2,0.0,124.42
14722,2023-11-01,5,25,492,1,0.0,144.03
14723,2024-11-18,12,19,411,2,0.0,265.9
14724,2023-08-01,16,17,237,2,0.1,208.76
14725,2024-08-30,8,23,403,1,0.0,202.43
14726,2024-07-29,12,8,463,2,0.0,353.5
14727,2024-10-29,10,11,335,1,0.1,9.94
14728,2024-01-24,1,11,299,1,0.1,9.94
14729,2023-04-14,5,14,63,1,0.0,49.79
14730,2023-01-23,9,3,13,2,0.0,169.04
14731,2024-04-24,6,7,441,1,0.0,150.73
14732,2024-01-05,9,3,415,2,0.0,169.04
14733,2023-12-29,20,12,223,1,0.0,76.5
14734,2023-02-14,3,18,387,1,0.0,216.73
14735,2024-03-20,2,10,294,1,0.0,142.75
14736,2024-09-21,8,12,73,1,0.0,76.5
14737,2024-10-09,9,10,240,1,0.0,142.75
14738,2023-02-01,15,23,289,1,0.2,161.94
14739,2023-05-27,13,17,488,1,0.0,115.98
14740,2023-05-20,12,10,343,1,0.0,142.75
14741,2023-04-17,16,9,152,2,0.15,25.26
14742,2023-07-26,4,16,352,1,0.0,99.12
14743,2024-02-08,2,20,112,1,0.0,176.04
14744,2023-05-15,12,9,31,1,0.0,14.86
14745,2024-10-26,8,3,384,1,0.0,84.52
14746,2024-11-27,19,22,153,1,0.0,297.41
14747,2023-09-10,20,16,261,1,0.0,99.12
14748,2024-06-27,9,7,486,3,0.0,452.19
14749,2023-10-01,5,23,236,1,0.15,172.07
14750,2024-07-24,19,7,184,3,0.0,452.19
14751,2023-06-09,8,24,219,1,0.0,195.36
14752,2023-04-03,16,14,303,1,0.0,49.79
14753,2023-09-28,19,21,213,1,0.0,155.14
14754,2023-09-26,11,24,475,1,0.1,175.82
14755,2023-11-10,12,14,365,2,0.0,99.58
14756,2024-09-30,12,7,432,2,0.0,301.46
14757,2024-04-12,17,8,449,1,0.0,176.75
14758,2023-04-29,6,12,230,1,0.0,76.5
14759,2023-07-17,4,18,253,2,0.0,433.46
14760,2024-12-27,5,9,225,2,0.1,26.75
14761,2023-04-20,17,8,118,2,0.0,353.5
14762,2023-05-16,5,13,478,2,0.0,383.12
14763,2024-11-01,6,20,110,2,0.0,352.08
14764,2024-09-06,7,17,202,2,0.0,231.96
14765,2024-11-12,16,17,199,2,0.0,231.96
14766,2023-04-15,15,1,210,2,0.0,244.78
14767,2023-10-05,1,17,393,1,0.0,115.98
14768,2024-11-02,9,16,373,1,0.0,99.12
14769,2024-02-03,11,14,340,1,0.0,49.79
14770,2024-01-11,4,25,42,3,0.0,432.09
14771,2023-06-17,18,12,194,2,0.0,153.0
14772,2023-08-25,17,24,41,1,0.2,156.29
14773,2023-05-06,1,20,180,2,0.0,352.08
14774,2023-01-07,5,1,363,1,0.0,122.39
14775,2023-05-15,18,18,368,1,0.0,216.73
14776,2024-09-09,6,1,20,3,0.0,367.17
14777,2024-05-03,10,24,348,1,0.2,156.29
14778,2024-10-13,11,14,301,1,0.0,49.79
14779,2024-01-01,6,4,407,1,0.0,220.67
14780,2024-06-22,5,21,227,1,0.0,155.14
14781,2024-03-06,16,18,247,1,0.0,216.73
14782,2023-10-07,6,20,106,1,0.0,176.04
14783,2024-10-01,7,8,163,1,0.0,176.75
14784,2024-12-25,8,3,420,1,0.0,84.52
14785,2024-10-16,15,6,100,1,0.0,132.1
14786,2023-05-17,15,11,267,1,0.0,11.04
14787,2023-08-10,20,13,215,1,0.15,162.83
14788,2024-08-15,6,9,41,1,0.0,14.86
14789,2023-12-01,5,4,195,2,0.0,441.34
14790,2023-01-02,16,20,226,2,0.0,352.08
14791,2023-06-19,3,20,132,2,0.0,352.08
14792,2023-07-18,9,21,489,1,0.0,155.14
14793,2024-12-14,19,15,342,3,0.0,186.63
14794,2024-01-27,11,7,111,1,0.0,150.73
14795,2024-05-23,3,16,185,1,0.15,84.25
14796,2024-01-01,16,23,128,1,0.2,161.94
14797,2023-04-25,1,20,183,1,0.0,176.04
14798,2023-07-05,1,9,287,2,0.15,25.26
14799,2024-08-04,18,13,100,1,0.0,191.56
14800,2023-03-09,18,7,233,1,0.15,128.12
14801,2023-08-16,1,4,341,1,0.15,187.57
14802,2024-08-04,12,7,27,1,0.1,135.66
14803,2024-05-02,20,24,108,1,0.0,195.36
14804,2023-08-27,15,3,231,1,0.0,84.52
14805,2023-08-22,4,9,67,3,0.0,44.58
14806,2024-09-18,16,23,99,1,0.0,202.43
14807,2023-10-09,3,10,380,1,0.0,142.75
14808,2023-11-15,2,23,458,1,0.1,182.19
14809,2023-06-13,15,15,343,1,0.1,55.99
14810,2024-01-18,20,19,328,1,0.0,132.95
14811,2024-12-05,14,24,279,1,0.0,195.36
14812,2023-01-19,1,14,312,1,0.0,49.79
14813,2023-03-02,16,19,78,2,0.2,212.72
14814,2023-06-26,1,5,288,1,0.0,33.68
14815,2024-11-01,3,25,447,2,0.0,288.06
14816,2023-06-10,4,12,268,1,0.0,76.5
14817,2024-08-21,9,20,178,2,0.0,352.08
14818,2023-07-04,8,11,306,2,0.0,22.08
14819,2024-10-20,11,21,292,3,0.0,465.42
14820,2024-02-28,2,4,68,1,0.0,220.67
14821,2023-08-29,7,15,39,2,0.0,124.42
14822,2023-12-02,20,1,265,2,0.0,244.78
14823,2024-04-20,12,15,59,3,0.0,186.63
14824,2024-04-16,12,19,229,1,0.0,132.95
14825,2024-09-27,1,10,102,1,0.0,142.75
14826,2023-06-21,7,9,8,2,0.15,25.26
14827,2024-07-18,17,25,276,1,0.0,144.03
14828,2023-02-28,14,25,443,2,0.0,288.06
14829,2023-01-04,20,12,145,3,0.0,229.5
14830,2023-03-10,15,8,173,2,0.0,353.5
14831,2023-01-13,6,7,489,2,0.0,301.46
14832,2023-10-14,4,7,485,1,0.0,150.73
14833,2023-08-15,1,3,25,1,0.1,76.07
14834,2024-03-30,17,16,321,1,0.0,99.12
14835,2024-07-13,14,19,253,1,0.0,132.95
14836,2024-10-27,12,7,265,1,0.0,150.73
14837,2024-12-18,11,10,175,2,0.1,256.95
14838,2024-11-30,1,24,301,1,0.0,195.36
14839,2023-12-13,4,7,156,1,0.2,120.58
14840,2023-12-20,15,18,91,1,0.0,216.73
14841,2023-09-12,13,4,212,1,0.0,220.67
14842,2024-09-28,10,23,347,1,0.1,182.19
14843,2024-02-07,5,12,229,1,0.0,76.5
14844,2023-07-02,17,18,220,1,0.0,216.73
14845,2023-12-04,10,12,393,2,0.0,153.0
14846,2024-12-10,8,2,334,2,0.0,29.56
14847,2024-07-20,9,25,392,2,0.0,288.06
14848,2024-11-02,9,21,465,1,0.0,155.14
14849,2024-02-15,5,24,55,2,0.0,390.72
14850,2024-05-13,13,1,134,1,0.0,122.39
14851,2024-11-10,20,11,446,1,0.0,11.04
14852,2023-07-26,19,2,463,1,0.0,14.78
14853,2023-10-21,4,5,218,1,0.0,33.68
14854,2024-01-22,15,22,132,2,0.0,594.82
14855,2023-02-04,15,3,285,2,0.0,169.04
14856,2024-11-26,14,2,289,1,0.0,14.78
14857,2024-06-07,12,17,273,1,0.0,115.98
14858,2023-11-19,20,15,39,1,0.0,62.21
14859,2023-03-30,2,12,203,1,0.0,76.5
14860,2024-10-23,14,8,235,1,0.2,141.4
14861,2024-10-18,5,15,220,2,0.0,124.42
14862,2023-10-24,3,7,259,1,0.0,150.73
14863,2024-04-03,20,10,121,1,0.0,142.75
14864,2024-10-30,19,5,231,1,0.0,33.68
14865,2024-07-04,20,15,458,1,0.0,62.21
14866,2023-11-16,2,20,38,1,0.0,176.04
14867,2023-06-13,9,23,295,1,0.0,202.43
14868,2023-08-06,4,11,221,1,0.0,11.04
14869,2023-09-30,12,1,347,2,0.0,244.78
14870,2024-11-17,5,16,475,1,0.0,99.12
14871,2023-09-22,8,23,480,1,0.0,202.43
14872,2024-03-25,18,23,8,1,0.0,202.43
14873,2023-10-04,15,6,2,1,0.0,132.1
14874,2023-10-27,2,15,248,1,0.0,62.21
14875,2024-10-05,19,25,103,1,0.0,144.03
14876,2024-02-03,12,12,35,1,0.0,76.5
14877,2024-06-05,15,8,192,1,0.0,176.75
14878,2024-02-08,19,9,92,2,0.0,29.72
14879,2024-03-18,19,12,72,1,0.0,76.5
14880,2023-02-21,8,12,343,2,0.0,153.0
14881,2023-06-12,16,16,488,1,0.2,79.3
14882,2023-08-02,11,20,398,3,0.0,528.12
14883,2024-05-23,4,24,73,1,0.0,195.36
14884,2024-01-08,13,23,457,1,0.0,202.43
14885,2024-05-10,6,23,38,1,0.0,202.43
14886,2023-06-08,8,10,3,2,0.0,285.5
14887,2023-01-28,18,20,400,1,0.15,149.63
14888,2023-12-16,17,23,442,1,0.15,172.07
14889,2024-08-12,12,7,404,1,0.0,150.73
14890,2024-08-24,4,19,189,1,0.0,132.95
14891,2023-08-28,5,10,362,1,0.0,142.75
14892,2023-11-25,13,4,195,1,0.0,220.67
14893,2023-01-21,1,4,298,2,0.0,441.34
14894,2024-07-06,1,21,449,1,0.0,155.14
14895,2023-12-08,18,18,109,1,0.0,216.73
14896,2024-02-22,20,13,24,1,0.1,172.4
14897,2024-12-15,1,20,104,1,0.0,176.04
14898,2023-10-03,3,17,421,2,0.1,208.76
14899,2023-09-09,13,13,174,1,0.0,191.56
14900,2024-10-31,7,7,65,2,0.1,271.31
14901,2024-08-25,17,8,166,1,0.0,176.75
14902,2024-03-20,18,8,137,4,0.0,707.0
14903,2024-09-23,20,20,440,1,0.0,176.04
14904,2024-03-30,15,4,418,2,0.0,441.34
14905,2023-01-29,16,8,411,1,0.0,176.75
14906,2023-02-14,14,5,23,1,0.0,33.68
14907,2023-01-26,16,22,140,1,0.0,297.41
14908,2024-01-22,4,7,426,1,0.0,150.73
14909,2023-10-12,8,24,127,1,0.0,195.36
14910,2024-03-31,2,23,27,1,0.0,202.43
14911,2023-10-12,19,23,41,1,0.0,202.43
14912,2024-11-07,10,5,457,1,0.1,30.31
14913,2023-10-18,7,24,199,3,0.0,586.08
14914,2024-07-27,15,16,43,1,0.0,99.12
14915,2024-11-07,13,20,123,2,0.0,352.08
14916,2024-05-30,15,15,224,1,0.0,62.21
14917,2023-07-10,3,13,465,1,0.0,191.56
14918,2024-01-02,16,23,363,1,0.0,202.43
14919,2024-05-16,10,8,427,1,0.0,176.75
14920,2023-01-07,11,14,131,2,0.0,99.58
14921,2024-01-19,17,18,224,2,0.0,433.46
14922,2024-03-15,4,21,269,2,0.0,310.28
14923,2023-06-02,10,1,390,1,0.0,122.39
14924,2024-07-06,16,20,158,2,0.0,352.08
14925,2023-03-10,9,23,88,1,0.0,202.43
14926,2024-05-15,17,13,186,3,0.0,574.68
14927,2023-08-28,3,3,129,1,0.0,84.52
14928,2023-04-22,20,5,258,1,0.0,33.68
14929,2024-05-27,16,13,89,3,0.1,517.21
14930,2024-03-04,7,6,363,1,0.0,132.1
14931,2023-09-22,19,18,89,2,0.0,433.46
14932,2023-03-26,6,25,70,1,0.0,144.03
14933,2023-07-29,8,7,296,2,0.0,301.46
14934,2024-08-22,17,20,460,1,0.0,176.04
14935,2023-06-13,4,12,161,1,0.0,76.5
14936,2024-07-30,1,21,8,1,0.0,155.14
14937,2024-04-17,4,16,109,1,0.0,99.12
14938,2023-05-22,1,25,149,1,0.0,144.03
14939,2023-10-07,17,10,133,1,0.0,142.75
14940,2023-12-26,16,16,37,1,0.0,99.12
14941,2024-01-08,9,18,57,1,0.0,216.73
14942,2024-04-20,13,10,200,1,0.0,142.75
14943,2023-01-08,10,2,162,2,0.0,29.56
14944,2024-03-03,18,9,302,1,0.0,14.86
14945,2023-08-25,19,1,44,2,0.1,220.3
14946,2023-04-12,13,19,352,2,0.1,239.31
14947,2023-11-21,13,15,252,1,0.0,62.21
14948,2024-11-14,13,25,478,2,0.0,288.06
14949,2024-01-17,16,4,369,2,0.0,441.34
14950,2024-03-19,13,19,206,1,0.0,132.95
14951,2023-09-15,16,9,499,1,0.1,13.37
14952,2024-02-08,2,5,288,1,0.0,33.68
14953,2023-12-17,11,14,436,1,0.15,42.32
14954,2024-10-18,5,2,301,2,0.0,29.56
14955,2024-03-22,10,9,169,2,0.0,29.72
14956,2023-11-25,3,8,252,1,0.0,176.75
14957,2024-01-08,2,2,148,1,0.0,14.78
14958,2024-08-09,20,2,276,1,0.0,14.78
14959,2024-06-15,16,25,271,1,0.0,144.03
14960,2023-05-18,19,21,286,1,0.15,131.87
14961,2024-05-28,16,20,74,1,0.0,176.04
14962,2024-04-24,12,3,154,1,0.0,84.52
14963,2023-10-10,5,4,86,1,0.0,220.67
14964,2023-01-06,14,20,40,1,0.0,176.04
14965,2024-12-04,12,14,355,1,0.0,49.79
14966,2023-02-11,14,5,456,1,0.0,33.68
14967,2024-09-13,6,11,305,1,0.1,9.94
14968,2024-07-03,15,24,402,1,0.0,195.36
14969,2024-11-17,14,5,402,1,0.0,33.68
14970,2024-12-02,13,14,410,1,0.0,49.79
14971,2024-05-05,5,4,157,3,0.15,562.71
14972,2024-02-29,14,25,104,1,0.2,115.22
14973,2024-08-21,2,18,126,2,0.0,433.46
14974,2023-06-16,3,1,132,2,0.0,244.78
14975,2023-09-11,2,4,100,2,0.2,353.07
14976,2023-04-02,18,18,357,1,0.0,216.73
14977,2023-07-14,19,22,421,2,0.0,594.82
14978,2023-09-02,8,1,421,1,0.0,122.39
14979,2023-01-21,3,1,56,2,0.0,244.78
14980,2023-04-25,17,24,135,2,0.15,332.11
14981,2024-11-12,9,2,257,2,0.0,29.56
14982,2024-06-28,11,22,176,1,0.0,297.41
14983,2024-06-19,16,16,164,2,0.0,198.24
14984,2024-01-16,5,14,357,1,0.0,49.79
14985,2023-10-24,12,17,79,1,0.1,104.38
14986,2024-08-06,13,20,54,1,0.0,176.04
14987,2023-12-07,14,1,312,1,0.2,97.91
14988,2024-04-13,9,5,178,1,0.1,30.31
14989,2024-04-10,17,14,109,1,0.2,39.83
14990,2023-11-15,19,17,451,1,0.1,104.38
14991,2024-07-13,7,5,333,1,0.0,33.68
14992,2024-05-28,15,18,365,1,0.0,216.73
14993,2023-04-02,8,16,169,1,0.0,99.12
14994,2023-12-24,14,9,468,1,0.0,14.86
14995,2024-09-24,14,6,499,1,0.0,132.1
14996,2023-09-11,7,2,414,1,0.0,14.78
14997,2024-07-09,19,3,182,1,0.1,76.07
14998,2024-12-28,18,7,224,1,0.0,150.73
14999,2024-11-15,18,7,473,1,0.0,150.73
15000,2023-05-25,11,20,484,1,0.0,176.04
